-- phpMyAdmin SQL Dump
-- version 4.7.7
-- https://www.phpmyadmin.net/
--
-- Хост: localhost
-- Время создания: Мар 01 2018 г., 11:24
-- Версия сервера: 5.7.20-0ubuntu0.16.04.1
-- Версия PHP: 7.0.22-0ubuntu0.16.04.1

SET SQL_MODE = "NO_AUTO_VALUE_ON_ZERO";
SET AUTOCOMMIT = 0;
START TRANSACTION;
SET time_zone = "+00:00";


/*!40101 SET @OLD_CHARACTER_SET_CLIENT=@@CHARACTER_SET_CLIENT */;
/*!40101 SET @OLD_CHARACTER_SET_RESULTS=@@CHARACTER_SET_RESULTS */;
/*!40101 SET @OLD_COLLATION_CONNECTION=@@COLLATION_CONNECTION */;
/*!40101 SET NAMES utf8mb4 */;

--
-- База данных: `nord`
--

-- --------------------------------------------------------

--
-- Структура таблицы `oc_t_admin`
--

CREATE TABLE `oc_t_admin` (
  `pk_i_id` int(10) UNSIGNED NOT NULL,
  `s_name` varchar(100) NOT NULL,
  `s_username` varchar(40) NOT NULL,
  `s_password` char(60) NOT NULL,
  `s_email` varchar(100) DEFAULT NULL,
  `s_secret` varchar(40) DEFAULT NULL,
  `b_moderator` tinyint(1) NOT NULL DEFAULT '0'
) ENGINE=InnoDB DEFAULT CHARSET=utf8;

--
-- Дамп данных таблицы `oc_t_admin`
--

INSERT INTO `oc_t_admin` (`pk_i_id`, `s_name`, `s_username`, `s_password`, `s_email`, `s_secret`, `b_moderator`) VALUES
(1, 'Administrator', 'hostnord', '$2y$15$jzOHGBps1m0HvOt909sAsulLfo94B49A/MWe3gTOH/Uks8KHmwwt2', 'ivinn@mail.ru', '8raciQMm', 0);

-- --------------------------------------------------------

--
-- Структура таблицы `oc_t_alerts`
--

CREATE TABLE `oc_t_alerts` (
  `pk_i_id` int(10) UNSIGNED NOT NULL,
  `s_email` varchar(100) DEFAULT NULL,
  `fk_i_user_id` int(10) UNSIGNED DEFAULT NULL,
  `s_search` longtext,
  `s_secret` varchar(40) DEFAULT NULL,
  `b_active` tinyint(1) NOT NULL DEFAULT '0',
  `e_type` enum('INSTANT','HOURLY','DAILY','WEEKLY','CUSTOM') NOT NULL,
  `dt_date` datetime DEFAULT NULL,
  `dt_unsub_date` datetime DEFAULT NULL
) ENGINE=InnoDB DEFAULT CHARSET=utf8;

-- --------------------------------------------------------

--
-- Структура таблицы `oc_t_alerts_sent`
--

CREATE TABLE `oc_t_alerts_sent` (
  `d_date` date NOT NULL,
  `i_num_alerts_sent` int(10) UNSIGNED NOT NULL DEFAULT '0'
) ENGINE=InnoDB DEFAULT CHARSET=utf8;

-- --------------------------------------------------------

--
-- Структура таблицы `oc_t_ban_rule`
--

CREATE TABLE `oc_t_ban_rule` (
  `pk_i_id` int(10) UNSIGNED NOT NULL,
  `s_name` varchar(250) NOT NULL DEFAULT '',
  `s_ip` varchar(50) NOT NULL DEFAULT '',
  `s_email` varchar(250) NOT NULL DEFAULT ''
) ENGINE=InnoDB DEFAULT CHARSET=utf8;

-- --------------------------------------------------------

--
-- Структура таблицы `oc_t_category`
--

CREATE TABLE `oc_t_category` (
  `pk_i_id` int(10) UNSIGNED NOT NULL,
  `fk_i_parent_id` int(10) UNSIGNED DEFAULT NULL,
  `i_expiration_days` int(3) UNSIGNED NOT NULL DEFAULT '0',
  `i_position` int(2) UNSIGNED NOT NULL DEFAULT '0',
  `b_enabled` tinyint(1) NOT NULL DEFAULT '1',
  `b_price_enabled` tinyint(1) NOT NULL DEFAULT '1',
  `s_icon` varchar(250) DEFAULT NULL
) ENGINE=InnoDB DEFAULT CHARSET=utf8;

--
-- Дамп данных таблицы `oc_t_category`
--

INSERT INTO `oc_t_category` (`pk_i_id`, `fk_i_parent_id`, `i_expiration_days`, `i_position`, `b_enabled`, `b_price_enabled`, `s_icon`) VALUES
(96, NULL, 0, 2, 1, 1, NULL),
(97, NULL, 0, 1, 1, 1, NULL),
(100, NULL, 0, 0, 1, 1, NULL),
(101, 96, 0, 0, 1, 1, NULL),
(102, 100, 0, 0, 1, 1, NULL),
(104, 100, 0, 1, 1, 1, NULL),
(105, 100, 0, 3, 1, 1, NULL),
(106, 100, 0, 4, 1, 1, NULL),
(107, 96, 0, 1, 1, 1, NULL),
(108, 97, 0, 0, 1, 1, NULL),
(110, 97, 0, 1, 1, 1, NULL),
(114, 100, 0, 2, 1, 1, NULL),
(115, 96, 0, 2, 1, 1, NULL),
(116, 100, 0, 5, 1, 1, NULL),
(117, 100, 0, 6, 1, 1, NULL),
(118, 100, 0, 7, 1, 1, NULL),
(119, 100, 0, 8, 1, 1, NULL),
(120, 100, 0, 9, 1, 1, NULL);

-- --------------------------------------------------------

--
-- Структура таблицы `oc_t_category_description`
--

CREATE TABLE `oc_t_category_description` (
  `fk_i_category_id` int(10) UNSIGNED NOT NULL,
  `fk_c_locale_code` char(5) NOT NULL,
  `s_name` varchar(100) DEFAULT NULL,
  `s_description` text,
  `s_slug` varchar(255) NOT NULL
) ENGINE=InnoDB DEFAULT CHARSET=utf8;

--
-- Дамп данных таблицы `oc_t_category_description`
--

INSERT INTO `oc_t_category_description` (`fk_i_category_id`, `fk_c_locale_code`, `s_name`, `s_description`, `s_slug`) VALUES
(96, 'ru_RU', 'Городская недвижимость', '', 'gorodskaya-nedvizhimost'),
(97, 'ru_RU', 'загородная недвижимость', '', 'zagorodnaya-nedvizhimost'),
(100, 'ru_RU', 'коммерческая недвижимость', 'коммерческая недвижимость', 'kommercheskaya-nedvizhimost'),
(101, 'ru_RU', 'Квартиры', '', 'kvartiry'),
(102, 'ru_RU', 'Офисы', 'Офисы', 'ofisy'),
(104, 'ru_RU', 'Торговые помещения', 'Торговые помещения', 'torgovye-pomescheniya'),
(105, 'ru_RU', 'Склады', 'Склады', 'sklady'),
(106, 'ru_RU', 'Производственное помещение', 'производственное помещение', 'proizvodstvennoe-pomeschenie'),
(107, 'ru_RU', 'Комнаты', '', 'komnaty'),
(108, 'ru_RU', 'Участки', '', 'ychastki'),
(110, 'ru_RU', 'Частные дома', 'Частные дома', 'chastnye-doma'),
(114, 'ru_RU', 'Помещения свободного назначения', '', 'pomescheniya-svobodnogo-naznacheniya'),
(115, 'ru_RU', 'Гараж или машиноместо', '', 'garazh-ili-mashinomesto_1'),
(116, 'ru_RU', 'Земельный участок', '', 'zemelnyj-ychastok'),
(117, 'ru_RU', 'Общепит', '', 'obschepit'),
(118, 'ru_RU', 'Автосервис', '', 'avtoservis'),
(119, 'ru_RU', 'Гостиница', '', 'gostinica'),
(120, 'ru_RU', 'Готовый бизнес', '', 'gotovyj-biznes');

-- --------------------------------------------------------

--
-- Структура таблицы `oc_t_category_stats`
--

CREATE TABLE `oc_t_category_stats` (
  `fk_i_category_id` int(10) UNSIGNED NOT NULL,
  `i_num_items` int(10) UNSIGNED NOT NULL DEFAULT '0'
) ENGINE=InnoDB DEFAULT CHARSET=utf8;

--
-- Дамп данных таблицы `oc_t_category_stats`
--

INSERT INTO `oc_t_category_stats` (`fk_i_category_id`, `i_num_items`) VALUES
(96, 4),
(97, 0),
(100, 0),
(101, 4),
(102, 0),
(104, 0),
(105, 0),
(106, 0),
(107, 0),
(108, 0),
(110, 0),
(114, 0),
(115, 0),
(116, 0),
(117, 0),
(118, 0),
(119, 0),
(120, 0);

-- --------------------------------------------------------

--
-- Структура таблицы `oc_t_city`
--

CREATE TABLE `oc_t_city` (
  `pk_i_id` int(10) UNSIGNED NOT NULL,
  `fk_i_region_id` int(10) UNSIGNED NOT NULL,
  `s_name` varchar(60) NOT NULL,
  `s_slug` varchar(60) NOT NULL DEFAULT '',
  `fk_c_country_code` char(2) DEFAULT NULL,
  `b_active` tinyint(1) NOT NULL DEFAULT '1'
) ENGINE=InnoDB DEFAULT CHARSET=utf8;

--
-- Дамп данных таблицы `oc_t_city`
--

INSERT INTO `oc_t_city` (`pk_i_id`, `fk_i_region_id`, `s_name`, `s_slug`, `fk_c_country_code`, `b_active`) VALUES
(407400, 781839, 'Алханай', '%d0%90%d0%bb%d1%85%d0%b0%d0%bd%d0%b0%d0%b9', 'ru', 1),
(407401, 781839, 'Новоорловск', '%d0%9d%d0%be%d0%b2%d0%be%d0%be%d1%80%d0%bb%d0%be%d0%b2%d1%81', 'ru', 1),
(407402, 781839, 'Орловский', '%d0%9e%d1%80%d0%bb%d0%be%d0%b2%d1%81%d0%ba%d0%b8%d0%b9', 'ru', 1),
(407403, 781839, 'Токчин', '%d0%a2%d0%be%d0%ba%d1%87%d0%b8%d0%bd', 'ru', 1),
(407404, 781840, 'Баево', '%d0%91%d0%b0%d0%b5%d0%b2%d0%be', 'ru', 1),
(407405, 781840, 'Благовещенка', '%d0%91%d0%bb%d0%b0%d0%b3%d0%be%d0%b2%d0%b5%d1%89%d0%b5%d0%bd', 'ru', 1),
(407406, 781840, 'Быстрый Исток', '%d0%91%d1%8b%d1%81%d1%82%d1%80%d1%8b%d0%b9-%d0%98%d1%81%d1%8', 'ru', 1),
(407407, 781840, 'Верх-Суетка', '%d0%92%d0%b5%d1%80%d1%85-%d0%a1%d1%83%d0%b5%d1%82%d0%ba%d0%b', 'ru', 1),
(407408, 781840, 'Волчиха', '%d0%92%d0%be%d0%bb%d1%87%d0%b8%d1%85%d0%b0', 'ru', 1),
(407409, 781840, 'Восточный', '%d0%92%d0%be%d1%81%d1%82%d0%be%d1%87%d0%bd%d1%8b%d0%b9', 'ru', 1),
(407410, 781840, 'Гальбштадт', '%d0%93%d0%b0%d0%bb%d1%8c%d0%b1%d1%88%d1%82%d0%b0%d0%b4%d1%82', 'ru', 1),
(407411, 781840, 'Горняк', '%d0%93%d0%be%d1%80%d0%bd%d1%8f%d0%ba', 'ru', 1),
(407412, 781840, 'Ельцовка', '%d0%95%d0%bb%d1%8c%d1%86%d0%be%d0%b2%d0%ba%d0%b0', 'ru', 1),
(407413, 781840, 'Завьялово', '%d0%97%d0%b0%d0%b2%d1%8c%d1%8f%d0%bb%d0%be%d0%b2%d0%be', 'ru', 1),
(407414, 781840, 'Затон', '%d0%97%d0%b0%d1%82%d0%be%d0%bd', 'ru', 1),
(407415, 781840, 'Зональное', '%d0%97%d0%be%d0%bd%d0%b0%d0%bb%d1%8c%d0%bd%d0%be%d0%b5', 'ru', 1),
(407416, 781840, 'Кадниково', '%d0%9a%d0%b0%d0%b4%d0%bd%d0%b8%d0%ba%d0%be%d0%b2%d0%be', 'ru', 1),
(407417, 781840, 'Калманка', '%d0%9a%d0%b0%d0%bb%d0%bc%d0%b0%d0%bd%d0%ba%d0%b0', 'ru', 1),
(407418, 781840, 'Ключи', '%d0%9a%d0%bb%d1%8e%d1%87%d0%b8', 'ru', 1),
(407419, 781840, 'Косиха', '%d0%9a%d0%be%d1%81%d0%b8%d1%85%d0%b0', 'ru', 1),
(407420, 781840, 'Красногорское', '%d0%9a%d1%80%d0%b0%d1%81%d0%bd%d0%be%d0%b3%d0%be%d1%80%d1%81', 'ru', 1),
(407421, 781840, 'Курья', '%d0%9a%d1%83%d1%80%d1%8c%d1%8f', 'ru', 1),
(407422, 781840, 'Мамонтово', '%d0%9c%d0%b0%d0%bc%d0%be%d0%bd%d1%82%d0%be%d0%b2%d0%be', 'ru', 1),
(407423, 781840, 'Михайловское', '%d0%9c%d0%b8%d1%85%d0%b0%d0%b9%d0%bb%d0%be%d0%b2%d1%81%d0%ba', 'ru', 1),
(407424, 781840, 'Новоегорьевское', '%d0%9d%d0%be%d0%b2%d0%be%d0%b5%d0%b3%d0%be%d1%80%d1%8c%d0%b5', 'ru', 1),
(407425, 781840, 'Октябрьский', '%d0%9e%d0%ba%d1%82%d1%8f%d0%b1%d1%80%d1%8c%d1%81%d0%ba%d0%b8', 'ru', 1),
(407426, 781840, 'Павловск', '%d0%9f%d0%b0%d0%b2%d0%bb%d0%be%d0%b2%d1%81%d0%ba', 'ru', 1),
(407427, 781840, 'Первомайский', '%d0%9f%d0%b5%d1%80%d0%b2%d0%be%d0%bc%d0%b0%d0%b9%d1%81%d0%ba', 'ru', 1),
(407428, 781840, 'Петропавловское', '%d0%9f%d0%b5%d1%82%d1%80%d0%be%d0%bf%d0%b0%d0%b2%d0%bb%d0%be', 'ru', 1),
(407429, 781840, 'Подсосново', '%d0%9f%d0%be%d0%b4%d1%81%d0%be%d1%81%d0%bd%d0%be%d0%b2%d0%be', 'ru', 1),
(407430, 781840, 'Поспелиха', '%d0%9f%d0%be%d1%81%d0%bf%d0%b5%d0%bb%d0%b8%d1%85%d0%b0', 'ru', 1),
(407431, 781840, 'Прутской', '%d0%9f%d1%80%d1%83%d1%82%d1%81%d0%ba%d0%be%d0%b9', 'ru', 1),
(407432, 781840, 'Рассказиха', '%d0%a0%d0%b0%d1%81%d1%81%d0%ba%d0%b0%d0%b7%d0%b8%d1%85%d0%b0', 'ru', 1),
(407433, 781840, 'Ребриха', '%d0%a0%d0%b5%d0%b1%d1%80%d0%b8%d1%85%d0%b0', 'ru', 1),
(407434, 781840, 'Родино', '%d0%a0%d0%be%d0%b4%d0%b8%d0%bd%d0%be', 'ru', 1),
(407435, 781840, 'Романово', '%d0%a0%d0%be%d0%bc%d0%b0%d0%bd%d0%be%d0%b2%d0%be', 'ru', 1),
(407436, 781840, 'Советское', '%d0%a1%d0%be%d0%b2%d0%b5%d1%82%d1%81%d0%ba%d0%be%d0%b5', 'ru', 1),
(407437, 781840, 'Среднесибирский', '%d0%a1%d1%80%d0%b5%d0%b4%d0%bd%d0%b5%d1%81%d0%b8%d0%b1%d0%b8', 'ru', 1),
(407438, 781840, 'Степное Озеро', '%d0%a1%d1%82%d0%b5%d0%bf%d0%bd%d0%be%d0%b5-%d0%9e%d0%b7%d0%b', 'ru', 1),
(407439, 781840, 'Тальменка', '%d0%a2%d0%b0%d0%bb%d1%8c%d0%bc%d0%b5%d0%bd%d0%ba%d0%b0', 'ru', 1),
(407440, 781840, 'Троицкое', '%d0%a2%d1%80%d0%be%d0%b8%d1%86%d0%ba%d0%be%d0%b5', 'ru', 1),
(407441, 781840, 'Целинное', '%d0%a6%d0%b5%d0%bb%d0%b8%d0%bd%d0%bd%d0%be%d0%b5', 'ru', 1),
(407442, 781840, 'Черемное', '%d0%a7%d0%b5%d1%80%d0%b5%d0%bc%d0%bd%d0%be%d0%b5', 'ru', 1),
(407443, 781840, 'Шипуново', '%d0%a8%d0%b8%d0%bf%d1%83%d0%bd%d0%be%d0%b2%d0%be', 'ru', 1),
(407444, 781840, 'Южный', '%d0%ae%d0%b6%d0%bd%d1%8b%d0%b9', 'ru', 1),
(407445, 781840, 'Солтон', '%d0%a1%d0%be%d0%bb%d1%82%d0%be%d0%bd', 'ru', 1),
(407446, 781840, 'Зудилово', '%d0%97%d1%83%d0%b4%d0%b8%d0%bb%d0%be%d0%b2%d0%be', 'ru', 1),
(407447, 781840, 'Чарышское', '%d0%a7%d0%b0%d1%80%d1%8b%d1%88%d1%81%d0%ba%d0%be%d0%b5', 'ru', 1),
(407448, 781840, 'Табуны', '%d0%a2%d0%b0%d0%b1%d1%83%d0%bd%d1%8b', 'ru', 1),
(407449, 781840, 'Кытманово', '%d0%9a%d1%8b%d1%82%d0%bc%d0%b0%d0%bd%d0%be%d0%b2%d0%be', 'ru', 1),
(407450, 781840, 'Крутиха', '%d0%9a%d1%80%d1%83%d1%82%d0%b8%d1%85%d0%b0', 'ru', 1),
(407451, 781840, 'Шелаболиха', '%d0%a8%d0%b5%d0%bb%d0%b0%d0%b1%d0%be%d0%bb%d0%b8%d1%85%d0%b0', 'ru', 1),
(407452, 781840, 'Новичиха', '%d0%9d%d0%be%d0%b2%d0%b8%d1%87%d0%b8%d1%85%d0%b0', 'ru', 1),
(407453, 781840, 'Бурла', '%d0%91%d1%83%d1%80%d0%bb%d0%b0', 'ru', 1),
(407454, 781840, 'Солонешное', '%d0%a1%d0%be%d0%bb%d0%be%d0%bd%d0%b5%d1%88%d0%bd%d0%be%d0%b5', 'ru', 1),
(407455, 781840, 'Угловское', '%d0%a3%d0%b3%d0%bb%d0%be%d0%b2%d1%81%d0%ba%d0%be%d0%b5', 'ru', 1),
(407456, 781840, 'Тогул', '%d0%a2%d0%be%d0%b3%d1%83%d0%bb', 'ru', 1),
(407457, 781840, 'Шебалино', '%d0%a8%d0%b5%d0%b1%d0%b0%d0%bb%d0%b8%d0%bd%d0%be', 'ru', 1),
(407458, 781840, 'Староалейское', '%d0%a1%d1%82%d0%b0%d1%80%d0%be%d0%b0%d0%bb%d0%b5%d0%b9%d1%81', 'ru', 1),
(407459, 781840, 'Панкрушиха', '%d0%9f%d0%b0%d0%bd%d0%ba%d1%80%d1%83%d1%88%d0%b8%d1%85%d0%b0', 'ru', 1),
(407460, 781840, 'Веселоярск', '%d0%92%d0%b5%d1%81%d0%b5%d0%bb%d0%be%d1%8f%d1%80%d1%81%d0%ba', 'ru', 1),
(407461, 781840, 'Краснощеково', '%d0%9a%d1%80%d0%b0%d1%81%d0%bd%d0%be%d1%89%d0%b5%d0%ba%d0%be', 'ru', 1),
(407462, 781840, 'Усть-Чарышская Пристань', '%d0%a3%d1%81%d1%82%d1%8c-%d0%a7%d0%b0%d1%80%d1%8b%d1%88%d1%8', 'ru', 1),
(407463, 781840, 'Тюменцево', '%d0%a2%d1%8e%d0%bc%d0%b5%d0%bd%d1%86%d0%b5%d0%b2%d0%be', 'ru', 1),
(407464, 781840, 'Хабары', '%d0%a5%d0%b0%d0%b1%d0%b0%d1%80%d1%8b', 'ru', 1),
(407465, 781840, 'Усть-Калманка', '%d0%a3%d1%81%d1%82%d1%8c-%d0%9a%d0%b0%d0%bb%d0%bc%d0%b0%d0%b', 'ru', 1),
(407466, 781840, 'Залесово', '%d0%97%d0%b0%d0%bb%d0%b5%d1%81%d0%be%d0%b2%d0%be', 'ru', 1),
(407467, 781840, 'Топчиха', '%d0%a2%d0%be%d0%bf%d1%87%d0%b8%d1%85%d0%b0', 'ru', 1),
(407468, 781840, 'Смоленское', '%d0%a1%d0%bc%d0%be%d0%bb%d0%b5%d0%bd%d1%81%d0%ba%d0%be%d0%b5', 'ru', 1),
(407469, 781840, 'Белоярск', '%d0%91%d0%b5%d0%bb%d0%be%d1%8f%d1%80%d1%81%d0%ba', 'ru', 1),
(407470, 781840, 'Змеиногорск', '%d0%97%d0%bc%d0%b5%d0%b8%d0%bd%d0%be%d0%b3%d0%be%d1%80%d1%81', 'ru', 1),
(407471, 781840, 'Сибирский', '%d0%a1%d0%b8%d0%b1%d0%b8%d1%80%d1%81%d0%ba%d0%b8%d0%b9', 'ru', 1),
(407472, 781840, 'Алтайское', '%d0%90%d0%bb%d1%82%d0%b0%d0%b9%d1%81%d0%ba%d0%be%d0%b5', 'ru', 1),
(407473, 781840, 'Белокуриха', '%d0%91%d0%b5%d0%bb%d0%be%d0%ba%d1%83%d1%80%d0%b8%d1%85%d0%b0', 'ru', 1),
(407474, 781840, 'Новосиликатный', '%d0%9d%d0%be%d0%b2%d0%be%d1%81%d0%b8%d0%bb%d0%b8%d0%ba%d0%b0', 'ru', 1),
(407475, 781840, 'Кулунда', '%d0%9a%d1%83%d0%bb%d1%83%d0%bd%d0%b4%d0%b0', 'ru', 1),
(407476, 781840, 'Яровое', '%d0%af%d1%80%d0%be%d0%b2%d0%be%d0%b5', 'ru', 1),
(407477, 781840, 'Алейск', '%d0%90%d0%bb%d0%b5%d0%b9%d1%81%d0%ba', 'ru', 1),
(407478, 781840, 'Славгород', '%d0%a1%d0%bb%d0%b0%d0%b2%d0%b3%d0%be%d1%80%d0%be%d0%b4', 'ru', 1),
(407479, 781840, 'Камень-На-Оби', '%d0%9a%d0%b0%d0%bc%d0%b5%d0%bd%d1%8c-%d0%9d%d0%b0-%d0%9e%d0%', 'ru', 1),
(407480, 781840, 'Заринск', '%d0%97%d0%b0%d1%80%d0%b8%d0%bd%d1%81%d0%ba', 'ru', 1),
(407481, 781840, 'Новоалтайск', '%d0%9d%d0%be%d0%b2%d0%be%d0%b0%d0%bb%d1%82%d0%b0%d0%b9%d1%81', 'ru', 1),
(407482, 781840, 'Рубцовск', '%d0%a0%d1%83%d0%b1%d1%86%d0%be%d0%b2%d1%81%d0%ba', 'ru', 1),
(407483, 781840, 'Бийск', '%d0%91%d0%b8%d0%b9%d1%81%d0%ba', 'ru', 1),
(407484, 781840, 'Барнаул', '%d0%91%d0%b0%d1%80%d0%bd%d0%b0%d1%83%d0%bb', 'ru', 1),
(407485, 781841, 'Возжаевка', '%d0%92%d0%be%d0%b7%d0%b6%d0%b0%d0%b5%d0%b2%d0%ba%d0%b0', 'ru', 1),
(407486, 781841, 'Ивановка', '%d0%98%d0%b2%d0%b0%d0%bd%d0%be%d0%b2%d0%ba%d0%b0', 'ru', 1),
(407487, 781841, 'Константиновка', '%d0%9a%d0%be%d0%bd%d1%81%d1%82%d0%b0%d0%bd%d1%82%d0%b8%d0%bd', 'ru', 1),
(407488, 781841, 'Поярково', '%d0%9f%d0%be%d1%8f%d1%80%d0%ba%d0%be%d0%b2%d0%be', 'ru', 1),
(407489, 781841, 'Прогресс', '%d0%9f%d1%80%d0%be%d0%b3%d1%80%d0%b5%d1%81%d1%81', 'ru', 1),
(407490, 781841, 'Свободный', '%d0%a1%d0%b2%d0%be%d0%b1%d0%be%d0%b4%d0%bd%d1%8b%d0%b9', 'ru', 1),
(407491, 781841, 'Талакан', '%d0%a2%d0%b0%d0%bb%d0%b0%d0%ba%d0%b0%d0%bd', 'ru', 1),
(407492, 781841, 'Тамбовка', '%d0%a2%d0%b0%d0%bc%d0%b1%d0%be%d0%b2%d0%ba%d0%b0', 'ru', 1),
(407493, 781841, 'Бурея', '%d0%91%d1%83%d1%80%d0%b5%d1%8f', 'ru', 1),
(407494, 781841, 'Ерофей Павлович', '%d0%95%d1%80%d0%be%d1%84%d0%b5%d0%b9-%d0%9f%d0%b0%d0%b2%d0%b', 'ru', 1),
(407495, 781841, 'Среднебелая', '%d0%a1%d1%80%d0%b5%d0%b4%d0%bd%d0%b5%d0%b1%d0%b5%d0%bb%d0%b0', 'ru', 1),
(407496, 781841, 'Новобурейский', '%d0%9d%d0%be%d0%b2%d0%be%d0%b1%d1%83%d1%80%d0%b5%d0%b9%d1%81', 'ru', 1),
(407497, 781841, 'Сковородино', '%d0%a1%d0%ba%d0%be%d0%b2%d0%be%d1%80%d0%be%d0%b4%d0%b8%d0%bd', 'ru', 1),
(407498, 781841, 'Екатеринославка', '%d0%95%d0%ba%d0%b0%d1%82%d0%b5%d1%80%d0%b8%d0%bd%d0%be%d1%81', 'ru', 1),
(407499, 781841, 'Архара', '%d0%90%d1%80%d1%85%d0%b0%d1%80%d0%b0', 'ru', 1),
(407500, 781841, 'Магдагачи', '%d0%9c%d0%b0%d0%b3%d0%b4%d0%b0%d0%b3%d0%b0%d1%87%d0%b8', 'ru', 1),
(407501, 781841, 'Серышево', '%d0%a1%d0%b5%d1%80%d1%8b%d1%88%d0%b5%d0%b2%d0%be', 'ru', 1),
(407502, 781841, 'Углегорск', '%d0%a3%d0%b3%d0%bb%d0%b5%d0%b3%d0%be%d1%80%d1%81%d0%ba', 'ru', 1),
(407503, 781841, 'Завитинск', '%d0%97%d0%b0%d0%b2%d0%b8%d1%82%d0%b8%d0%bd%d1%81%d0%ba', 'ru', 1),
(407504, 781841, 'Шимановск', '%d0%a8%d0%b8%d0%bc%d0%b0%d0%bd%d0%be%d0%b2%d1%81%d0%ba', 'ru', 1),
(407505, 781841, 'Райчихинск', '%d0%a0%d0%b0%d0%b9%d1%87%d0%b8%d1%85%d0%b8%d0%bd%d1%81%d0%ba', 'ru', 1),
(407506, 781841, 'Зея', '%d0%97%d0%b5%d1%8f', 'ru', 1),
(407507, 781841, 'Тында', '%d0%a2%d1%8b%d0%bd%d0%b4%d0%b0', 'ru', 1),
(407508, 781841, 'Белогорск', '%d0%91%d0%b5%d0%bb%d0%be%d0%b3%d0%be%d1%80%d1%81%d0%ba', 'ru', 1),
(407509, 781841, 'Благовещенск', '%d0%91%d0%bb%d0%b0%d0%b3%d0%be%d0%b2%d0%b5%d1%89%d0%b5%d0%bd', 'ru', 1),
(407510, 781842, 'Архангельск', '%d0%90%d1%80%d1%85%d0%b0%d0%bd%d0%b3%d0%b5%d0%bb%d1%8c%d1%81', 'ru', 1),
(407511, 781842, 'Березник', '%d0%91%d0%b5%d1%80%d0%b5%d0%b7%d0%bd%d0%b8%d0%ba', 'ru', 1),
(407512, 781842, 'Каргополь', '%d0%9a%d0%b0%d1%80%d0%b3%d0%be%d0%bf%d0%be%d0%bb%d1%8c', 'ru', 1),
(407513, 781842, 'Красноборск', '%d0%9a%d1%80%d0%b0%d1%81%d0%bd%d0%be%d0%b1%d0%be%d1%80%d1%81', 'ru', 1),
(407514, 781842, 'Мирный', '%d0%9c%d0%b8%d1%80%d0%bd%d1%8b%d0%b9', 'ru', 1),
(407515, 781842, 'Октябрьский', '%d0%9e%d0%ba%d1%82%d1%8f%d0%b1%d1%80%d1%8c%d1%81%d0%ba%d0%b8', 'ru', 1),
(407516, 781842, 'Савинский', '%d0%a1%d0%b0%d0%b2%d0%b8%d0%bd%d1%81%d0%ba%d0%b8%d0%b9', 'ru', 1),
(407517, 781842, 'Североонежск', '%d0%a1%d0%b5%d0%b2%d0%b5%d1%80%d0%be%d0%be%d0%bd%d0%b5%d0%b6', 'ru', 1),
(407518, 781842, 'Лешуконское', '%d0%9b%d0%b5%d1%88%d1%83%d0%ba%d0%be%d0%bd%d1%81%d0%ba%d0%be', 'ru', 1),
(407519, 781842, 'Шенкурск', '%d0%a8%d0%b5%d0%bd%d0%ba%d1%83%d1%80%d1%81%d0%ba', 'ru', 1),
(407520, 781842, 'Искателей', '%d0%98%d1%81%d0%ba%d0%b0%d1%82%d0%b5%d0%bb%d0%b5%d0%b9', 'ru', 1),
(407521, 781842, 'Кулой', '%d0%9a%d1%83%d0%bb%d0%be%d0%b9', 'ru', 1),
(407522, 781842, 'Плесецк', '%d0%9f%d0%bb%d0%b5%d1%81%d0%b5%d1%86%d0%ba', 'ru', 1),
(407523, 781842, 'Коноша', '%d0%9a%d0%be%d0%bd%d0%be%d1%88%d0%b0', 'ru', 1),
(407524, 781842, 'Вычегодский', '%d0%92%d1%8b%d1%87%d0%b5%d0%b3%d0%be%d0%b4%d1%81%d0%ba%d0%b8', 'ru', 1),
(407525, 781842, 'Нарьян-Мар', '%d0%9d%d0%b0%d1%80%d1%8c%d1%8f%d0%bd-%d0%9c%d0%b0%d1%80', 'ru', 1),
(407526, 781842, 'Няндома', '%d0%9d%d1%8f%d0%bd%d0%b4%d0%be%d0%bc%d0%b0', 'ru', 1),
(407527, 781842, 'Онега', '%d0%9e%d0%bd%d0%b5%d0%b3%d0%b0', 'ru', 1),
(407528, 781842, 'Вельск', '%d0%92%d0%b5%d0%bb%d1%8c%d1%81%d0%ba', 'ru', 1),
(407529, 781842, 'Коряжма', '%d0%9a%d0%be%d1%80%d1%8f%d0%b6%d0%bc%d0%b0', 'ru', 1),
(407530, 781842, 'Новодвинск', '%d0%9d%d0%be%d0%b2%d0%be%d0%b4%d0%b2%d0%b8%d0%bd%d1%81%d0%ba', 'ru', 1),
(407531, 781842, 'Котлас', '%d0%9a%d0%be%d1%82%d0%bb%d0%b0%d1%81', 'ru', 1),
(407532, 781842, 'Северодвинск', '%d0%a1%d0%b5%d0%b2%d0%b5%d1%80%d0%be%d0%b4%d0%b2%d0%b8%d0%bd', 'ru', 1),
(407533, 781843, 'Володарский', '%d0%92%d0%be%d0%bb%d0%be%d0%b4%d0%b0%d1%80%d1%81%d0%ba%d0%b8', 'ru', 1),
(407534, 781843, 'Камызяк', '%d0%9a%d0%b0%d0%bc%d1%8b%d0%b7%d1%8f%d0%ba', 'ru', 1),
(407535, 781843, 'Капустин Яр', '%d0%9a%d0%b0%d0%bf%d1%83%d1%81%d1%82%d0%b8%d0%bd-%d0%af%d1%8', 'ru', 1),
(407536, 781843, 'Красный Яр', '%d0%9a%d1%80%d0%b0%d1%81%d0%bd%d1%8b%d0%b9-%d0%af%d1%80', 'ru', 1),
(407537, 781843, 'Лиман', '%d0%9b%d0%b8%d0%bc%d0%b0%d0%bd', 'ru', 1),
(407538, 781843, 'Никольское', '%d0%9d%d0%b8%d0%ba%d0%be%d0%bb%d1%8c%d1%81%d0%ba%d0%be%d0%b5', 'ru', 1),
(407539, 781843, 'Черный Яр', '%d0%a7%d0%b5%d1%80%d0%bd%d1%8b%d0%b9-%d0%af%d1%80', 'ru', 1),
(407540, 781843, 'Старокучергановка', '%d0%a1%d1%82%d0%b0%d1%80%d0%be%d0%ba%d1%83%d1%87%d0%b5%d1%80', 'ru', 1),
(407541, 781843, 'Красные Баррикады', '%d0%9a%d1%80%d0%b0%d1%81%d0%bd%d1%8b%d0%b5-%d0%91%d0%b0%d1%8', 'ru', 1),
(407542, 781843, 'Енотаевка', '%d0%95%d0%bd%d0%be%d1%82%d0%b0%d0%b5%d0%b2%d0%ba%d0%b0', 'ru', 1),
(407543, 781843, 'Верхний Баскунчак', '%d0%92%d0%b5%d1%80%d1%85%d0%bd%d0%b8%d0%b9-%d0%91%d0%b0%d1%8', 'ru', 1),
(407544, 781843, 'Икряное', '%d0%98%d0%ba%d1%80%d1%8f%d0%bd%d0%be%d0%b5', 'ru', 1),
(407545, 781843, 'Нариманов', '%d0%9d%d0%b0%d1%80%d0%b8%d0%bc%d0%b0%d0%bd%d0%be%d0%b2', 'ru', 1),
(407546, 781843, 'Харабали', '%d0%a5%d0%b0%d1%80%d0%b0%d0%b1%d0%b0%d0%bb%d0%b8', 'ru', 1),
(407547, 781843, 'Знаменск', '%d0%97%d0%bd%d0%b0%d0%bc%d0%b5%d0%bd%d1%81%d0%ba', 'ru', 1),
(407548, 781843, 'Ахтубинск', '%d0%90%d1%85%d1%82%d1%83%d0%b1%d0%b8%d0%bd%d1%81%d0%ba', 'ru', 1),
(407549, 781843, 'Астрахань', '%d0%90%d1%81%d1%82%d1%80%d0%b0%d1%85%d0%b0%d0%bd%d1%8c', 'ru', 1),
(407550, 781844, 'Алексеевка', '%d0%90%d0%bb%d0%b5%d0%ba%d1%81%d0%b5%d0%b5%d0%b2%d0%ba%d0%b0', 'ru', 1),
(407551, 781844, 'Белгород', '%d0%91%d0%b5%d0%bb%d0%b3%d0%be%d1%80%d0%be%d0%b4', 'ru', 1),
(407552, 781844, 'Бирюч', '%d0%91%d0%b8%d1%80%d1%8e%d1%87', 'ru', 1),
(407553, 781844, 'Борисовка', '%d0%91%d0%be%d1%80%d0%b8%d1%81%d0%be%d0%b2%d0%ba%d0%b0', 'ru', 1),
(407554, 781844, 'Валуйки', '%d0%92%d0%b0%d0%bb%d1%83%d0%b9%d0%ba%d0%b8', 'ru', 1),
(407555, 781844, 'Волоконовка', '%d0%92%d0%be%d0%bb%d0%be%d0%ba%d0%be%d0%bd%d0%be%d0%b2%d0%ba', 'ru', 1),
(407556, 781844, 'Губкин', '%d0%93%d1%83%d0%b1%d0%ba%d0%b8%d0%bd', 'ru', 1),
(407557, 781844, 'Майский', '%d0%9c%d0%b0%d0%b9%d1%81%d0%ba%d0%b8%d0%b9', 'ru', 1),
(407558, 781844, 'Октябрьский', '%d0%9e%d0%ba%d1%82%d1%8f%d0%b1%d1%80%d1%8c%d1%81%d0%ba%d0%b8', 'ru', 1),
(407559, 781844, 'Пролетарский', '%d0%9f%d1%80%d0%be%d0%bb%d0%b5%d1%82%d0%b0%d1%80%d1%81%d0%ba', 'ru', 1),
(407560, 781844, 'Прохоровка', '%d0%9f%d1%80%d0%be%d1%85%d0%be%d1%80%d0%be%d0%b2%d0%ba%d0%b0', 'ru', 1),
(407561, 781844, 'Разумное', '%d0%a0%d0%b0%d0%b7%d1%83%d0%bc%d0%bd%d0%be%d0%b5', 'ru', 1),
(407562, 781844, 'Ракитное', '%d0%a0%d0%b0%d0%ba%d0%b8%d1%82%d0%bd%d0%be%d0%b5', 'ru', 1),
(407563, 781844, 'Ровеньки', '%d0%a0%d0%be%d0%b2%d0%b5%d0%bd%d1%8c%d0%ba%d0%b8', 'ru', 1),
(407564, 781844, 'Северный', '%d0%a1%d0%b5%d0%b2%d0%b5%d1%80%d0%bd%d1%8b%d0%b9', 'ru', 1),
(407565, 781844, 'Вейделевка', '%d0%92%d0%b5%d0%b9%d0%b4%d0%b5%d0%bb%d0%b5%d0%b2%d0%ba%d0%b0', 'ru', 1),
(407566, 781844, 'Ивня', '%d0%98%d0%b2%d0%bd%d1%8f', 'ru', 1),
(407567, 781844, 'Томаровка', '%d0%a2%d0%be%d0%bc%d0%b0%d1%80%d0%be%d0%b2%d0%ba%d0%b0', 'ru', 1),
(407568, 781844, 'Красная Яруга', '%d0%9a%d1%80%d0%b0%d1%81%d0%bd%d0%b0%d1%8f-%d0%af%d1%80%d1%8', 'ru', 1),
(407569, 781844, 'Чернянка', '%d0%a7%d0%b5%d1%80%d0%bd%d1%8f%d0%bd%d0%ba%d0%b0', 'ru', 1),
(407570, 781844, 'Строитель', '%d0%a1%d1%82%d1%80%d0%be%d0%b8%d1%82%d0%b5%d0%bb%d1%8c', 'ru', 1),
(407571, 781844, 'Новый Оскол', '%d0%9d%d0%be%d0%b2%d1%8b%d0%b9-%d0%9e%d1%81%d0%ba%d0%be%d0%b', 'ru', 1),
(407572, 781844, 'Шебекино', '%d0%a8%d0%b5%d0%b1%d0%b5%d0%ba%d0%b8%d0%bd%d0%be', 'ru', 1),
(407573, 781844, 'Старый Оскол', '%d0%a1%d1%82%d0%b0%d1%80%d1%8b%d0%b9-%d0%9e%d1%81%d0%ba%d0%b', 'ru', 1),
(407574, 781845, 'Белые Берега', '%d0%91%d0%b5%d0%bb%d1%8b%d0%b5-%d0%91%d0%b5%d1%80%d0%b5%d0%b', 'ru', 1),
(407575, 781845, 'Брянск', '%d0%91%d1%80%d1%8f%d0%bd%d1%81%d0%ba', 'ru', 1),
(407576, 781845, 'Дубровка', '%d0%94%d1%83%d0%b1%d1%80%d0%be%d0%b2%d0%ba%d0%b0', 'ru', 1),
(407577, 781845, 'Жуковка', '%d0%96%d1%83%d0%ba%d0%be%d0%b2%d0%ba%d0%b0', 'ru', 1),
(407578, 781845, 'Климово', '%d0%9a%d0%bb%d0%b8%d0%bc%d0%be%d0%b2%d0%be', 'ru', 1),
(407579, 781845, 'Клинцы', '%d0%9a%d0%bb%d0%b8%d0%bd%d1%86%d1%8b', 'ru', 1),
(407580, 781845, 'Локоть', '%d0%9b%d0%be%d0%ba%d0%be%d1%82%d1%8c', 'ru', 1),
(407581, 781845, 'Почеп', '%d0%9f%d0%be%d1%87%d0%b5%d0%bf', 'ru', 1),
(407582, 781845, 'Севск', '%d0%a1%d0%b5%d0%b2%d1%81%d0%ba', 'ru', 1),
(407583, 781845, 'Сельцо', '%d0%a1%d0%b5%d0%bb%d1%8c%d1%86%d0%be', 'ru', 1),
(407584, 781845, 'Трубчевск', '%d0%a2%d1%80%d1%83%d0%b1%d1%87%d0%b5%d0%b2%d1%81%d0%ba', 'ru', 1),
(407585, 781845, 'Фокино', '%d0%a4%d0%be%d0%ba%d0%b8%d0%bd%d0%be', 'ru', 1),
(407586, 781845, 'Комаричи', '%d0%9a%d0%be%d0%bc%d0%b0%d1%80%d0%b8%d1%87%d0%b8', 'ru', 1),
(407587, 781845, 'Супонево', '%d0%a1%d1%83%d0%bf%d0%be%d0%bd%d0%b5%d0%b2%d0%be', 'ru', 1),
(407588, 781845, 'Мглин', '%d0%9c%d0%b3%d0%bb%d0%b8%d0%bd', 'ru', 1),
(407589, 781845, 'Суземка', '%d0%a1%d1%83%d0%b7%d0%b5%d0%bc%d0%ba%d0%b0', 'ru', 1),
(407590, 781845, 'Погар', '%d0%9f%d0%be%d0%b3%d0%b0%d1%80', 'ru', 1),
(407591, 781845, 'Сураж', '%d0%a1%d1%83%d1%80%d0%b0%d0%b6', 'ru', 1),
(407592, 781845, 'Клетня', '%d0%9a%d0%bb%d0%b5%d1%82%d0%bd%d1%8f', 'ru', 1),
(407593, 781845, 'Навля', '%d0%9d%d0%b0%d0%b2%d0%bb%d1%8f', 'ru', 1),
(407594, 781845, 'Стародуб', '%d0%a1%d1%82%d0%b0%d1%80%d0%be%d0%b4%d1%83%d0%b1', 'ru', 1),
(407595, 781845, 'Карачев', '%d0%9a%d0%b0%d1%80%d0%b0%d1%87%d0%b5%d0%b2', 'ru', 1),
(407596, 781845, 'Унеча', '%d0%a3%d0%bd%d0%b5%d1%87%d0%b0', 'ru', 1),
(407597, 781845, 'Дятьково', '%d0%94%d1%8f%d1%82%d1%8c%d0%ba%d0%be%d0%b2%d0%be', 'ru', 1),
(407598, 781845, 'Новозыбков', '%d0%9d%d0%be%d0%b2%d0%be%d0%b7%d1%8b%d0%b1%d0%ba%d0%be%d0%b2', 'ru', 1),
(407599, 781846, 'Александров', '%d0%90%d0%bb%d0%b5%d0%ba%d1%81%d0%b0%d0%bd%d0%b4%d1%80%d0%be', 'ru', 1),
(407600, 781846, 'Владимир', '%d0%92%d0%bb%d0%b0%d0%b4%d0%b8%d0%bc%d0%b8%d1%80', 'ru', 1),
(407601, 781846, 'Вязники', '%d0%92%d1%8f%d0%b7%d0%bd%d0%b8%d0%ba%d0%b8', 'ru', 1),
(407602, 781846, 'Гороховец', '%d0%93%d0%be%d1%80%d0%be%d1%85%d0%be%d0%b2%d0%b5%d1%86', 'ru', 1),
(407603, 781846, 'Камешково', '%d0%9a%d0%b0%d0%bc%d0%b5%d1%88%d0%ba%d0%be%d0%b2%d0%be', 'ru', 1),
(407604, 781846, 'Карабаново', '%d0%9a%d0%b0%d1%80%d0%b0%d0%b1%d0%b0%d0%bd%d0%be%d0%b2%d0%be', 'ru', 1),
(407605, 781846, 'Киржач', '%d0%9a%d0%b8%d1%80%d0%b6%d0%b0%d1%87', 'ru', 1),
(407606, 781846, 'Меленки', '%d0%9c%d0%b5%d0%bb%d0%b5%d0%bd%d0%ba%d0%b8', 'ru', 1),
(407607, 781846, 'Муром', '%d0%9c%d1%83%d1%80%d0%be%d0%bc', 'ru', 1),
(407608, 781846, 'Петушки', '%d0%9f%d0%b5%d1%82%d1%83%d1%88%d0%ba%d0%b8', 'ru', 1),
(407609, 781846, 'Покров', '%d0%9f%d0%be%d0%ba%d1%80%d0%be%d0%b2', 'ru', 1),
(407610, 781846, 'Струнино', '%d0%a1%d1%82%d1%80%d1%83%d0%bd%d0%b8%d0%bd%d0%be', 'ru', 1),
(407611, 781846, 'Суздаль', '%d0%a1%d1%83%d0%b7%d0%b4%d0%b0%d0%bb%d1%8c', 'ru', 1),
(407612, 781846, 'Судогда', '%d0%a1%d1%83%d0%b4%d0%be%d0%b3%d0%b4%d0%b0', 'ru', 1),
(407613, 781846, 'Лакинск', '%d0%9b%d0%b0%d0%ba%d0%b8%d0%bd%d1%81%d0%ba', 'ru', 1),
(407614, 781846, 'Радужный', '%d0%a0%d0%b0%d0%b4%d1%83%d0%b6%d0%bd%d1%8b%d0%b9', 'ru', 1),
(407615, 781846, 'Юрьев-Польский', '%d0%ae%d1%80%d1%8c%d0%b5%d0%b2-%d0%9f%d0%be%d0%bb%d1%8c%d1%8', 'ru', 1),
(407616, 781846, 'Собинка', '%d0%a1%d0%be%d0%b1%d0%b8%d0%bd%d0%ba%d0%b0', 'ru', 1),
(407617, 781846, 'Кольчугино', '%d0%9a%d0%be%d0%bb%d1%8c%d1%87%d1%83%d0%b3%d0%b8%d0%bd%d0%be', 'ru', 1),
(407618, 781846, 'Гусь-Хрустальный', '%d0%93%d1%83%d1%81%d1%8c-%d0%a5%d1%80%d1%83%d1%81%d1%82%d0%b', 'ru', 1),
(407619, 781846, 'Ковров', '%d0%9a%d0%be%d0%b2%d1%80%d0%be%d0%b2', 'ru', 1),
(407620, 781847, 'Волжский', '%d0%92%d0%be%d0%bb%d0%b6%d1%81%d0%ba%d0%b8%d0%b9', 'ru', 1),
(407621, 781847, 'Городище', '%d0%93%d0%be%d1%80%d0%be%d0%b4%d0%b8%d1%89%d0%b5', 'ru', 1),
(407622, 781847, 'Горьковский', '%d0%93%d0%be%d1%80%d1%8c%d0%ba%d0%be%d0%b2%d1%81%d0%ba%d0%b8', 'ru', 1),
(407623, 781847, 'Дубовка', '%d0%94%d1%83%d0%b1%d0%be%d0%b2%d0%ba%d0%b0', 'ru', 1),
(407624, 781847, 'Елань', '%d0%95%d0%bb%d0%b0%d0%bd%d1%8c', 'ru', 1),
(407625, 781847, 'Котельниково', '%d0%9a%d0%be%d1%82%d0%b5%d0%bb%d1%8c%d0%bd%d0%b8%d0%ba%d0%be', 'ru', 1),
(407626, 781847, 'Котово', '%d0%9a%d0%be%d1%82%d0%be%d0%b2%d0%be', 'ru', 1),
(407627, 781847, 'Ленинск', '%d0%9b%d0%b5%d0%bd%d0%b8%d0%bd%d1%81%d0%ba', 'ru', 1),
(407628, 781847, 'Михайловка', '%d0%9c%d0%b8%d1%85%d0%b0%d0%b9%d0%bb%d0%be%d0%b2%d0%ba%d0%b0', 'ru', 1),
(407629, 781847, 'Светлый Яр', '%d0%a1%d0%b2%d0%b5%d1%82%d0%bb%d1%8b%d0%b9-%d0%af%d1%80', 'ru', 1),
(407630, 781847, 'Фролово', '%d0%a4%d1%80%d0%be%d0%bb%d0%be%d0%b2%d0%be', 'ru', 1),
(407631, 781847, 'Иловля', '%d0%98%d0%bb%d0%be%d0%b2%d0%bb%d1%8f', 'ru', 1),
(407632, 781847, 'Средняя Ахтуба', '%d0%a1%d1%80%d0%b5%d0%b4%d0%bd%d1%8f%d1%8f-%d0%90%d1%85%d1%8', 'ru', 1),
(407633, 781847, 'Краснослободск', '%d0%9a%d1%80%d0%b0%d1%81%d0%bd%d0%be%d1%81%d0%bb%d0%be%d0%b1', 'ru', 1),
(407634, 781847, 'Петров Вал', '%d0%9f%d0%b5%d1%82%d1%80%d0%be%d0%b2-%d0%92%d0%b0%d0%bb', 'ru', 1),
(407635, 781847, 'Николаевск', '%d0%9d%d0%b8%d0%ba%d0%be%d0%bb%d0%b0%d0%b5%d0%b2%d1%81%d0%ba', 'ru', 1),
(407636, 781847, 'Палласовка', '%d0%9f%d0%b0%d0%bb%d0%bb%d0%b0%d1%81%d0%be%d0%b2%d0%ba%d0%b0', 'ru', 1),
(407637, 781847, 'Жирновск', '%d0%96%d0%b8%d1%80%d0%bd%d0%be%d0%b2%d1%81%d0%ba', 'ru', 1),
(407638, 781847, 'Новоаннинский', '%d0%9d%d0%be%d0%b2%d0%be%d0%b0%d0%bd%d0%bd%d0%b8%d0%bd%d1%81', 'ru', 1),
(407639, 781847, 'Суровикино', '%d0%a1%d1%83%d1%80%d0%be%d0%b2%d0%b8%d0%ba%d0%b8%d0%bd%d0%be', 'ru', 1),
(407640, 781847, 'Калач-на-Дону', '%d0%9a%d0%b0%d0%bb%d0%b0%d1%87-%d0%bd%d0%b0-%d0%94%d0%be%d0%', 'ru', 1),
(407641, 781847, 'Урюпинск', '%d0%a3%d1%80%d1%8e%d0%bf%d0%b8%d0%bd%d1%81%d0%ba', 'ru', 1),
(407642, 781847, 'Камышин', '%d0%9a%d0%b0%d0%bc%d1%8b%d1%88%d0%b8%d0%bd', 'ru', 1),
(407643, 781847, 'Волгоград', '%d0%92%d0%be%d0%bb%d0%b3%d0%be%d0%b3%d1%80%d0%b0%d0%b4', 'ru', 1),
(407644, 781848, 'Бабаево', '%d0%91%d0%b0%d0%b1%d0%b0%d0%b5%d0%b2%d0%be', 'ru', 1),
(407645, 781848, 'Кадуй', '%d0%9a%d0%b0%d0%b4%d1%83%d0%b9', 'ru', 1),
(407646, 781848, 'Кириллов', '%d0%9a%d0%b8%d1%80%d0%b8%d0%bb%d0%bb%d0%be%d0%b2', 'ru', 1),
(407647, 781848, 'Красавино', '%d0%9a%d1%80%d0%b0%d1%81%d0%b0%d0%b2%d0%b8%d0%bd%d0%be', 'ru', 1),
(407648, 781848, 'Молочное', '%d0%9c%d0%be%d0%bb%d0%be%d1%87%d0%bd%d0%be%d0%b5', 'ru', 1),
(407649, 781848, 'Никольск', '%d0%9d%d0%b8%d0%ba%d0%be%d0%bb%d1%8c%d1%81%d0%ba', 'ru', 1),
(407650, 781848, 'Сокол', '%d0%a1%d0%be%d0%ba%d0%be%d0%bb', 'ru', 1),
(407651, 781848, 'Суда', '%d0%a1%d1%83%d0%b4%d0%b0', 'ru', 1),
(407652, 781848, 'Тарногский Городок', '%d0%a2%d0%b0%d1%80%d0%bd%d0%be%d0%b3%d1%81%d0%ba%d0%b8%d0%b9', 'ru', 1),
(407653, 781848, 'Чагода', '%d0%a7%d0%b0%d0%b3%d0%be%d0%b4%d0%b0', 'ru', 1),
(407654, 781848, 'Шексна', '%d0%a8%d0%b5%d0%ba%d1%81%d0%bd%d0%b0', 'ru', 1),
(407655, 781848, 'Верховажье', '%d0%92%d0%b5%d1%80%d1%85%d0%be%d0%b2%d0%b0%d0%b6%d1%8c%d0%b5', 'ru', 1),
(407656, 781848, 'Кадников', '%d0%9a%d0%b0%d0%b4%d0%bd%d0%b8%d0%ba%d0%be%d0%b2', 'ru', 1),
(407657, 781848, 'Кичменгский Городок', '%d0%9a%d0%b8%d1%87%d0%bc%d0%b5%d0%bd%d0%b3%d1%81%d0%ba%d0%b8', 'ru', 1),
(407658, 781848, 'Вожега', '%d0%92%d0%be%d0%b6%d0%b5%d0%b3%d0%b0', 'ru', 1),
(407659, 781848, 'Вохтога', '%d0%92%d0%be%d1%85%d1%82%d0%be%d0%b3%d0%b0', 'ru', 1),
(407660, 781848, 'Тотьма', '%d0%a2%d0%be%d1%82%d1%8c%d0%bc%d0%b0', 'ru', 1),
(407661, 781848, 'Устюжна', '%d0%a3%d1%81%d1%82%d1%8e%d0%b6%d0%bd%d0%b0', 'ru', 1),
(407662, 781848, 'Белозёрск', '%d0%91%d0%b5%d0%bb%d0%be%d0%b7%d1%91%d1%80%d1%81%d0%ba', 'ru', 1),
(407663, 781848, 'Вытегра', '%d0%92%d1%8b%d1%82%d0%b5%d0%b3%d1%80%d0%b0', 'ru', 1),
(407664, 781848, 'Харовск', '%d0%a5%d0%b0%d1%80%d0%be%d0%b2%d1%81%d0%ba', 'ru', 1),
(407665, 781848, 'Грязовец', '%d0%93%d1%80%d1%8f%d0%b7%d0%be%d0%b2%d0%b5%d1%86', 'ru', 1),
(407666, 781848, 'Великий Устюг', '%d0%92%d0%b5%d0%bb%d0%b8%d0%ba%d0%b8%d0%b9-%d0%a3%d1%81%d1%8', 'ru', 1),
(407667, 781848, 'Вологда', '%d0%92%d0%be%d0%bb%d0%be%d0%b3%d0%b4%d0%b0', 'ru', 1),
(407668, 781849, 'Анна', '%d0%90%d0%bd%d0%bd%d0%b0', 'ru', 1),
(407669, 781849, 'Бобров', '%d0%91%d0%be%d0%b1%d1%80%d0%be%d0%b2', 'ru', 1),
(407670, 781849, 'Богучар', '%d0%91%d0%be%d0%b3%d1%83%d1%87%d0%b0%d1%80', 'ru', 1),
(407671, 781849, 'Воронеж', '%d0%92%d0%be%d1%80%d0%be%d0%bd%d0%b5%d0%b6', 'ru', 1),
(407672, 781849, 'Грибановский', '%d0%93%d1%80%d0%b8%d0%b1%d0%b0%d0%bd%d0%be%d0%b2%d1%81%d0%ba', 'ru', 1),
(407673, 781849, 'Калач', '%d0%9a%d0%b0%d0%bb%d0%b0%d1%87', 'ru', 1),
(407674, 781849, 'Лиски', '%d0%9b%d0%b8%d1%81%d0%ba%d0%b8', 'ru', 1),
(407675, 781849, 'Павловск', '%d0%9f%d0%b0%d0%b2%d0%bb%d0%be%d0%b2%d1%81%d0%ba', 'ru', 1),
(407676, 781849, 'Сомово', '%d0%a1%d0%be%d0%bc%d0%be%d0%b2%d0%be', 'ru', 1),
(407677, 781849, 'Таловая', '%d0%a2%d0%b0%d0%bb%d0%be%d0%b2%d0%b0%d1%8f', 'ru', 1),
(407678, 781849, 'Эртиль', '%d0%ad%d1%80%d1%82%d0%b8%d0%bb%d1%8c', 'ru', 1),
(407679, 781849, 'Кантемировка', '%d0%9a%d0%b0%d0%bd%d1%82%d0%b5%d0%bc%d0%b8%d1%80%d0%be%d0%b2', 'ru', 1),
(407680, 781849, 'Придонской', '%d0%9f%d1%80%d0%b8%d0%b4%d0%be%d0%bd%d1%81%d0%ba%d0%be%d0%b9', 'ru', 1),
(407681, 781849, 'Поворино', '%d0%9f%d0%be%d0%b2%d0%be%d1%80%d0%b8%d0%bd%d0%be', 'ru', 1),
(407682, 781849, 'Новая Усмань', '%d0%9d%d0%be%d0%b2%d0%b0%d1%8f-%d0%a3%d1%81%d0%bc%d0%b0%d0%b', 'ru', 1),
(407683, 781849, 'Семилуки', '%d0%a1%d0%b5%d0%bc%d0%b8%d0%bb%d1%83%d0%ba%d0%b8', 'ru', 1),
(407684, 781849, 'Бутурлиновка', '%d0%91%d1%83%d1%82%d1%83%d1%80%d0%bb%d0%b8%d0%bd%d0%be%d0%b2', 'ru', 1),
(407685, 781849, 'Острогожск', '%d0%9e%d1%81%d1%82%d1%80%d0%be%d0%b3%d0%be%d0%b6%d1%81%d0%ba', 'ru', 1),
(407686, 781849, 'Нововоронеж', '%d0%9d%d0%be%d0%b2%d0%be%d0%b2%d0%be%d1%80%d0%be%d0%bd%d0%b5', 'ru', 1),
(407687, 781849, 'Россошь', '%d0%a0%d0%be%d1%81%d1%81%d0%be%d1%88%d1%8c', 'ru', 1),
(407688, 781849, 'Борисоглебск', '%d0%91%d0%be%d1%80%d0%b8%d1%81%d0%be%d0%b3%d0%bb%d0%b5%d0%b1', 'ru', 1),
(407689, 781850, 'Бира', '%d0%91%d0%b8%d1%80%d0%b0', 'ru', 1),
(407690, 781850, 'Известковый', '%d0%98%d0%b7%d0%b2%d0%b5%d1%81%d1%82%d0%ba%d0%be%d0%b2%d1%8b', 'ru', 1),
(407691, 781850, 'Ленинское', '%d0%9b%d0%b5%d0%bd%d0%b8%d0%bd%d1%81%d0%ba%d0%be%d0%b5', 'ru', 1),
(407692, 781850, 'Николаевка', '%d0%9d%d0%b8%d0%ba%d0%be%d0%bb%d0%b0%d0%b5%d0%b2%d0%ba%d0%b0', 'ru', 1),
(407693, 781850, 'Облучье', '%d0%9e%d0%b1%d0%bb%d1%83%d1%87%d1%8c%d0%b5', 'ru', 1),
(407694, 781850, 'Птичник', '%d0%9f%d1%82%d0%b8%d1%87%d0%bd%d0%b8%d0%ba', 'ru', 1),
(407695, 781850, 'Теплоозёрск', '%d0%a2%d0%b5%d0%bf%d0%bb%d0%be%d0%be%d0%b7%d1%91%d1%80%d1%81', 'ru', 1),
(407696, 781850, 'Биракан', '%d0%91%d0%b8%d1%80%d0%b0%d0%ba%d0%b0%d0%bd', 'ru', 1),
(407697, 781850, 'Приамурский', '%d0%9f%d1%80%d0%b8%d0%b0%d0%bc%d1%83%d1%80%d1%81%d0%ba%d0%b8', 'ru', 1),
(407698, 781850, 'Бабстово', '%d0%91%d0%b0%d0%b1%d1%81%d1%82%d0%be%d0%b2%d0%be', 'ru', 1),
(407699, 781850, 'Амурзет', '%d0%90%d0%bc%d1%83%d1%80%d0%b7%d0%b5%d1%82', 'ru', 1),
(407700, 781850, 'Смидович', '%d0%a1%d0%bc%d0%b8%d0%b4%d0%be%d0%b2%d0%b8%d1%87', 'ru', 1),
(407701, 781850, 'Биробиджан', '%d0%91%d0%b8%d1%80%d0%be%d0%b1%d0%b8%d0%b4%d0%b6%d0%b0%d0%bd', 'ru', 1),
(407702, 781851, 'Иваново', '%d0%98%d0%b2%d0%b0%d0%bd%d0%be%d0%b2%d0%be', 'ru', 1),
(407703, 781851, 'Комсомольск', '%d0%9a%d0%be%d0%bc%d1%81%d0%be%d0%bc%d0%be%d0%bb%d1%8c%d1%81', 'ru', 1),
(407704, 781851, 'Лежнево', '%d0%9b%d0%b5%d0%b6%d0%bd%d0%b5%d0%b2%d0%be', 'ru', 1),
(407705, 781851, 'Наволоки', '%d0%9d%d0%b0%d0%b2%d0%be%d0%bb%d0%be%d0%ba%d0%b8', 'ru', 1),
(407706, 781851, 'Ново-Талицы', '%d0%9d%d0%be%d0%b2%d0%be-%d0%a2%d0%b0%d0%bb%d0%b8%d1%86%d1%8', 'ru', 1),
(407707, 781851, 'Родники', '%d0%a0%d0%be%d0%b4%d0%bd%d0%b8%d0%ba%d0%b8', 'ru', 1),
(407708, 781851, 'Савино', '%d0%a1%d0%b0%d0%b2%d0%b8%d0%bd%d0%be', 'ru', 1),
(407709, 781851, 'Талицы', '%d0%a2%d0%b0%d0%bb%d0%b8%d1%86%d1%8b', 'ru', 1),
(407710, 781851, 'Фурманов', '%d0%a4%d1%83%d1%80%d0%bc%d0%b0%d0%bd%d0%be%d0%b2', 'ru', 1),
(407711, 781851, 'Шуя', '%d0%a8%d1%83%d1%8f', 'ru', 1),
(407712, 781851, 'Юрьевец', '%d0%ae%d1%80%d1%8c%d0%b5%d0%b2%d0%b5%d1%86', 'ru', 1),
(407713, 781851, 'Старая Вичуга', '%d0%a1%d1%82%d0%b0%d1%80%d0%b0%d1%8f-%d0%92%d0%b8%d1%87%d1%8', 'ru', 1),
(407714, 781851, 'Палех', '%d0%9f%d0%b0%d0%bb%d0%b5%d1%85', 'ru', 1),
(407715, 781851, 'Гаврилов Посад', '%d0%93%d0%b0%d0%b2%d1%80%d0%b8%d0%bb%d0%be%d0%b2-%d0%9f%d0%b', 'ru', 1),
(407716, 781851, 'Пучеж', '%d0%9f%d1%83%d1%87%d0%b5%d0%b6', 'ru', 1),
(407717, 781851, 'Заволжск', '%d0%97%d0%b0%d0%b2%d0%be%d0%bb%d0%b6%d1%81%d0%ba', 'ru', 1),
(407718, 781851, 'Южа', '%d0%ae%d0%b6%d0%b0', 'ru', 1),
(407719, 781851, 'Приволжск', '%d0%9f%d1%80%d0%b8%d0%b2%d0%be%d0%bb%d0%b6%d1%81%d0%ba', 'ru', 1),
(407720, 781851, 'Кохма', '%d0%9a%d0%be%d1%85%d0%bc%d0%b0', 'ru', 1),
(407721, 781851, 'Тейково', '%d0%a2%d0%b5%d0%b9%d0%ba%d0%be%d0%b2%d0%be', 'ru', 1),
(407722, 781851, 'Вичуга', '%d0%92%d0%b8%d1%87%d1%83%d0%b3%d0%b0', 'ru', 1),
(407723, 781851, 'Кинешма', '%d0%9a%d0%b8%d0%bd%d0%b5%d1%88%d0%bc%d0%b0', 'ru', 1),
(407724, 781852, 'Вихоревка', '%d0%92%d0%b8%d1%85%d0%be%d1%80%d0%b5%d0%b2%d0%ba%d0%b0', 'ru', 1),
(407725, 781852, 'Куйтун', '%d0%9a%d1%83%d0%b9%d1%82%d1%83%d0%bd', 'ru', 1),
(407726, 781852, 'Усть-Ордынский', '%d0%a3%d1%81%d1%82%d1%8c-%d0%9e%d1%80%d0%b4%d1%8b%d0%bd%d1%8', 'ru', 1),
(407727, 781852, 'Черемхово', '%d0%a7%d0%b5%d1%80%d0%b5%d0%bc%d1%85%d0%be%d0%b2%d0%be', 'ru', 1),
(407728, 781852, 'Залари', '%d0%97%d0%b0%d0%bb%d0%b0%d1%80%d0%b8', 'ru', 1),
(407729, 781852, 'Новая Игирма', '%d0%9d%d0%be%d0%b2%d0%b0%d1%8f-%d0%98%d0%b3%d0%b8%d1%80%d0%b', 'ru', 1),
(407730, 781852, 'Киренск', '%d0%9a%d0%b8%d1%80%d0%b5%d0%bd%d1%81%d0%ba', 'ru', 1),
(407731, 781852, 'Свирск', '%d0%a1%d0%b2%d0%b8%d1%80%d1%81%d0%ba', 'ru', 1),
(407732, 781852, 'Байкальск', '%d0%91%d0%b0%d0%b9%d0%ba%d0%b0%d0%bb%d1%8c%d1%81%d0%ba', 'ru', 1),
(407733, 781852, 'Бодайбо', '%d0%91%d0%be%d0%b4%d0%b0%d0%b9%d0%b1%d0%be', 'ru', 1),
(407734, 781852, 'Чунский', '%d0%a7%d1%83%d0%bd%d1%81%d0%ba%d0%b8%d0%b9', 'ru', 1),
(407735, 781852, 'Слюдянка', '%d0%a1%d0%bb%d1%8e%d0%b4%d1%8f%d0%bd%d0%ba%d0%b0', 'ru', 1),
(407736, 781852, 'Железногорск-Илимский', '%d0%96%d0%b5%d0%bb%d0%b5%d0%b7%d0%bd%d0%be%d0%b3%d0%be%d1%80', 'ru', 1),
(407737, 781852, 'Зима', '%d0%97%d0%b8%d0%bc%d0%b0', 'ru', 1),
(407738, 781852, 'Тайшет', '%d0%a2%d0%b0%d0%b9%d1%88%d0%b5%d1%82', 'ru', 1),
(407739, 781852, 'Нижнеудинск', '%d0%9d%d0%b8%d0%b6%d0%bd%d0%b5%d1%83%d0%b4%d0%b8%d0%bd%d1%81', 'ru', 1),
(407740, 781852, 'Саянск', '%d0%a1%d0%b0%d1%8f%d0%bd%d1%81%d0%ba', 'ru', 1),
(407741, 781852, 'Шелехов', '%d0%a8%d0%b5%d0%bb%d0%b5%d1%85%d0%be%d0%b2', 'ru', 1),
(407742, 781852, 'Усть-Кут', '%d0%a3%d1%81%d1%82%d1%8c-%d0%9a%d1%83%d1%82', 'ru', 1),
(407743, 781852, 'Тулун', '%d0%a2%d1%83%d0%bb%d1%83%d0%bd', 'ru', 1),
(407744, 781852, 'Усолье-Сибирское', '%d0%a3%d1%81%d0%be%d0%bb%d1%8c%d0%b5-%d0%a1%d0%b8%d0%b1%d0%b', 'ru', 1),
(407745, 781852, 'Усть-Илимск', '%d0%a3%d1%81%d1%82%d1%8c-%d0%98%d0%bb%d0%b8%d0%bc%d1%81%d0%b', 'ru', 1),
(407746, 781852, 'Ангарск', '%d0%90%d0%bd%d0%b3%d0%b0%d1%80%d1%81%d0%ba', 'ru', 1),
(407747, 781852, 'Братск', '%d0%91%d1%80%d0%b0%d1%82%d1%81%d0%ba', 'ru', 1),
(407748, 781852, 'Иркутск', '%d0%98%d1%80%d0%ba%d1%83%d1%82%d1%81%d0%ba', 'ru', 1),
(407749, 781853, 'Майский', '%d0%9c%d0%b0%d0%b9%d1%81%d0%ba%d0%b8%d0%b9', 'ru', 1),
(407750, 781853, 'Прохладный', '%d0%9f%d1%80%d0%be%d1%85%d0%bb%d0%b0%d0%b4%d0%bd%d1%8b%d0%b9', 'ru', 1),
(407751, 781853, 'Терек', '%d0%a2%d0%b5%d1%80%d0%b5%d0%ba', 'ru', 1),
(407752, 781853, 'Хасанья', '%d0%a5%d0%b0%d1%81%d0%b0%d0%bd%d1%8c%d1%8f', 'ru', 1),
(407753, 781853, 'Заюково', '%d0%97%d0%b0%d1%8e%d0%ba%d0%be%d0%b2%d0%be', 'ru', 1),
(407754, 781853, 'Кенже', '%d0%9a%d0%b5%d0%bd%d0%b6%d0%b5', 'ru', 1),
(407755, 781853, 'Исламей', '%d0%98%d1%81%d0%bb%d0%b0%d0%bc%d0%b5%d0%b9', 'ru', 1),
(407756, 781853, 'Чегем Второй', '%d0%a7%d0%b5%d0%b3%d0%b5%d0%bc-%d0%92%d1%82%d0%be%d1%80%d0%b', 'ru', 1),
(407757, 781853, 'Шалушка', '%d0%a8%d0%b0%d0%bb%d1%83%d1%88%d0%ba%d0%b0', 'ru', 1),
(407758, 781853, 'Нартан', '%d0%9d%d0%b0%d1%80%d1%82%d0%b0%d0%bd', 'ru', 1),
(407759, 781853, 'Чегем', '%d0%a7%d0%b5%d0%b3%d0%b5%d0%bc', 'ru', 1),
(407760, 781853, 'Тырныауз', '%d0%a2%d1%8b%d1%80%d0%bd%d1%8b%d0%b0%d1%83%d0%b7', 'ru', 1),
(407761, 781853, 'Нарткала', '%d0%9d%d0%b0%d1%80%d1%82%d0%ba%d0%b0%d0%bb%d0%b0', 'ru', 1),
(407762, 781853, 'Баксан', '%d0%91%d0%b0%d0%ba%d1%81%d0%b0%d0%bd', 'ru', 1),
(407763, 781853, 'Нальчик', '%d0%9d%d0%b0%d0%bb%d1%8c%d1%87%d0%b8%d0%ba', 'ru', 1),
(407764, 781854, 'Балтийск', '%d0%91%d0%b0%d0%bb%d1%82%d0%b8%d0%b9%d1%81%d0%ba', 'ru', 1),
(407765, 781854, 'Гусев', '%d0%93%d1%83%d1%81%d0%b5%d0%b2', 'ru', 1),
(407766, 781854, 'Мамоново', '%d0%9c%d0%b0%d0%bc%d0%be%d0%bd%d0%be%d0%b2%d0%be', 'ru', 1),
(407767, 781854, 'Озёрск', '%d0%9e%d0%b7%d1%91%d1%80%d1%81%d0%ba', 'ru', 1),
(407768, 781854, 'Пионерский', '%d0%9f%d0%b8%d0%be%d0%bd%d0%b5%d1%80%d1%81%d0%ba%d0%b8%d0%b9', 'ru', 1),
(407769, 781854, 'Светлый', '%d0%a1%d0%b2%d0%b5%d1%82%d0%bb%d1%8b%d0%b9', 'ru', 1),
(407770, 781854, 'Советск', '%d0%a1%d0%be%d0%b2%d0%b5%d1%82%d1%81%d0%ba', 'ru', 1),
(407771, 781854, 'Светлогорск', '%d0%a1%d0%b2%d0%b5%d1%82%d0%bb%d0%be%d0%b3%d0%be%d1%80%d1%81', 'ru', 1),
(407772, 781854, 'Янтарный', '%d0%af%d0%bd%d1%82%d0%b0%d1%80%d0%bd%d1%8b%d0%b9', 'ru', 1),
(407773, 781854, 'Багратионовск', '%d0%91%d0%b0%d0%b3%d1%80%d0%b0%d1%82%d0%b8%d0%be%d0%bd%d0%be', 'ru', 1),
(407774, 781854, 'Полесск', '%d0%9f%d0%be%d0%bb%d0%b5%d1%81%d1%81%d0%ba', 'ru', 1),
(407775, 781854, 'Неман', '%d0%9d%d0%b5%d0%bc%d0%b0%d0%bd', 'ru', 1),
(407776, 781854, 'Зеленоградск', '%d0%97%d0%b5%d0%bb%d0%b5%d0%bd%d0%be%d0%b3%d1%80%d0%b0%d0%b4', 'ru', 1),
(407777, 781854, 'Гвардейск', '%d0%93%d0%b2%d0%b0%d1%80%d0%b4%d0%b5%d0%b9%d1%81%d0%ba', 'ru', 1),
(407778, 781854, 'Гурьевск', '%d0%93%d1%83%d1%80%d1%8c%d0%b5%d0%b2%d1%81%d0%ba', 'ru', 1),
(407779, 781854, 'Черняховск', '%d0%a7%d0%b5%d1%80%d0%bd%d1%8f%d1%85%d0%be%d0%b2%d1%81%d0%ba', 'ru', 1),
(407780, 781854, 'Калининград', '%d0%9a%d0%b0%d0%bb%d0%b8%d0%bd%d0%b8%d0%bd%d0%b3%d1%80%d0%b0', 'ru', 1),
(407781, 781855, 'Балабаново', '%d0%91%d0%b0%d0%bb%d0%b0%d0%b1%d0%b0%d0%bd%d0%be%d0%b2%d0%be', 'ru', 1),
(407782, 781855, 'Белоусово', '%d0%91%d0%b5%d0%bb%d0%be%d1%83%d1%81%d0%be%d0%b2%d0%be', 'ru', 1),
(407783, 781855, 'Боровск', '%d0%91%d0%be%d1%80%d0%be%d0%b2%d1%81%d0%ba', 'ru', 1),
(407784, 781855, 'Воротынск', '%d0%92%d0%be%d1%80%d0%be%d1%82%d1%8b%d0%bd%d1%81%d0%ba', 'ru', 1),
(407785, 781855, 'Думиничи', '%d0%94%d1%83%d0%bc%d0%b8%d0%bd%d0%b8%d1%87%d0%b8', 'ru', 1),
(407786, 781855, 'Ермолино', '%d0%95%d1%80%d0%bc%d0%be%d0%bb%d0%b8%d0%bd%d0%be', 'ru', 1),
(407787, 781855, 'Калуга', '%d0%9a%d0%b0%d0%bb%d1%83%d0%b3%d0%b0', 'ru', 1),
(407788, 781855, 'Киров', '%d0%9a%d0%b8%d1%80%d0%be%d0%b2', 'ru', 1),
(407789, 781855, 'Кондрово', '%d0%9a%d0%be%d0%bd%d0%b4%d1%80%d0%be%d0%b2%d0%be', 'ru', 1),
(407790, 781855, 'Кремёнки', '%d0%9a%d1%80%d0%b5%d0%bc%d1%91%d0%bd%d0%ba%d0%b8', 'ru', 1),
(407791, 781855, 'Сосенский', '%d0%a1%d0%be%d1%81%d0%b5%d0%bd%d1%81%d0%ba%d0%b8%d0%b9', 'ru', 1),
(407792, 781855, 'Товарково', '%d0%a2%d0%be%d0%b2%d0%b0%d1%80%d0%ba%d0%be%d0%b2%d0%be', 'ru', 1),
(407793, 781855, 'Спас-Деменск', '%d0%a1%d0%bf%d0%b0%d1%81-%d0%94%d0%b5%d0%bc%d0%b5%d0%bd%d1%8', 'ru', 1),
(407794, 781855, 'Полотняный Завод', '%d0%9f%d0%be%d0%bb%d0%be%d1%82%d0%bd%d1%8f%d0%bd%d1%8b%d0%b9', 'ru', 1),
(407795, 781855, 'Жиздра', '%d0%96%d0%b8%d0%b7%d0%b4%d1%80%d0%b0', 'ru', 1),
(407796, 781855, 'Медынь', '%d0%9c%d0%b5%d0%b4%d1%8b%d0%bd%d1%8c', 'ru', 1),
(407797, 781855, 'Юхнов', '%d0%ae%d1%85%d0%bd%d0%be%d0%b2', 'ru', 1),
(407798, 781855, 'Таруса', '%d0%a2%d0%b0%d1%80%d1%83%d1%81%d0%b0', 'ru', 1),
(407799, 781855, 'Жуков', '%d0%96%d1%83%d0%ba%d0%be%d0%b2', 'ru', 1),
(407800, 781855, 'Сухиничи', '%d0%a1%d1%83%d1%85%d0%b8%d0%bd%d0%b8%d1%87%d0%b8', 'ru', 1),
(407801, 781855, 'Козельск', '%d0%9a%d0%be%d0%b7%d0%b5%d0%bb%d1%8c%d1%81%d0%ba', 'ru', 1),
(407802, 781855, 'Малоярославец', '%d0%9c%d0%b0%d0%bb%d0%be%d1%8f%d1%80%d0%be%d1%81%d0%bb%d0%b0', 'ru', 1),
(407803, 781855, 'Людиново', '%d0%9b%d1%8e%d0%b4%d0%b8%d0%bd%d0%be%d0%b2%d0%be', 'ru', 1),
(407804, 781855, 'Обнинск', '%d0%9e%d0%b1%d0%bd%d0%b8%d0%bd%d1%81%d0%ba', 'ru', 1),
(407805, 781856, 'Апача', '%d0%90%d0%bf%d0%b0%d1%87%d0%b0', 'ru', 1),
(407806, 781856, 'Вулканный', '%d0%92%d1%83%d0%bb%d0%ba%d0%b0%d0%bd%d0%bd%d1%8b%d0%b9', 'ru', 1),
(407807, 781856, 'Ключи', '%d0%9a%d0%bb%d1%8e%d1%87%d0%b8', 'ru', 1),
(407808, 781856, 'Козыревск', '%d0%9a%d0%be%d0%b7%d1%8b%d1%80%d0%b5%d0%b2%d1%81%d0%ba', 'ru', 1),
(407809, 781856, 'Коряки', '%d0%9a%d0%be%d1%80%d1%8f%d0%ba%d0%b8', 'ru', 1),
(407810, 781856, 'Лесной', '%d0%9b%d0%b5%d1%81%d0%bd%d0%be%d0%b9', 'ru', 1),
(407811, 781856, 'Мильково', '%d0%9c%d0%b8%d0%bb%d1%8c%d0%ba%d0%be%d0%b2%d0%be', 'ru', 1),
(407812, 781856, 'Нагорный', '%d0%9d%d0%b0%d0%b3%d0%be%d1%80%d0%bd%d1%8b%d0%b9', 'ru', 1),
(407813, 781856, 'Николаевка', '%d0%9d%d0%b8%d0%ba%d0%be%d0%bb%d0%b0%d0%b5%d0%b2%d0%ba%d0%b0', 'ru', 1),
(407814, 781856, 'Новый', '%d0%9d%d0%be%d0%b2%d1%8b%d0%b9', 'ru', 1),
(407815, 781856, 'Октябрьский', '%d0%9e%d0%ba%d1%82%d1%8f%d0%b1%d1%80%d1%8c%d1%81%d0%ba%d0%b8', 'ru', 1),
(407816, 781856, 'Пионерский', '%d0%9f%d0%b8%d0%be%d0%bd%d0%b5%d1%80%d1%81%d0%ba%d0%b8%d0%b9', 'ru', 1),
(407817, 781856, 'Раздольный', '%d0%a0%d0%b0%d0%b7%d0%b4%d0%be%d0%bb%d1%8c%d0%bd%d1%8b%d0%b9', 'ru', 1),
(407818, 781856, 'Соболево', '%d0%a1%d0%be%d0%b1%d0%be%d0%bb%d0%b5%d0%b2%d0%be', 'ru', 1),
(407819, 781856, 'Сокоч', '%d0%a1%d0%be%d0%ba%d0%be%d1%87', 'ru', 1),
(407820, 781856, 'Термальный', '%d0%a2%d0%b5%d1%80%d0%bc%d0%b0%d0%bb%d1%8c%d0%bd%d1%8b%d0%b9', 'ru', 1),
(407821, 781856, 'Усть-Большерецк', '%d0%a3%d1%81%d1%82%d1%8c-%d0%91%d0%be%d0%bb%d1%8c%d1%88%d0%b', 'ru', 1),
(407822, 781856, 'Усть-Камчатск', '%d0%a3%d1%81%d1%82%d1%8c-%d0%9a%d0%b0%d0%bc%d1%87%d0%b0%d1%8', 'ru', 1),
(407823, 781856, 'Паратунка', '%d0%9f%d0%b0%d1%80%d0%b0%d1%82%d1%83%d0%bd%d0%ba%d0%b0', 'ru', 1),
(407824, 781856, 'Эссо', '%d0%ad%d1%81%d1%81%d0%be', 'ru', 1),
(407825, 781856, 'Озерновский', '%d0%9e%d0%b7%d0%b5%d1%80%d0%bd%d0%be%d0%b2%d1%81%d0%ba%d0%b8', 'ru', 1),
(407826, 781856, 'Вилючинск', '%d0%92%d0%b8%d0%bb%d1%8e%d1%87%d0%b8%d0%bd%d1%81%d0%ba', 'ru', 1),
(407827, 781856, 'Елизово', '%d0%95%d0%bb%d0%b8%d0%b7%d0%be%d0%b2%d0%be', 'ru', 1),
(407828, 781856, 'Петропавловск-Камчатский', '%d0%9f%d0%b5%d1%82%d1%80%d0%be%d0%bf%d0%b0%d0%b2%d0%bb%d0%be', 'ru', 1),
(407829, 781857, 'Первомайское', '%d0%9f%d0%b5%d1%80%d0%b2%d0%be%d0%bc%d0%b0%d0%b9%d1%81%d0%ba', 'ru', 1),
(407830, 781857, 'Сторожевая', '%d0%a1%d1%82%d0%be%d1%80%d0%be%d0%b6%d0%b5%d0%b2%d0%b0%d1%8f', 'ru', 1),
(407831, 781857, 'Теберда', '%d0%a2%d0%b5%d0%b1%d0%b5%d1%80%d0%b4%d0%b0', 'ru', 1),
(407832, 781857, 'Али-Бердуковский', '%d0%90%d0%bb%d0%b8-%d0%91%d0%b5%d1%80%d0%b4%d1%83%d0%ba%d0%b', 'ru', 1),
(407833, 781857, 'Хабез', '%d0%a5%d0%b0%d0%b1%d0%b5%d0%b7', 'ru', 1),
(407834, 781857, 'Терезе', '%d0%a2%d0%b5%d1%80%d0%b5%d0%b7%d0%b5', 'ru', 1),
(407835, 781857, 'Преградная', '%d0%9f%d1%80%d0%b5%d0%b3%d1%80%d0%b0%d0%b4%d0%bd%d0%b0%d1%8f', 'ru', 1),
(407836, 781857, 'Псыж', '%d0%9f%d1%81%d1%8b%d0%b6', 'ru', 1),
(407837, 781857, 'Кардоникская', '%d0%9a%d0%b0%d1%80%d0%b4%d0%be%d0%bd%d0%b8%d0%ba%d1%81%d0%ba', 'ru', 1),
(407838, 781857, 'Учкекен', '%d0%a3%d1%87%d0%ba%d0%b5%d0%ba%d0%b5%d0%bd', 'ru', 1),
(407839, 781857, 'Карачаевск', '%d0%9a%d0%b0%d1%80%d0%b0%d1%87%d0%b0%d0%b5%d0%b2%d1%81%d0%ba', 'ru', 1),
(407840, 781857, 'Зеленчукская', '%d0%97%d0%b5%d0%bb%d0%b5%d0%bd%d1%87%d1%83%d0%ba%d1%81%d0%ba', 'ru', 1),
(407841, 781857, 'Усть-Джегута', '%d0%a3%d1%81%d1%82%d1%8c-%d0%94%d0%b6%d0%b5%d0%b3%d1%83%d1%8', 'ru', 1),
(407842, 781857, 'Черкесск', '%d0%a7%d0%b5%d1%80%d0%ba%d0%b5%d1%81%d1%81%d0%ba', 'ru', 1),
(407843, 781858, 'Белово', '%d0%91%d0%b5%d0%bb%d0%be%d0%b2%d0%be', 'ru', 1),
(407844, 781858, 'Берёзовский', '%d0%91%d0%b5%d1%80%d1%91%d0%b7%d0%be%d0%b2%d1%81%d0%ba%d0%b8', 'ru', 1),
(407845, 781858, 'Гурьевск', '%d0%93%d1%83%d1%80%d1%8c%d0%b5%d0%b2%d1%81%d0%ba', 'ru', 1),
(407846, 781858, 'Мариинск', '%d0%9c%d0%b0%d1%80%d0%b8%d0%b8%d0%bd%d1%81%d0%ba', 'ru', 1),
(407847, 781858, 'Междуреченск', '%d0%9c%d0%b5%d0%b6%d0%b4%d1%83%d1%80%d0%b5%d1%87%d0%b5%d0%bd', 'ru', 1),
(407848, 781858, 'Мыски', '%d0%9c%d1%8b%d1%81%d0%ba%d0%b8', 'ru', 1),
(407849, 781858, 'Новый Городок', '%d0%9d%d0%be%d0%b2%d1%8b%d0%b9-%d0%93%d0%be%d1%80%d0%be%d0%b', 'ru', 1),
(407850, 781858, 'Осинники', '%d0%9e%d1%81%d0%b8%d0%bd%d0%bd%d0%b8%d0%ba%d0%b8', 'ru', 1),
(407851, 781858, 'Тайга', '%d0%a2%d0%b0%d0%b9%d0%b3%d0%b0', 'ru', 1),
(407852, 781858, 'Таштагол', '%d0%a2%d0%b0%d1%88%d1%82%d0%b0%d0%b3%d0%be%d0%bb', 'ru', 1),
(407853, 781858, 'Топки', '%d0%a2%d0%be%d0%bf%d0%ba%d0%b8', 'ru', 1),
(407854, 781858, 'Яшкино', '%d0%af%d1%88%d0%ba%d0%b8%d0%bd%d0%be', 'ru', 1),
(407855, 781858, 'Бачатский', '%d0%91%d0%b0%d1%87%d0%b0%d1%82%d1%81%d0%ba%d0%b8%d0%b9', 'ru', 1),
(407856, 781858, 'Промышленная', '%d0%9f%d1%80%d0%be%d0%bc%d1%8b%d1%88%d0%bb%d0%b5%d0%bd%d0%bd', 'ru', 1),
(407857, 781858, 'Калтан', '%d0%9a%d0%b0%d0%bb%d1%82%d0%b0%d0%bd', 'ru', 1),
(407858, 781858, 'Полысаево', '%d0%9f%d0%be%d0%bb%d1%8b%d1%81%d0%b0%d0%b5%d0%b2%d0%be', 'ru', 1),
(407859, 781858, 'Анжеро-Судженск', '%d0%90%d0%bd%d0%b6%d0%b5%d1%80%d0%be-%d0%a1%d1%83%d0%b4%d0%b', 'ru', 1),
(407860, 781858, 'Юрга', '%d0%ae%d1%80%d0%b3%d0%b0', 'ru', 1),
(407861, 781858, 'Киселёвск', '%d0%9a%d0%b8%d1%81%d0%b5%d0%bb%d1%91%d0%b2%d1%81%d0%ba', 'ru', 1),
(407862, 781858, 'Ленинск-Кузнецкий', '%d0%9b%d0%b5%d0%bd%d0%b8%d0%bd%d1%81%d0%ba-%d0%9a%d1%83%d0%b', 'ru', 1),
(407863, 781858, 'Прокопьевск', '%d0%9f%d1%80%d0%be%d0%ba%d0%be%d0%bf%d1%8c%d0%b5%d0%b2%d1%81', 'ru', 1),
(407864, 781858, 'Кемерово', '%d0%9a%d0%b5%d0%bc%d0%b5%d1%80%d0%be%d0%b2%d0%be', 'ru', 1),
(407865, 781858, 'Новокузнецк', '%d0%9d%d0%be%d0%b2%d0%be%d0%ba%d1%83%d0%b7%d0%bd%d0%b5%d1%86', 'ru', 1),
(407866, 781859, 'Вахруши', '%d0%92%d0%b0%d1%85%d1%80%d1%83%d1%88%d0%b8', 'ru', 1),
(407867, 781859, 'ЗАТО Первомайский', '%d0%97%d0%90%d0%a2%d0%9e-%d0%9f%d0%b5%d1%80%d0%b2%d0%be%d0%b', 'ru', 1),
(407868, 781859, 'Зуевка', '%d0%97%d1%83%d0%b5%d0%b2%d0%ba%d0%b0', 'ru', 1),
(407869, 781859, 'Киров', '%d0%9a%d0%b8%d1%80%d0%be%d0%b2', 'ru', 1),
(407870, 781859, 'Луза', '%d0%9b%d1%83%d0%b7%d0%b0', 'ru', 1),
(407871, 781859, 'Малмыж', '%d0%9c%d0%b0%d0%bb%d0%bc%d1%8b%d0%b6', 'ru', 1),
(407872, 781859, 'Мурыгино', '%d0%9c%d1%83%d1%80%d1%8b%d0%b3%d0%b8%d0%bd%d0%be', 'ru', 1),
(407873, 781859, 'Слободской', '%d0%a1%d0%bb%d0%be%d0%b1%d0%be%d0%b4%d1%81%d0%ba%d0%be%d0%b9', 'ru', 1),
(407874, 781859, 'Советск', '%d0%a1%d0%be%d0%b2%d0%b5%d1%82%d1%81%d0%ba', 'ru', 1),
(407875, 781859, 'Сосновка', '%d0%a1%d0%be%d1%81%d0%bd%d0%be%d0%b2%d0%ba%d0%b0', 'ru', 1),
(407876, 781859, 'Уржум', '%d0%a3%d1%80%d0%b6%d1%83%d0%bc', 'ru', 1),
(407877, 781859, 'Оричи', '%d0%9e%d1%80%d0%b8%d1%87%d0%b8', 'ru', 1),
(407878, 781859, 'Нолинск', '%d0%9d%d0%be%d0%bb%d0%b8%d0%bd%d1%81%d0%ba', 'ru', 1),
(407879, 781859, 'Кирс', '%d0%9a%d0%b8%d1%80%d1%81', 'ru', 1),
(407880, 781859, 'Белая Холуница', '%d0%91%d0%b5%d0%bb%d0%b0%d1%8f-%d0%a5%d0%be%d0%bb%d1%83%d0%b', 'ru', 1),
(407881, 781859, 'Яранск', '%d0%af%d1%80%d0%b0%d0%bd%d1%81%d0%ba', 'ru', 1),
(407882, 781859, 'Омутнинск', '%d0%9e%d0%bc%d1%83%d1%82%d0%bd%d0%b8%d0%bd%d1%81%d0%ba', 'ru', 1),
(407883, 781859, 'Котельнич', '%d0%9a%d0%be%d1%82%d0%b5%d0%bb%d1%8c%d0%bd%d0%b8%d1%87', 'ru', 1),
(407884, 781859, 'Вятские Поляны', '%d0%92%d1%8f%d1%82%d1%81%d0%ba%d0%b8%d0%b5-%d0%9f%d0%be%d0%b', 'ru', 1),
(407885, 781859, 'Кирово-Чепецк', '%d0%9a%d0%b8%d1%80%d0%be%d0%b2%d0%be-%d0%a7%d0%b5%d0%bf%d0%b', 'ru', 1),
(407886, 781860, 'Гайны', '%d0%93%d0%b0%d0%b9%d0%bd%d1%8b', 'ru', 1),
(407887, 781860, 'Коса', '%d0%9a%d0%be%d1%81%d0%b0', 'ru', 1),
(407888, 781860, 'Кочево', '%d0%9a%d0%be%d1%87%d0%b5%d0%b2%d0%be', 'ru', 1),
(407889, 781860, 'Юсьва', '%d0%ae%d1%81%d1%8c%d0%b2%d0%b0', 'ru', 1),
(407890, 781860, 'Юрла', '%d0%ae%d1%80%d0%bb%d0%b0', 'ru', 1),
(407891, 781860, 'Кудымкар', '%d0%9a%d1%83%d0%b4%d1%8b%d0%bc%d0%ba%d0%b0%d1%80', 'ru', 1),
(407892, 781861, 'Апука', '%d0%90%d0%bf%d1%83%d0%ba%d0%b0', 'ru', 1),
(407893, 781861, 'Ачайваям', '%d0%90%d1%87%d0%b0%d0%b9%d0%b2%d0%b0%d1%8f%d0%bc', 'ru', 1),
(407894, 781861, 'Ивашка', '%d0%98%d0%b2%d0%b0%d1%88%d0%ba%d0%b0', 'ru', 1),
(407895, 781861, 'Ильпырское', '%d0%98%d0%bb%d1%8c%d0%bf%d1%8b%d1%80%d1%81%d0%ba%d0%be%d0%b5', 'ru', 1),
(407896, 781861, 'Карага', '%d0%9a%d0%b0%d1%80%d0%b0%d0%b3%d0%b0', 'ru', 1),
(407897, 781861, 'Корф', '%d0%9a%d0%be%d1%80%d1%84', 'ru', 1),
(407898, 781861, 'Кострома', '%d0%9a%d0%be%d1%81%d1%82%d1%80%d0%be%d0%bc%d0%b0', 'ru', 1),
(407899, 781861, 'Пахачи', '%d0%9f%d0%b0%d1%85%d0%b0%d1%87%d0%b8', 'ru', 1),
(407900, 781861, 'Средние Пахачи', '%d0%a1%d1%80%d0%b5%d0%b4%d0%bd%d0%b8%d0%b5-%d0%9f%d0%b0%d1%8', 'ru', 1),
(407901, 781861, 'Тымлат', '%d0%a2%d1%8b%d0%bc%d0%bb%d0%b0%d1%82', 'ru', 1),
(407902, 781861, 'Хаилино', '%d0%a5%d0%b0%d0%b8%d0%bb%d0%b8%d0%bd%d0%be', 'ru', 1),
(407903, 781861, 'Вывенка', '%d0%92%d1%8b%d0%b2%d0%b5%d0%bd%d0%ba%d0%b0', 'ru', 1),
(407904, 781861, 'Тиличики', '%d0%a2%d0%b8%d0%bb%d0%b8%d1%87%d0%b8%d0%ba%d0%b8', 'ru', 1),
(407905, 781861, 'Оссора', '%d0%9e%d1%81%d1%81%d0%be%d1%80%d0%b0', 'ru', 1),
(407906, 781862, 'Буй', '%d0%91%d1%83%d0%b9', 'ru', 1),
(407907, 781862, 'Кострома', '%d0%9a%d0%be%d1%81%d1%82%d1%80%d0%be%d0%bc%d0%b0', 'ru', 1),
(407908, 781862, 'Мантурово', '%d0%9c%d0%b0%d0%bd%d1%82%d1%83%d1%80%d0%be%d0%b2%d0%be', 'ru', 1),
(407909, 781862, 'Нерехта', '%d0%9d%d0%b5%d1%80%d0%b5%d1%85%d1%82%d0%b0', 'ru', 1),
(407910, 781862, 'Нея', '%d0%9d%d0%b5%d1%8f', 'ru', 1),
(407911, 781862, 'Волгореченск', '%d0%92%d0%be%d0%bb%d0%b3%d0%be%d1%80%d0%b5%d1%87%d0%b5%d0%bd', 'ru', 1),
(407912, 781862, 'Галич', '%d0%93%d0%b0%d0%bb%d0%b8%d1%87', 'ru', 1),
(407913, 781862, 'Шарья', '%d0%a8%d0%b0%d1%80%d1%8c%d1%8f', 'ru', 1),
(407914, 781863, 'Горячий Ключ', '%d0%93%d0%be%d1%80%d1%8f%d1%87%d0%b8%d0%b9-%d0%9a%d0%bb%d1%8', 'ru', 1),
(407915, 781863, 'Краснодар', '%d0%9a%d1%80%d0%b0%d1%81%d0%bd%d0%be%d0%b4%d0%b0%d1%80', 'ru', 1),
(407916, 781863, 'Новороссийск', '%d0%9d%d0%be%d0%b2%d0%be%d1%80%d0%be%d1%81%d1%81%d0%b8%d0%b9', 'ru', 1),
(407917, 781863, 'Отрадная', '%d0%9e%d1%82%d1%80%d0%b0%d0%b4%d0%bd%d0%b0%d1%8f', 'ru', 1),
(407918, 781863, 'Павловская', '%d0%9f%d0%b0%d0%b2%d0%bb%d0%be%d0%b2%d1%81%d0%ba%d0%b0%d1%8f', 'ru', 1),
(407919, 781863, 'Тимашёвск', '%d0%a2%d0%b8%d0%bc%d0%b0%d1%88%d1%91%d0%b2%d1%81%d0%ba', 'ru', 1),
(407920, 781863, 'Кропоткин', '%d0%9a%d1%80%d0%be%d0%bf%d0%be%d1%82%d0%ba%d0%b8%d0%bd', 'ru', 1),
(407921, 781863, 'Тихорецк', '%d0%a2%d0%b8%d1%85%d0%be%d1%80%d0%b5%d1%86%d0%ba', 'ru', 1),
(407922, 781863, 'Хадыженск', '%d0%a5%d0%b0%d0%b4%d1%8b%d0%b6%d0%b5%d0%bd%d1%81%d0%ba', 'ru', 1),
(407923, 781863, 'Брюховецкая', '%d0%91%d1%80%d1%8e%d1%85%d0%be%d0%b2%d0%b5%d1%86%d0%ba%d0%b0', 'ru', 1),
(407924, 781863, 'Новотитаровская', '%d0%9d%d0%be%d0%b2%d0%be%d1%82%d0%b8%d1%82%d0%b0%d1%80%d0%be', 'ru', 1),
(407925, 781863, 'Северская', '%d0%a1%d0%b5%d0%b2%d0%b5%d1%80%d1%81%d0%ba%d0%b0%d1%8f', 'ru', 1),
(407926, 781863, 'Ильский', '%d0%98%d0%bb%d1%8c%d1%81%d0%ba%d0%b8%d0%b9', 'ru', 1),
(407927, 781863, 'Тбилисская', '%d0%a2%d0%b1%d0%b8%d0%bb%d0%b8%d1%81%d1%81%d0%ba%d0%b0%d1%8f', 'ru', 1),
(407928, 781863, 'Мостовской', '%d0%9c%d0%be%d1%81%d1%82%d0%be%d0%b2%d1%81%d0%ba%d0%be%d0%b9', 'ru', 1),
(407929, 781863, 'Полтавская', '%d0%9f%d0%be%d0%bb%d1%82%d0%b0%d0%b2%d1%81%d0%ba%d0%b0%d1%8f', 'ru', 1),
(407930, 781863, 'Кущёвская', '%d0%9a%d1%83%d1%89%d1%91%d0%b2%d1%81%d0%ba%d0%b0%d1%8f', 'ru', 1),
(407931, 781863, 'Староминская', '%d0%a1%d1%82%d0%b0%d1%80%d0%be%d0%bc%d0%b8%d0%bd%d1%81%d0%ba', 'ru', 1),
(407932, 781863, 'Приморско-Ахтарск', '%d0%9f%d1%80%d0%b8%d0%bc%d0%be%d1%80%d1%81%d0%ba%d0%be-%d0%9', 'ru', 1),
(407933, 781863, 'Динская', '%d0%94%d0%b8%d0%bd%d1%81%d0%ba%d0%b0%d1%8f', 'ru', 1),
(407934, 781863, 'Абинск', '%d0%90%d0%b1%d0%b8%d0%bd%d1%81%d0%ba', 'ru', 1),
(407935, 781863, 'Гулькевичи', '%d0%93%d1%83%d0%bb%d1%8c%d0%ba%d0%b5%d0%b2%d0%b8%d1%87%d0%b8', 'ru', 1),
(407936, 781863, 'Новокубанск', '%d0%9d%d0%be%d0%b2%d0%be%d0%ba%d1%83%d0%b1%d0%b0%d0%bd%d1%81', 'ru', 1),
(407937, 781863, 'Темрюк', '%d0%a2%d0%b5%d0%bc%d1%80%d1%8e%d0%ba', 'ru', 1),
(407938, 781863, 'Ленинградская', '%d0%9b%d0%b5%d0%bd%d0%b8%d0%bd%d0%b3%d1%80%d0%b0%d0%b4%d1%81', 'ru', 1),
(407939, 781863, 'Апшеронск', '%d0%90%d0%bf%d1%88%d0%b5%d1%80%d0%be%d0%bd%d1%81%d0%ba', 'ru', 1),
(407940, 781863, 'Кореновск', '%d0%9a%d0%be%d1%80%d0%b5%d0%bd%d0%be%d0%b2%d1%81%d0%ba', 'ru', 1),
(407941, 781863, 'Усть-Лабинск', '%d0%a3%d1%81%d1%82%d1%8c-%d0%9b%d0%b0%d0%b1%d0%b8%d0%bd%d1%8', 'ru', 1),
(407942, 781863, 'Каневская', '%d0%9a%d0%b0%d0%bd%d0%b5%d0%b2%d1%81%d0%ba%d0%b0%d1%8f', 'ru', 1),
(407943, 781863, 'Курганинск', '%d0%9a%d1%83%d1%80%d0%b3%d0%b0%d0%bd%d0%b8%d0%bd%d1%81%d0%ba', 'ru', 1),
(407944, 781863, 'Геленджик', '%d0%93%d0%b5%d0%bb%d0%b5%d0%bd%d0%b4%d0%b6%d0%b8%d0%ba', 'ru', 1),
(407945, 781863, 'Анапа', '%d0%90%d0%bd%d0%b0%d0%bf%d0%b0', 'ru', 1),
(407946, 781863, 'Белореченск', '%d0%91%d0%b5%d0%bb%d0%be%d1%80%d0%b5%d1%87%d0%b5%d0%bd%d1%81', 'ru', 1),
(407947, 781863, 'Крымск', '%d0%9a%d1%80%d1%8b%d0%bc%d1%81%d0%ba', 'ru', 1),
(407948, 781863, 'Лабинск', '%d0%9b%d0%b0%d0%b1%d0%b8%d0%bd%d1%81%d0%ba', 'ru', 1),
(407949, 781863, 'Туапсе', '%d0%a2%d1%83%d0%b0%d0%bf%d1%81%d0%b5', 'ru', 1),
(407950, 781863, 'Славянск-на-Кубани', '%d0%a1%d0%bb%d0%b0%d0%b2%d1%8f%d0%bd%d1%81%d0%ba-%d0%bd%d0%b', 'ru', 1),
(407951, 781863, 'Ейск', '%d0%95%d0%b9%d1%81%d0%ba', 'ru', 1),
(407952, 781863, 'Армавир', '%d0%90%d1%80%d0%bc%d0%b0%d0%b2%d0%b8%d1%80', 'ru', 1),
(407953, 781863, 'Сочи', '%d0%a1%d0%be%d1%87%d0%b8', 'ru', 1),
(407954, 781864, 'Ачинск', '%d0%90%d1%87%d0%b8%d0%bd%d1%81%d0%ba', 'ru', 1),
(407955, 781864, 'Берёзовка', '%d0%91%d0%b5%d1%80%d1%91%d0%b7%d0%be%d0%b2%d0%ba%d0%b0', 'ru', 1),
(407956, 781864, 'Боготол', '%d0%91%d0%be%d0%b3%d0%be%d1%82%d0%be%d0%bb', 'ru', 1),
(407957, 781864, 'Бородино', '%d0%91%d0%be%d1%80%d0%be%d0%b4%d0%b8%d0%bd%d0%be', 'ru', 1),
(407958, 781864, 'Канск', '%d0%9a%d0%b0%d0%bd%d1%81%d0%ba', 'ru', 1),
(407959, 781864, 'Красноярск', '%d0%9a%d1%80%d0%b0%d1%81%d0%bd%d0%be%d1%8f%d1%80%d1%81%d0%ba', 'ru', 1),
(407960, 781864, 'Назарово', '%d0%9d%d0%b0%d0%b7%d0%b0%d1%80%d0%be%d0%b2%d0%be', 'ru', 1);
INSERT INTO `oc_t_city` (`pk_i_id`, `fk_i_region_id`, `s_name`, `s_slug`, `fk_c_country_code`, `b_active`) VALUES
(407961, 781864, 'Шарыпово', '%d0%a8%d0%b0%d1%80%d1%8b%d0%bf%d0%be%d0%b2%d0%be', 'ru', 1),
(407962, 781864, 'Ужур', '%d0%a3%d0%b6%d1%83%d1%80', 'ru', 1),
(407963, 781864, 'Кодинск', '%d0%9a%d0%be%d0%b4%d0%b8%d0%bd%d1%81%d0%ba', 'ru', 1),
(407964, 781864, 'Иланский', '%d0%98%d0%bb%d0%b0%d0%bd%d1%81%d0%ba%d0%b8%d0%b9', 'ru', 1),
(407965, 781864, 'Шушенское', '%d0%a8%d1%83%d1%88%d0%b5%d0%bd%d1%81%d0%ba%d0%be%d0%b5', 'ru', 1),
(407966, 781864, 'Енисейск', '%d0%95%d0%bd%d0%b8%d1%81%d0%b5%d0%b9%d1%81%d0%ba', 'ru', 1),
(407967, 781864, 'Дудинка', '%d0%94%d1%83%d0%b4%d0%b8%d0%bd%d0%ba%d0%b0', 'ru', 1),
(407968, 781864, 'Дивногорск', '%d0%94%d0%b8%d0%b2%d0%bd%d0%be%d0%b3%d0%be%d1%80%d1%81%d0%ba', 'ru', 1),
(407969, 781864, 'Сосновоборск', '%d0%a1%d0%be%d1%81%d0%bd%d0%be%d0%b2%d0%be%d0%b1%d0%be%d1%80', 'ru', 1),
(407970, 781864, 'Лесосибирск', '%d0%9b%d0%b5%d1%81%d0%be%d1%81%d0%b8%d0%b1%d0%b8%d1%80%d1%81', 'ru', 1),
(407971, 781864, 'Зеленогорск', '%d0%97%d0%b5%d0%bb%d0%b5%d0%bd%d0%be%d0%b3%d0%be%d1%80%d1%81', 'ru', 1),
(407972, 781864, 'Минусинск', '%d0%9c%d0%b8%d0%bd%d1%83%d1%81%d0%b8%d0%bd%d1%81%d0%ba', 'ru', 1),
(407973, 781864, 'Железногорск', '%d0%96%d0%b5%d0%bb%d0%b5%d0%b7%d0%bd%d0%be%d0%b3%d0%be%d1%80', 'ru', 1),
(407974, 781864, 'Норильск', '%d0%9d%d0%be%d1%80%d0%b8%d0%bb%d1%8c%d1%81%d0%ba', 'ru', 1),
(407975, 781865, 'Каргаполье', '%d0%9a%d0%b0%d1%80%d0%b3%d0%b0%d0%bf%d0%be%d0%bb%d1%8c%d0%b5', 'ru', 1),
(407976, 781865, 'Курган', '%d0%9a%d1%83%d1%80%d0%b3%d0%b0%d0%bd', 'ru', 1),
(407977, 781865, 'Куртамыш', '%d0%9a%d1%83%d1%80%d1%82%d0%b0%d0%bc%d1%8b%d1%88', 'ru', 1),
(407978, 781865, 'Лебяжье', '%d0%9b%d0%b5%d0%b1%d1%8f%d0%b6%d1%8c%d0%b5', 'ru', 1),
(407979, 781865, 'Лесниково', '%d0%9b%d0%b5%d1%81%d0%bd%d0%b8%d0%ba%d0%be%d0%b2%d0%be', 'ru', 1),
(407980, 781865, 'Мишкино', '%d0%9c%d0%b8%d1%88%d0%ba%d0%b8%d0%bd%d0%be', 'ru', 1),
(407981, 781865, 'Петухово', '%d0%9f%d0%b5%d1%82%d1%83%d1%85%d0%be%d0%b2%d0%be', 'ru', 1),
(407982, 781865, 'Половинное', '%d0%9f%d0%be%d0%bb%d0%be%d0%b2%d0%b8%d0%bd%d0%bd%d0%be%d0%b5', 'ru', 1),
(407983, 781865, 'Целинное', '%d0%a6%d0%b5%d0%bb%d0%b8%d0%bd%d0%bd%d0%be%d0%b5', 'ru', 1),
(407984, 781865, 'Шатрово', '%d0%a8%d0%b0%d1%82%d1%80%d0%be%d0%b2%d0%be', 'ru', 1),
(407985, 781865, 'Шумиха', '%d0%a8%d1%83%d0%bc%d0%b8%d1%85%d0%b0', 'ru', 1),
(407986, 781865, 'Щучье', '%d0%a9%d1%83%d1%87%d1%8c%d0%b5', 'ru', 1),
(407987, 781865, 'Иковка', '%d0%98%d0%ba%d0%be%d0%b2%d0%ba%d0%b0', 'ru', 1),
(407988, 781865, 'Кетово', '%d0%9a%d0%b5%d1%82%d0%be%d0%b2%d0%be', 'ru', 1),
(407989, 781865, 'Юргамыш', '%d0%ae%d1%80%d0%b3%d0%b0%d0%bc%d1%8b%d1%88', 'ru', 1),
(407990, 781865, 'Макушино', '%d0%9c%d0%b0%d0%ba%d1%83%d1%88%d0%b8%d0%bd%d0%be', 'ru', 1),
(407991, 781865, 'Варгаши', '%d0%92%d0%b0%d1%80%d0%b3%d0%b0%d1%88%d0%b8', 'ru', 1),
(407992, 781865, 'Далматово', '%d0%94%d0%b0%d0%bb%d0%bc%d0%b0%d1%82%d0%be%d0%b2%d0%be', 'ru', 1),
(407993, 781865, 'Катайск', '%d0%9a%d0%b0%d1%82%d0%b0%d0%b9%d1%81%d0%ba', 'ru', 1),
(407994, 781865, 'Шадринск', '%d0%a8%d0%b0%d0%b4%d1%80%d0%b8%d0%bd%d1%81%d0%ba', 'ru', 1),
(407995, 781866, 'Глушково', '%d0%93%d0%bb%d1%83%d1%88%d0%ba%d0%be%d0%b2%d0%be', 'ru', 1),
(407996, 781866, 'Дмитриев-Льговский', '%d0%94%d0%bc%d0%b8%d1%82%d1%80%d0%b8%d0%b5%d0%b2-%d0%9b%d1%8', 'ru', 1),
(407997, 781866, 'Железногорск', '%d0%96%d0%b5%d0%bb%d0%b5%d0%b7%d0%bd%d0%be%d0%b3%d0%be%d1%80', 'ru', 1),
(407998, 781866, 'Имени Карла Либкнехта', '%d0%98%d0%bc%d0%b5%d0%bd%d0%b8-%d0%9a%d0%b0%d1%80%d0%bb%d0%b', 'ru', 1),
(407999, 781866, 'Коренево', '%d0%9a%d0%be%d1%80%d0%b5%d0%bd%d0%b5%d0%b2%d0%be', 'ru', 1),
(408000, 781866, 'Курск', '%d0%9a%d1%83%d1%80%d1%81%d0%ba', 'ru', 1),
(408001, 781866, 'Льгов', '%d0%9b%d1%8c%d0%b3%d0%be%d0%b2', 'ru', 1),
(408002, 781866, 'Пристень', '%d0%9f%d1%80%d0%b8%d1%81%d1%82%d0%b5%d0%bd%d1%8c', 'ru', 1),
(408003, 781866, 'Щигры', '%d0%a9%d0%b8%d0%b3%d1%80%d1%8b', 'ru', 1),
(408004, 781866, 'Прямицыно', '%d0%9f%d1%80%d1%8f%d0%bc%d0%b8%d1%86%d1%8b%d0%bd%d0%be', 'ru', 1),
(408005, 781866, 'Фатеж', '%d0%a4%d0%b0%d1%82%d0%b5%d0%b6', 'ru', 1),
(408006, 781866, 'Кшенский', '%d0%9a%d1%88%d0%b5%d0%bd%d1%81%d0%ba%d0%b8%d0%b9', 'ru', 1),
(408007, 781866, 'Горшечное', '%d0%93%d0%be%d1%80%d1%88%d0%b5%d1%87%d0%bd%d0%be%d0%b5', 'ru', 1),
(408008, 781866, 'Суджа', '%d0%a1%d1%83%d0%b4%d0%b6%d0%b0', 'ru', 1),
(408009, 781866, 'Обоянь', '%d0%9e%d0%b1%d0%be%d1%8f%d0%bd%d1%8c', 'ru', 1),
(408010, 781866, 'Рыльск', '%d0%a0%d1%8b%d0%bb%d1%8c%d1%81%d0%ba', 'ru', 1),
(408011, 781866, 'Курчатов', '%d0%9a%d1%83%d1%80%d1%87%d0%b0%d1%82%d0%be%d0%b2', 'ru', 1),
(408012, 781867, 'Волосово', '%d0%92%d0%be%d0%bb%d0%be%d1%81%d0%be%d0%b2%d0%be', 'ru', 1),
(408013, 781867, 'Гатчина', '%d0%93%d0%b0%d1%82%d1%87%d0%b8%d0%bd%d0%b0', 'ru', 1),
(408014, 781867, 'Ивангород', '%d0%98%d0%b2%d0%b0%d0%bd%d0%b3%d0%be%d1%80%d0%be%d0%b4', 'ru', 1),
(408015, 781867, 'Кириши', '%d0%9a%d0%b8%d1%80%d0%b8%d1%88%d0%b8', 'ru', 1),
(408016, 781867, 'Кировск', '%d0%9a%d0%b8%d1%80%d0%be%d0%b2%d1%81%d0%ba', 'ru', 1),
(408017, 781867, 'Коммунар', '%d0%9a%d0%be%d0%bc%d0%bc%d1%83%d0%bd%d0%b0%d1%80', 'ru', 1),
(408018, 781867, 'Луга', '%d0%9b%d1%83%d0%b3%d0%b0', 'ru', 1),
(408019, 781867, 'Никольское', '%d0%9d%d0%b8%d0%ba%d0%be%d0%bb%d1%8c%d1%81%d0%ba%d0%be%d0%b5', 'ru', 1),
(408020, 781867, 'Отрадное', '%d0%9e%d1%82%d1%80%d0%b0%d0%b4%d0%bd%d0%be%d0%b5', 'ru', 1),
(408021, 781867, 'Пикалёво', '%d0%9f%d0%b8%d0%ba%d0%b0%d0%bb%d1%91%d0%b2%d0%be', 'ru', 1),
(408022, 781867, 'Сланцы', '%d0%a1%d0%bb%d0%b0%d0%bd%d1%86%d1%8b', 'ru', 1),
(408023, 781867, 'Сосновый Бор', '%d0%a1%d0%be%d1%81%d0%bd%d0%be%d0%b2%d1%8b%d0%b9-%d0%91%d0%b', 'ru', 1),
(408024, 781867, 'имени Морозова', '%d0%b8%d0%bc%d0%b5%d0%bd%d0%b8-%d0%9c%d0%be%d1%80%d0%be%d0%b', 'ru', 1),
(408025, 781867, 'Вырица', '%d0%92%d1%8b%d1%80%d0%b8%d1%86%d0%b0', 'ru', 1),
(408026, 781867, 'Сиверский', '%d0%a1%d0%b8%d0%b2%d0%b5%d1%80%d1%81%d0%ba%d0%b8%d0%b9', 'ru', 1),
(408027, 781867, 'Шлиссельбург', '%d0%a8%d0%bb%d0%b8%d1%81%d1%81%d0%b5%d0%bb%d1%8c%d0%b1%d1%83', 'ru', 1),
(408028, 781867, 'Сясьстрой', '%d0%a1%d1%8f%d1%81%d1%8c%d1%81%d1%82%d1%80%d0%be%d0%b9', 'ru', 1),
(408029, 781867, 'Светогорск', '%d0%a1%d0%b2%d0%b5%d1%82%d0%be%d0%b3%d0%be%d1%80%d1%81%d0%ba', 'ru', 1),
(408030, 781867, 'Бокситогорск', '%d0%91%d0%be%d0%ba%d1%81%d0%b8%d1%82%d0%be%d0%b3%d0%be%d1%80', 'ru', 1),
(408031, 781867, 'Приозерск', '%d0%9f%d1%80%d0%b8%d0%be%d0%b7%d0%b5%d1%80%d1%81%d0%ba', 'ru', 1),
(408032, 781867, 'Подпорожье', '%d0%9f%d0%be%d0%b4%d0%bf%d0%be%d1%80%d0%be%d0%b6%d1%8c%d0%b5', 'ru', 1),
(408033, 781867, 'Лодейное Поле', '%d0%9b%d0%be%d0%b4%d0%b5%d0%b9%d0%bd%d0%be%d0%b5-%d0%9f%d0%b', 'ru', 1),
(408034, 781867, 'Тосно', '%d0%a2%d0%be%d1%81%d0%bd%d0%be', 'ru', 1),
(408035, 781867, 'Сертолово', '%d0%a1%d0%b5%d1%80%d1%82%d0%be%d0%bb%d0%be%d0%b2%d0%be', 'ru', 1),
(408036, 781867, 'Волхов', '%d0%92%d0%be%d0%bb%d1%85%d0%be%d0%b2', 'ru', 1),
(408037, 781867, 'Всеволожск', '%d0%92%d1%81%d0%b5%d0%b2%d0%be%d0%bb%d0%be%d0%b6%d1%81%d0%ba', 'ru', 1),
(408038, 781867, 'Кингисепп', '%d0%9a%d0%b8%d0%bd%d0%b3%d0%b8%d1%81%d0%b5%d0%bf%d0%bf', 'ru', 1),
(408039, 781867, 'Тихвин', '%d0%a2%d0%b8%d1%85%d0%b2%d0%b8%d0%bd', 'ru', 1),
(408040, 781867, 'Выборг', '%d0%92%d1%8b%d0%b1%d0%be%d1%80%d0%b3', 'ru', 1),
(408041, 781868, 'Добринка', '%d0%94%d0%be%d0%b1%d1%80%d0%b8%d0%bd%d0%ba%d0%b0', 'ru', 1),
(408042, 781868, 'Доброе', '%d0%94%d0%be%d0%b1%d1%80%d0%be%d0%b5', 'ru', 1),
(408043, 781868, 'Долгоруково', '%d0%94%d0%be%d0%bb%d0%b3%d0%be%d1%80%d1%83%d0%ba%d0%be%d0%b2', 'ru', 1),
(408044, 781868, 'Кривополянье', '%d0%9a%d1%80%d0%b8%d0%b2%d0%be%d0%bf%d0%be%d0%bb%d1%8f%d0%bd', 'ru', 1),
(408045, 781868, 'Становое', '%d0%a1%d1%82%d0%b0%d0%bd%d0%be%d0%b2%d0%be%d0%b5', 'ru', 1),
(408046, 781868, 'Усмань', '%d0%a3%d1%81%d0%bc%d0%b0%d0%bd%d1%8c', 'ru', 1),
(408047, 781868, 'Чаплыгин', '%d0%a7%d0%b0%d0%bf%d0%bb%d1%8b%d0%b3%d0%b8%d0%bd', 'ru', 1),
(408048, 781868, 'Боринское', '%d0%91%d0%be%d1%80%d0%b8%d0%bd%d1%81%d0%ba%d0%be%d0%b5', 'ru', 1),
(408049, 781868, 'Хлевное', '%d0%a5%d0%bb%d0%b5%d0%b2%d0%bd%d0%be%d0%b5', 'ru', 1),
(408050, 781868, 'Тербуны', '%d0%a2%d0%b5%d1%80%d0%b1%d1%83%d0%bd%d1%8b', 'ru', 1),
(408051, 781868, 'Лев Толстой', '%d0%9b%d0%b5%d0%b2-%d0%a2%d0%be%d0%bb%d1%81%d1%82%d0%be%d0%b', 'ru', 1),
(408052, 781868, 'Задонск', '%d0%97%d0%b0%d0%b4%d0%be%d0%bd%d1%81%d0%ba', 'ru', 1),
(408053, 781868, 'Данков', '%d0%94%d0%b0%d0%bd%d0%ba%d0%be%d0%b2', 'ru', 1),
(408054, 781868, 'Лебедянь', '%d0%9b%d0%b5%d0%b1%d0%b5%d0%b4%d1%8f%d0%bd%d1%8c', 'ru', 1),
(408055, 781868, 'Грязи', '%d0%93%d1%80%d1%8f%d0%b7%d0%b8', 'ru', 1),
(408056, 781868, 'Елец', '%d0%95%d0%bb%d0%b5%d1%86', 'ru', 1),
(408057, 781868, 'Липецк', '%d0%9b%d0%b8%d0%bf%d0%b5%d1%86%d0%ba', 'ru', 1),
(408058, 781869, 'Синегорье', '%d0%a1%d0%b8%d0%bd%d0%b5%d0%b3%d0%be%d1%80%d1%8c%d0%b5', 'ru', 1),
(408059, 781869, 'Сокол', '%d0%a1%d0%be%d0%ba%d0%be%d0%bb', 'ru', 1),
(408060, 781869, 'Стекольный', '%d0%a1%d1%82%d0%b5%d0%ba%d0%be%d0%bb%d1%8c%d0%bd%d1%8b%d0%b9', 'ru', 1),
(408061, 781869, 'Ягодное', '%d0%af%d0%b3%d0%be%d0%b4%d0%bd%d0%be%d0%b5', 'ru', 1),
(408062, 781869, 'Уптар', '%d0%a3%d0%bf%d1%82%d0%b0%d1%80', 'ru', 1),
(408063, 781869, 'Оротукан', '%d0%9e%d1%80%d0%be%d1%82%d1%83%d0%ba%d0%b0%d0%bd', 'ru', 1),
(408064, 781869, 'Сеймчан', '%d0%a1%d0%b5%d0%b9%d0%bc%d1%87%d0%b0%d0%bd', 'ru', 1),
(408065, 781869, 'Омсукчан', '%d0%9e%d0%bc%d1%81%d1%83%d0%ba%d1%87%d0%b0%d0%bd', 'ru', 1),
(408066, 781869, 'Усть-Омчуг', '%d0%a3%d1%81%d1%82%d1%8c-%d0%9e%d0%bc%d1%87%d1%83%d0%b3', 'ru', 1),
(408067, 781869, 'Палатка', '%d0%9f%d0%b0%d0%bb%d0%b0%d1%82%d0%ba%d0%b0', 'ru', 1),
(408068, 781869, 'Ола', '%d0%9e%d0%bb%d0%b0', 'ru', 1),
(408069, 781869, 'Сусуман', '%d0%a1%d1%83%d1%81%d1%83%d0%bc%d0%b0%d0%bd', 'ru', 1),
(408070, 781869, 'Магадан', '%d0%9c%d0%b0%d0%b3%d0%b0%d0%b4%d0%b0%d0%bd', 'ru', 1),
(408071, 781870, 'Москва', '%d0%9c%d0%be%d1%81%d0%ba%d0%b2%d0%b0', 'ru', 1),
(408072, 781871, 'Видное', '%d0%92%d0%b8%d0%b4%d0%bd%d0%be%d0%b5', 'ru', 1),
(408073, 781871, 'Волоколамск', '%d0%92%d0%be%d0%bb%d0%be%d0%ba%d0%be%d0%bb%d0%b0%d0%bc%d1%81', 'ru', 1),
(408074, 781871, 'Воскресенск', '%d0%92%d0%be%d1%81%d0%ba%d1%80%d0%b5%d1%81%d0%b5%d0%bd%d1%81', 'ru', 1),
(408075, 781871, 'Дедовск', '%d0%94%d0%b5%d0%b4%d0%be%d0%b2%d1%81%d0%ba', 'ru', 1),
(408076, 781871, 'Дзержинский', '%d0%94%d0%b7%d0%b5%d1%80%d0%b6%d0%b8%d0%bd%d1%81%d0%ba%d0%b8', 'ru', 1),
(408077, 781871, 'Дмитров', '%d0%94%d0%bc%d0%b8%d1%82%d1%80%d0%be%d0%b2', 'ru', 1),
(408078, 781871, 'Дубна', '%d0%94%d1%83%d0%b1%d0%bd%d0%b0', 'ru', 1),
(408079, 781871, 'Железнодорожный', '%d0%96%d0%b5%d0%bb%d0%b5%d0%b7%d0%bd%d0%be%d0%b4%d0%be%d1%80', 'ru', 1),
(408080, 781871, 'Жуковский', '%d0%96%d1%83%d0%ba%d0%be%d0%b2%d1%81%d0%ba%d0%b8%d0%b9', 'ru', 1),
(408081, 781871, 'Истра', '%d0%98%d1%81%d1%82%d1%80%d0%b0', 'ru', 1),
(408082, 781871, 'Калининец', '%d0%9a%d0%b0%d0%bb%d0%b8%d0%bd%d0%b8%d0%bd%d0%b5%d1%86', 'ru', 1),
(408083, 781871, 'Климовск', '%d0%9a%d0%bb%d0%b8%d0%bc%d0%be%d0%b2%d1%81%d0%ba', 'ru', 1),
(408084, 781871, 'Клин', '%d0%9a%d0%bb%d0%b8%d0%bd', 'ru', 1),
(408085, 781871, 'Королёв', '%d0%9a%d0%be%d1%80%d0%be%d0%bb%d1%91%d0%b2', 'ru', 1),
(408086, 781871, 'Мытищи', '%d0%9c%d1%8b%d1%82%d0%b8%d1%89%d0%b8', 'ru', 1),
(408087, 781871, 'Наро-Фоминск', '%d0%9d%d0%b0%d1%80%d0%be-%d0%a4%d0%be%d0%bc%d0%b8%d0%bd%d1%8', 'ru', 1),
(408088, 781871, 'Ногинск', '%d0%9d%d0%be%d0%b3%d0%b8%d0%bd%d1%81%d0%ba', 'ru', 1),
(408089, 781871, 'Одинцово', '%d0%9e%d0%b4%d0%b8%d0%bd%d1%86%d0%be%d0%b2%d0%be', 'ru', 1),
(408090, 781871, 'Подольск', '%d0%9f%d0%be%d0%b4%d0%be%d0%bb%d1%8c%d1%81%d0%ba', 'ru', 1),
(408091, 781871, 'Пушкино', '%d0%9f%d1%83%d1%88%d0%ba%d0%b8%d0%bd%d0%be', 'ru', 1),
(408092, 781871, 'Пущино', '%d0%9f%d1%83%d1%89%d0%b8%d0%bd%d0%be', 'ru', 1),
(408093, 781871, 'Раменское', '%d0%a0%d0%b0%d0%bc%d0%b5%d0%bd%d1%81%d0%ba%d0%be%d0%b5', 'ru', 1),
(408094, 781871, 'Ступино', '%d0%a1%d1%82%d1%83%d0%bf%d0%b8%d0%bd%d0%be', 'ru', 1),
(408095, 781871, 'Томилино', '%d0%a2%d0%be%d0%bc%d0%b8%d0%bb%d0%b8%d0%bd%d0%be', 'ru', 1),
(408096, 781871, 'Троицк', '%d0%a2%d1%80%d0%be%d0%b8%d1%86%d0%ba', 'ru', 1),
(408097, 781871, 'Фрязино', '%d0%a4%d1%80%d1%8f%d0%b7%d0%b8%d0%bd%d0%be', 'ru', 1),
(408098, 781871, 'Хотьково', '%d0%a5%d0%be%d1%82%d1%8c%d0%ba%d0%be%d0%b2%d0%be', 'ru', 1),
(408099, 781871, 'Щербинка', '%d0%a9%d0%b5%d1%80%d0%b1%d0%b8%d0%bd%d0%ba%d0%b0', 'ru', 1),
(408100, 781871, 'Щёлково', '%d0%a9%d1%91%d0%bb%d0%ba%d0%be%d0%b2%d0%be', 'ru', 1),
(408101, 781871, 'Юбилейный', '%d0%ae%d0%b1%d0%b8%d0%bb%d0%b5%d0%b9%d0%bd%d1%8b%d0%b9', 'ru', 1),
(408102, 781871, 'Красногорск', '%d0%9a%d1%80%d0%b0%d1%81%d0%bd%d0%be%d0%b3%d0%be%d1%80%d1%81', 'ru', 1),
(408103, 781871, 'Чехов', '%d0%a7%d0%b5%d1%85%d0%be%d0%b2', 'ru', 1),
(408104, 781871, 'Ивантеевка', '%d0%98%d0%b2%d0%b0%d0%bd%d1%82%d0%b5%d0%b5%d0%b2%d0%ba%d0%b0', 'ru', 1),
(408105, 781871, 'Электроугли', '%d0%ad%d0%bb%d0%b5%d0%ba%d1%82%d1%80%d0%be%d1%83%d0%b3%d0%bb', 'ru', 1),
(408106, 781871, 'Черноголовка', '%d0%a7%d0%b5%d1%80%d0%bd%d0%be%d0%b3%d0%be%d0%bb%d0%be%d0%b2', 'ru', 1),
(408107, 781871, 'Старая Купавна', '%d0%a1%d1%82%d0%b0%d1%80%d0%b0%d1%8f-%d0%9a%d1%83%d0%bf%d0%b', 'ru', 1),
(408108, 781871, 'Рошаль', '%d0%a0%d0%be%d1%88%d0%b0%d0%bb%d1%8c', 'ru', 1),
(408109, 781871, 'Лосино-Петровский', '%d0%9b%d0%be%d1%81%d0%b8%d0%bd%d0%be-%d0%9f%d0%b5%d1%82%d1%8', 'ru', 1),
(408110, 781871, 'Зарайск', '%d0%97%d0%b0%d1%80%d0%b0%d0%b9%d1%81%d0%ba', 'ru', 1),
(408111, 781871, 'Красноармейск', '%d0%9a%d1%80%d0%b0%d1%81%d0%bd%d0%be%d0%b0%d1%80%d0%bc%d0%b5', 'ru', 1),
(408112, 781871, 'Озёры', '%d0%9e%d0%b7%d1%91%d1%80%d1%8b', 'ru', 1),
(408113, 781871, 'Шатура', '%d0%a8%d0%b0%d1%82%d1%83%d1%80%d0%b0', 'ru', 1),
(408114, 781871, 'Ликино-Дулёво', '%d0%9b%d0%b8%d0%ba%d0%b8%d0%bd%d0%be-%d0%94%d1%83%d0%bb%d1%9', 'ru', 1),
(408115, 781871, 'Можайск', '%d0%9c%d0%be%d0%b6%d0%b0%d0%b9%d1%81%d0%ba', 'ru', 1),
(408116, 781871, 'Нахабино', '%d0%9d%d0%b0%d1%85%d0%b0%d0%b1%d0%b8%d0%bd%d0%be', 'ru', 1),
(408117, 781871, 'Луховицы', '%d0%9b%d1%83%d1%85%d0%be%d0%b2%d0%b8%d1%86%d1%8b', 'ru', 1),
(408118, 781871, 'Краснознаменск', '%d0%9a%d1%80%d0%b0%d1%81%d0%bd%d0%be%d0%b7%d0%bd%d0%b0%d0%bc', 'ru', 1),
(408119, 781871, 'Протвино', '%d0%9f%d1%80%d0%be%d1%82%d0%b2%d0%b8%d0%bd%d0%be', 'ru', 1),
(408120, 781871, 'Кашира', '%d0%9a%d0%b0%d1%88%d0%b8%d1%80%d0%b0', 'ru', 1),
(408121, 781871, 'Лыткарино', '%d0%9b%d1%8b%d1%82%d0%ba%d0%b0%d1%80%d0%b8%d0%bd%d0%be', 'ru', 1),
(408122, 781871, 'Домодедово', '%d0%94%d0%be%d0%bc%d0%be%d0%b4%d0%b5%d0%b4%d0%be%d0%b2%d0%be', 'ru', 1),
(408123, 781871, 'Солнечногорск', '%d0%a1%d0%be%d0%bb%d0%bd%d0%b5%d1%87%d0%bd%d0%be%d0%b3%d0%be', 'ru', 1),
(408124, 781871, 'Павловский Посад', '%d0%9f%d0%b0%d0%b2%d0%bb%d0%be%d0%b2%d1%81%d0%ba%d0%b8%d0%b9', 'ru', 1),
(408125, 781871, 'Лобня', '%d0%9b%d0%be%d0%b1%d0%bd%d1%8f', 'ru', 1),
(408126, 781871, 'Долгопрудный', '%d0%94%d0%be%d0%bb%d0%b3%d0%be%d0%bf%d1%80%d1%83%d0%b4%d0%bd', 'ru', 1),
(408127, 781871, 'Реутов', '%d0%a0%d0%b5%d1%83%d1%82%d0%be%d0%b2', 'ru', 1),
(408128, 781871, 'Егорьевск', '%d0%95%d0%b3%d0%be%d1%80%d1%8c%d0%b5%d0%b2%d1%81%d0%ba', 'ru', 1),
(408129, 781871, 'Сергиев Посад', '%d0%a1%d0%b5%d1%80%d0%b3%d0%b8%d0%b5%d0%b2-%d0%9f%d0%be%d1%8', 'ru', 1),
(408130, 781871, 'Орехово-Зуево', '%d0%9e%d1%80%d0%b5%d1%85%d0%be%d0%b2%d0%be-%d0%97%d1%83%d0%b', 'ru', 1),
(408131, 781871, 'Серпухов', '%d0%a1%d0%b5%d1%80%d0%bf%d1%83%d1%85%d0%be%d0%b2', 'ru', 1),
(408132, 781871, 'Химки', '%d0%a5%d0%b8%d0%bc%d0%ba%d0%b8', 'ru', 1),
(408133, 781871, 'Электросталь', '%d0%ad%d0%bb%d0%b5%d0%ba%d1%82%d1%80%d0%be%d1%81%d1%82%d0%b0', 'ru', 1),
(408134, 781871, 'Коломна', '%d0%9a%d0%be%d0%bb%d0%be%d0%bc%d0%bd%d0%b0', 'ru', 1),
(408135, 781871, 'Балашиха', '%d0%91%d0%b0%d0%bb%d0%b0%d1%88%d0%b8%d1%85%d0%b0', 'ru', 1),
(408136, 781871, 'Люберцы', '%d0%9b%d1%8e%d0%b1%d0%b5%d1%80%d1%86%d1%8b', 'ru', 1),
(408137, 781872, 'Зеленоборский', '%d0%97%d0%b5%d0%bb%d0%b5%d0%bd%d0%be%d0%b1%d0%be%d1%80%d1%81', 'ru', 1),
(408138, 781872, 'Кировск', '%d0%9a%d0%b8%d1%80%d0%be%d0%b2%d1%81%d0%ba', 'ru', 1),
(408139, 781872, 'Мурмаши', '%d0%9c%d1%83%d1%80%d0%bc%d0%b0%d1%88%d0%b8', 'ru', 1),
(408140, 781872, 'Полярный', '%d0%9f%d0%be%d0%bb%d1%8f%d1%80%d0%bd%d1%8b%d0%b9', 'ru', 1),
(408141, 781872, 'Ревда', '%d0%a0%d0%b5%d0%b2%d0%b4%d0%b0', 'ru', 1),
(408142, 781872, 'Росляково', '%d0%a0%d0%be%d1%81%d0%bb%d1%8f%d0%ba%d0%be%d0%b2%d0%be', 'ru', 1),
(408143, 781872, 'Сафоново', '%d0%a1%d0%b0%d1%84%d0%be%d0%bd%d0%be%d0%b2%d0%be', 'ru', 1),
(408144, 781872, 'Снежногорск', '%d0%a1%d0%bd%d0%b5%d0%b6%d0%bd%d0%be%d0%b3%d0%be%d1%80%d1%81', 'ru', 1),
(408145, 781872, 'Заполярный', '%d0%97%d0%b0%d0%bf%d0%be%d0%bb%d1%8f%d1%80%d0%bd%d1%8b%d0%b9', 'ru', 1),
(408146, 781872, 'Молочный', '%d0%9c%d0%be%d0%bb%d0%be%d1%87%d0%bd%d1%8b%d0%b9', 'ru', 1),
(408147, 781872, 'Умба', '%d0%a3%d0%bc%d0%b1%d0%b0', 'ru', 1),
(408148, 781872, 'Алакуртти', '%d0%90%d0%bb%d0%b0%d0%ba%d1%83%d1%80%d1%82%d1%82%d0%b8', 'ru', 1),
(408149, 781872, 'Видяево', '%d0%92%d0%b8%d0%b4%d1%8f%d0%b5%d0%b2%d0%be', 'ru', 1),
(408150, 781872, 'Кола', '%d0%9a%d0%be%d0%bb%d0%b0', 'ru', 1),
(408151, 781872, 'Заозёрск', '%d0%97%d0%b0%d0%be%d0%b7%d1%91%d1%80%d1%81%d0%ba', 'ru', 1),
(408152, 781872, 'Гаджиево', '%d0%93%d0%b0%d0%b4%d0%b6%d0%b8%d0%b5%d0%b2%d0%be', 'ru', 1),
(408153, 781872, 'Полярные Зори', '%d0%9f%d0%be%d0%bb%d1%8f%d1%80%d0%bd%d1%8b%d0%b5-%d0%97%d0%b', 'ru', 1),
(408154, 781872, 'Никель', '%d0%9d%d0%b8%d0%ba%d0%b5%d0%bb%d1%8c', 'ru', 1),
(408155, 781872, 'Ковдор', '%d0%9a%d0%be%d0%b2%d0%b4%d0%be%d1%80', 'ru', 1),
(408156, 781872, 'Оленегорск', '%d0%9e%d0%bb%d0%b5%d0%bd%d0%b5%d0%b3%d0%be%d1%80%d1%81%d0%ba', 'ru', 1),
(408157, 781872, 'Кандалакша', '%d0%9a%d0%b0%d0%bd%d0%b4%d0%b0%d0%bb%d0%b0%d0%ba%d1%88%d0%b0', 'ru', 1),
(408158, 781872, 'Мончегорск', '%d0%9c%d0%be%d0%bd%d1%87%d0%b5%d0%b3%d0%be%d1%80%d1%81%d0%ba', 'ru', 1),
(408159, 781872, 'Североморск', '%d0%a1%d0%b5%d0%b2%d0%b5%d1%80%d0%be%d0%bc%d0%be%d1%80%d1%81', 'ru', 1),
(408160, 781872, 'Апатиты', '%d0%90%d0%bf%d0%b0%d1%82%d0%b8%d1%82%d1%8b', 'ru', 1),
(408161, 781872, 'Мурманск', '%d0%9c%d1%83%d1%80%d0%bc%d0%b0%d0%bd%d1%81%d0%ba', 'ru', 1),
(408162, 781873, 'Искателей', '%d0%98%d1%81%d0%ba%d0%b0%d1%82%d0%b5%d0%bb%d0%b5%d0%b9', 'ru', 1),
(408163, 781873, 'Нарьян-Мар', '%d0%9d%d0%b0%d1%80%d1%8c%d1%8f%d0%bd-%d0%9c%d0%b0%d1%80', 'ru', 1),
(408164, 781874, 'Балахна', '%d0%91%d0%b0%d0%bb%d0%b0%d1%85%d0%bd%d0%b0', 'ru', 1),
(408165, 781874, 'Богородск', '%d0%91%d0%be%d0%b3%d0%be%d1%80%d0%be%d0%b4%d1%81%d0%ba', 'ru', 1),
(408166, 781874, 'Бор', '%d0%91%d0%be%d1%80', 'ru', 1),
(408167, 781874, 'Городец', '%d0%93%d0%be%d1%80%d0%be%d0%b4%d0%b5%d1%86', 'ru', 1),
(408168, 781874, 'Дзержинск', '%d0%94%d0%b7%d0%b5%d1%80%d0%b6%d0%b8%d0%bd%d1%81%d0%ba', 'ru', 1),
(408169, 781874, 'Заволжье', '%d0%97%d0%b0%d0%b2%d0%be%d0%bb%d0%b6%d1%8c%d0%b5', 'ru', 1),
(408170, 781874, 'Кстово', '%d0%9a%d1%81%d1%82%d0%be%d0%b2%d0%be', 'ru', 1),
(408171, 781874, 'Лысково', '%d0%9b%d1%8b%d1%81%d0%ba%d0%be%d0%b2%d0%be', 'ru', 1),
(408172, 781874, 'Мулино', '%d0%9c%d1%83%d0%bb%d0%b8%d0%bd%d0%be', 'ru', 1),
(408173, 781874, 'Павлово', '%d0%9f%d0%b0%d0%b2%d0%bb%d0%be%d0%b2%d0%be', 'ru', 1),
(408174, 781874, 'Первомайск', '%d0%9f%d0%b5%d1%80%d0%b2%d0%be%d0%bc%d0%b0%d0%b9%d1%81%d0%ba', 'ru', 1),
(408175, 781874, 'Починки', '%d0%9f%d0%be%d1%87%d0%b8%d0%bd%d0%ba%d0%b8', 'ru', 1),
(408176, 781874, 'Семёнов', '%d0%a1%d0%b5%d0%bc%d1%91%d0%bd%d0%be%d0%b2', 'ru', 1),
(408177, 781874, 'Володарск', '%d0%92%d0%be%d0%bb%d0%be%d0%b4%d0%b0%d1%80%d1%81%d0%ba', 'ru', 1),
(408178, 781874, 'Урень', '%d0%a3%d1%80%d0%b5%d0%bd%d1%8c', 'ru', 1),
(408179, 781874, 'Ворсма', '%d0%92%d0%be%d1%80%d1%81%d0%bc%d0%b0', 'ru', 1),
(408180, 781874, 'Лукоянов', '%d0%9b%d1%83%d0%ba%d0%be%d1%8f%d0%bd%d0%be%d0%b2', 'ru', 1),
(408181, 781874, 'Чкаловск', '%d0%a7%d0%ba%d0%b0%d0%bb%d0%be%d0%b2%d1%81%d0%ba', 'ru', 1),
(408182, 781874, 'Навашино', '%d0%9d%d0%b0%d0%b2%d0%b0%d1%88%d0%b8%d0%bd%d0%be', 'ru', 1),
(408183, 781874, 'Сергач', '%d0%a1%d0%b5%d1%80%d0%b3%d0%b0%d1%87', 'ru', 1),
(408184, 781874, 'Шахунья', '%d0%a8%d0%b0%d1%85%d1%83%d0%bd%d1%8c%d1%8f', 'ru', 1),
(408185, 781874, 'Кулебаки', '%d0%9a%d1%83%d0%bb%d0%b5%d0%b1%d0%b0%d0%ba%d0%b8', 'ru', 1),
(408186, 781874, 'Выкса', '%d0%92%d1%8b%d0%ba%d1%81%d0%b0', 'ru', 1),
(408187, 781874, 'Саров', '%d0%a1%d0%b0%d1%80%d0%be%d0%b2', 'ru', 1),
(408188, 781874, 'Арзамас', '%d0%90%d1%80%d0%b7%d0%b0%d0%bc%d0%b0%d1%81', 'ru', 1),
(408189, 781874, 'Нижний Новгород', '%d0%9d%d0%b8%d0%b6%d0%bd%d0%b8%d0%b9-%d0%9d%d0%be%d0%b2%d0%b', 'ru', 1),
(408190, 781875, 'Боровичи', '%d0%91%d0%be%d1%80%d0%be%d0%b2%d0%b8%d1%87%d0%b8', 'ru', 1),
(408191, 781875, 'Крестцы', '%d0%9a%d1%80%d0%b5%d1%81%d1%82%d1%86%d1%8b', 'ru', 1),
(408192, 781875, 'Малая Вишера', '%d0%9c%d0%b0%d0%bb%d0%b0%d1%8f-%d0%92%d0%b8%d1%88%d0%b5%d1%8', 'ru', 1),
(408193, 781875, 'Окуловка', '%d0%9e%d0%ba%d1%83%d0%bb%d0%be%d0%b2%d0%ba%d0%b0', 'ru', 1),
(408194, 781875, 'Пестово', '%d0%9f%d0%b5%d1%81%d1%82%d0%be%d0%b2%d0%be', 'ru', 1),
(408195, 781875, 'Хвойная', '%d0%a5%d0%b2%d0%be%d0%b9%d0%bd%d0%b0%d1%8f', 'ru', 1),
(408196, 781875, 'Чудово', '%d0%a7%d1%83%d0%b4%d0%be%d0%b2%d0%be', 'ru', 1),
(408197, 781875, 'Демянск', '%d0%94%d0%b5%d0%bc%d1%8f%d0%bd%d1%81%d0%ba', 'ru', 1),
(408198, 781875, 'Парфино', '%d0%9f%d0%b0%d1%80%d1%84%d0%b8%d0%bd%d0%be', 'ru', 1),
(408199, 781875, 'Панковка', '%d0%9f%d0%b0%d0%bd%d0%ba%d0%be%d0%b2%d0%ba%d0%b0', 'ru', 1),
(408200, 781875, 'Сольцы', '%d0%a1%d0%be%d0%bb%d1%8c%d1%86%d1%8b', 'ru', 1),
(408201, 781875, 'Валдай', '%d0%92%d0%b0%d0%bb%d0%b4%d0%b0%d0%b9', 'ru', 1),
(408202, 781875, 'Старая Русса', '%d0%a1%d1%82%d0%b0%d1%80%d0%b0%d1%8f-%d0%a0%d1%83%d1%81%d1%8', 'ru', 1),
(408203, 781875, 'Великий Новгород', '%d0%92%d0%b5%d0%bb%d0%b8%d0%ba%d0%b8%d0%b9-%d0%9d%d0%be%d0%b', 'ru', 1),
(408204, 781876, 'Горный', '%d0%93%d0%be%d1%80%d0%bd%d1%8b%d0%b9', 'ru', 1),
(408205, 781876, 'Карасук', '%d0%9a%d0%b0%d1%80%d0%b0%d1%81%d1%83%d0%ba', 'ru', 1),
(408206, 781876, 'Колывань', '%d0%9a%d0%be%d0%bb%d1%8b%d0%b2%d0%b0%d0%bd%d1%8c', 'ru', 1),
(408207, 781876, 'Куйбышев', '%d0%9a%d1%83%d0%b9%d0%b1%d1%8b%d1%88%d0%b5%d0%b2', 'ru', 1),
(408208, 781876, 'Линёво', '%d0%9b%d0%b8%d0%bd%d1%91%d0%b2%d0%be', 'ru', 1),
(408209, 781876, 'Маслянино', '%d0%9c%d0%b0%d1%81%d0%bb%d1%8f%d0%bd%d0%b8%d0%bd%d0%be', 'ru', 1),
(408210, 781876, 'Черепаново', '%d0%a7%d0%b5%d1%80%d0%b5%d0%bf%d0%b0%d0%bd%d0%be%d0%b2%d0%be', 'ru', 1),
(408211, 781876, 'Чулым', '%d0%a7%d1%83%d0%bb%d1%8b%d0%bc', 'ru', 1),
(408212, 781876, 'Ордынское', '%d0%9e%d1%80%d0%b4%d1%8b%d0%bd%d1%81%d0%ba%d0%be%d0%b5', 'ru', 1),
(408213, 781876, 'Краснозерское', '%d0%9a%d1%80%d0%b0%d1%81%d0%bd%d0%be%d0%b7%d0%b5%d1%80%d1%81', 'ru', 1),
(408214, 781876, 'Каргат', '%d0%9a%d0%b0%d1%80%d0%b3%d0%b0%d1%82', 'ru', 1),
(408215, 781876, 'Сузун', '%d0%a1%d1%83%d0%b7%d1%83%d0%bd', 'ru', 1),
(408216, 781876, 'Купино', '%d0%9a%d1%83%d0%bf%d0%b8%d0%bd%d0%be', 'ru', 1),
(408217, 781876, 'Коченёво', '%d0%9a%d0%be%d1%87%d0%b5%d0%bd%d1%91%d0%b2%d0%be', 'ru', 1),
(408218, 781876, 'Краснообск', '%d0%9a%d1%80%d0%b0%d1%81%d0%bd%d0%be%d0%be%d0%b1%d1%81%d0%ba', 'ru', 1),
(408219, 781876, 'Болотное', '%d0%91%d0%be%d0%bb%d0%be%d1%82%d0%bd%d0%be%d0%b5', 'ru', 1),
(408220, 781876, 'Тогучин', '%d0%a2%d0%be%d0%b3%d1%83%d1%87%d0%b8%d0%bd', 'ru', 1),
(408221, 781876, 'Обь', '%d0%9e%d0%b1%d1%8c', 'ru', 1),
(408222, 781876, 'Татарск', '%d0%a2%d0%b0%d1%82%d0%b0%d1%80%d1%81%d0%ba', 'ru', 1),
(408223, 781876, 'Барабинск', '%d0%91%d0%b0%d1%80%d0%b0%d0%b1%d0%b8%d0%bd%d1%81%d0%ba', 'ru', 1),
(408224, 781876, 'Искитим', '%d0%98%d1%81%d0%ba%d0%b8%d1%82%d0%b8%d0%bc', 'ru', 1),
(408225, 781876, 'Бердск', '%d0%91%d0%b5%d1%80%d0%b4%d1%81%d0%ba', 'ru', 1),
(408226, 781876, 'Новосибирск', '%d0%9d%d0%be%d0%b2%d0%be%d1%81%d0%b8%d0%b1%d0%b8%d1%80%d1%81', 'ru', 1),
(408227, 781877, 'Исилькуль', '%d0%98%d1%81%d0%b8%d0%bb%d1%8c%d0%ba%d1%83%d0%bb%d1%8c', 'ru', 1),
(408228, 781877, 'Лузино', '%d0%9b%d1%83%d0%b7%d0%b8%d0%bd%d0%be', 'ru', 1),
(408229, 781877, 'Марьяновка', '%d0%9c%d0%b0%d1%80%d1%8c%d1%8f%d0%bd%d0%be%d0%b2%d0%ba%d0%b0', 'ru', 1),
(408230, 781877, 'Москаленки', '%d0%9c%d0%be%d1%81%d0%ba%d0%b0%d0%bb%d0%b5%d0%bd%d0%ba%d0%b8', 'ru', 1),
(408231, 781877, 'Муромцево', '%d0%9c%d1%83%d1%80%d0%be%d0%bc%d1%86%d0%b5%d0%b2%d0%be', 'ru', 1),
(408232, 781877, 'Шербакуль', '%d0%a8%d0%b5%d1%80%d0%b1%d0%b0%d0%ba%d1%83%d0%bb%d1%8c', 'ru', 1),
(408233, 781877, 'Тевриз', '%d0%a2%d0%b5%d0%b2%d1%80%d0%b8%d0%b7', 'ru', 1),
(408234, 781877, 'Крутинка', '%d0%9a%d1%80%d1%83%d1%82%d0%b8%d0%bd%d0%ba%d0%b0', 'ru', 1),
(408235, 781877, 'Саргатское', '%d0%a1%d0%b0%d1%80%d0%b3%d0%b0%d1%82%d1%81%d0%ba%d0%be%d0%b5', 'ru', 1),
(408236, 781877, 'Кормиловка', '%d0%9a%d0%be%d1%80%d0%bc%d0%b8%d0%bb%d0%be%d0%b2%d0%ba%d0%b0', 'ru', 1),
(408237, 781877, 'Любинский', '%d0%9b%d1%8e%d0%b1%d0%b8%d0%bd%d1%81%d0%ba%d0%b8%d0%b9', 'ru', 1),
(408238, 781877, 'Тюкалинск', '%d0%a2%d1%8e%d0%ba%d0%b0%d0%bb%d0%b8%d0%bd%d1%81%d0%ba', 'ru', 1),
(408239, 781877, 'Большеречье', '%d0%91%d0%be%d0%bb%d1%8c%d1%88%d0%b5%d1%80%d0%b5%d1%87%d1%8c', 'ru', 1),
(408240, 781877, 'Черлак', '%d0%a7%d0%b5%d1%80%d0%bb%d0%b0%d0%ba', 'ru', 1),
(408241, 781877, 'Называевск', '%d0%9d%d0%b0%d0%b7%d1%8b%d0%b2%d0%b0%d0%b5%d0%b2%d1%81%d0%ba', 'ru', 1),
(408242, 781877, 'Таврическое', '%d0%a2%d0%b0%d0%b2%d1%80%d0%b8%d1%87%d0%b5%d1%81%d0%ba%d0%be', 'ru', 1),
(408243, 781877, 'Калачинск', '%d0%9a%d0%b0%d0%bb%d0%b0%d1%87%d0%b8%d0%bd%d1%81%d0%ba', 'ru', 1),
(408244, 781877, 'Тара', '%d0%a2%d0%b0%d1%80%d0%b0', 'ru', 1),
(408245, 781877, 'Омск', '%d0%9e%d0%bc%d1%81%d0%ba', 'ru', 1),
(408246, 781878, 'Абдулино', '%d0%90%d0%b1%d0%b4%d1%83%d0%bb%d0%b8%d0%bd%d0%be', 'ru', 1),
(408247, 781878, 'Акбулак', '%d0%90%d0%ba%d0%b1%d1%83%d0%bb%d0%b0%d0%ba', 'ru', 1),
(408248, 781878, 'Бузулук', '%d0%91%d1%83%d0%b7%d1%83%d0%bb%d1%83%d0%ba', 'ru', 1),
(408249, 781878, 'Гай', '%d0%93%d0%b0%d0%b9', 'ru', 1),
(408250, 781878, 'Новоорск', '%d0%9d%d0%be%d0%b2%d0%be%d0%be%d1%80%d1%81%d0%ba', 'ru', 1),
(408251, 781878, 'Новосергиевка', '%d0%9d%d0%be%d0%b2%d0%be%d1%81%d0%b5%d1%80%d0%b3%d0%b8%d0%b5', 'ru', 1),
(408252, 781878, 'Новотроицк', '%d0%9d%d0%be%d0%b2%d0%be%d1%82%d1%80%d0%be%d0%b8%d1%86%d0%ba', 'ru', 1),
(408253, 781878, 'Орск', '%d0%9e%d1%80%d1%81%d0%ba', 'ru', 1),
(408254, 781878, 'Тоцкое Второе', '%d0%a2%d0%be%d1%86%d0%ba%d0%be%d0%b5-%d0%92%d1%82%d0%be%d1%8', 'ru', 1),
(408255, 781878, 'Ясный', '%d0%af%d1%81%d0%bd%d1%8b%d0%b9', 'ru', 1),
(408256, 781878, 'Тюльган', '%d0%a2%d1%8e%d0%bb%d1%8c%d0%b3%d0%b0%d0%bd', 'ru', 1),
(408257, 781878, 'Саракташ', '%d0%a1%d0%b0%d1%80%d0%b0%d0%ba%d1%82%d0%b0%d1%88', 'ru', 1),
(408258, 781878, 'Соль-Илецк', '%d0%a1%d0%be%d0%bb%d1%8c-%d0%98%d0%bb%d0%b5%d1%86%d0%ba', 'ru', 1),
(408259, 781878, 'Кувандык', '%d0%9a%d1%83%d0%b2%d0%b0%d0%bd%d0%b4%d1%8b%d0%ba', 'ru', 1),
(408260, 781878, 'Медногорск', '%d0%9c%d0%b5%d0%b4%d0%bd%d0%be%d0%b3%d0%be%d1%80%d1%81%d0%ba', 'ru', 1),
(408261, 781878, 'Сорочинск', '%d0%a1%d0%be%d1%80%d0%be%d1%87%d0%b8%d0%bd%d1%81%d0%ba', 'ru', 1),
(408262, 781878, 'Бугуруслан', '%d0%91%d1%83%d0%b3%d1%83%d1%80%d1%83%d1%81%d0%bb%d0%b0%d0%bd', 'ru', 1),
(408263, 781878, 'Оренбург', '%d0%9e%d1%80%d0%b5%d0%bd%d0%b1%d1%83%d1%80%d0%b3', 'ru', 1),
(408264, 781879, 'Болхов', '%d0%91%d0%be%d0%bb%d1%85%d0%be%d0%b2', 'ru', 1),
(408265, 781879, 'Верховье', '%d0%92%d0%b5%d1%80%d1%85%d0%be%d0%b2%d1%8c%d0%b5', 'ru', 1),
(408266, 781879, 'Глазуновка', '%d0%93%d0%bb%d0%b0%d0%b7%d1%83%d0%bd%d0%be%d0%b2%d0%ba%d0%b0', 'ru', 1),
(408267, 781879, 'Дмитровск', '%d0%94%d0%bc%d0%b8%d1%82%d1%80%d0%be%d0%b2%d1%81%d0%ba', 'ru', 1),
(408268, 781879, 'Долгое', '%d0%94%d0%be%d0%bb%d0%b3%d0%be%d0%b5', 'ru', 1),
(408269, 781879, 'Знаменка', '%d0%97%d0%bd%d0%b0%d0%bc%d0%b5%d0%bd%d0%ba%d0%b0', 'ru', 1),
(408270, 781879, 'Кромы', '%d0%9a%d1%80%d0%be%d0%bc%d1%8b', 'ru', 1),
(408271, 781879, 'Ливны', '%d0%9b%d0%b8%d0%b2%d0%bd%d1%8b', 'ru', 1),
(408272, 781879, 'Нарышкино', '%d0%9d%d0%b0%d1%80%d1%8b%d1%88%d0%ba%d0%b8%d0%bd%d0%be', 'ru', 1),
(408273, 781879, 'Орёл', '%d0%9e%d1%80%d1%91%d0%bb', 'ru', 1),
(408274, 781879, 'Покровское', '%d0%9f%d0%be%d0%ba%d1%80%d0%be%d0%b2%d1%81%d0%ba%d0%be%d0%b5', 'ru', 1),
(408275, 781879, 'Хомутово', '%d0%a5%d0%be%d0%bc%d1%83%d1%82%d0%be%d0%b2%d0%be', 'ru', 1),
(408276, 781879, 'Хотынец', '%d0%a5%d0%be%d1%82%d1%8b%d0%bd%d0%b5%d1%86', 'ru', 1),
(408277, 781879, 'Залегощь', '%d0%97%d0%b0%d0%bb%d0%b5%d0%b3%d0%be%d1%89%d1%8c', 'ru', 1),
(408278, 781879, 'Змиёвка', '%d0%97%d0%bc%d0%b8%d1%91%d0%b2%d0%ba%d0%b0', 'ru', 1),
(408279, 781879, 'Колпны', '%d0%9a%d0%be%d0%bb%d0%bf%d0%bd%d1%8b', 'ru', 1),
(408280, 781879, 'Мценск', '%d0%9c%d1%86%d0%b5%d0%bd%d1%81%d0%ba', 'ru', 1),
(408281, 781880, 'Башмаково', '%d0%91%d0%b0%d1%88%d0%bc%d0%b0%d0%ba%d0%be%d0%b2%d0%be', 'ru', 1),
(408282, 781880, 'Белинский', '%d0%91%d0%b5%d0%bb%d0%b8%d0%bd%d1%81%d0%ba%d0%b8%d0%b9', 'ru', 1),
(408283, 781880, 'Бессоновка', '%d0%91%d0%b5%d1%81%d1%81%d0%be%d0%bd%d0%be%d0%b2%d0%ba%d0%b0', 'ru', 1),
(408284, 781880, 'Городище', '%d0%93%d0%be%d1%80%d0%be%d0%b4%d0%b8%d1%89%d0%b5', 'ru', 1),
(408285, 781880, 'Грабово', '%d0%93%d1%80%d0%b0%d0%b1%d0%be%d0%b2%d0%be', 'ru', 1),
(408286, 781880, 'Заречный', '%d0%97%d0%b0%d1%80%d0%b5%d1%87%d0%bd%d1%8b%d0%b9', 'ru', 1),
(408287, 781880, 'Каменка', '%d0%9a%d0%b0%d0%bc%d0%b5%d0%bd%d0%ba%d0%b0', 'ru', 1),
(408288, 781880, 'Колышлей', '%d0%9a%d0%be%d0%bb%d1%8b%d1%88%d0%bb%d0%b5%d0%b9', 'ru', 1),
(408289, 781880, 'Лунино', '%d0%9b%d1%83%d0%bd%d0%b8%d0%bd%d0%be', 'ru', 1),
(408290, 781880, 'Никольск', '%d0%9d%d0%b8%d0%ba%d0%be%d0%bb%d1%8c%d1%81%d0%ba', 'ru', 1),
(408291, 781880, 'Чаадаевка', '%d0%a7%d0%b0%d0%b0%d0%b4%d0%b0%d0%b5%d0%b2%d0%ba%d0%b0', 'ru', 1),
(408292, 781880, 'Спасск', '%d0%a1%d0%bf%d0%b0%d1%81%d1%81%d0%ba', 'ru', 1),
(408293, 781880, 'Сурск', '%d0%a1%d1%83%d1%80%d1%81%d0%ba', 'ru', 1),
(408294, 781880, 'Тамала', '%d0%a2%d0%b0%d0%bc%d0%b0%d0%bb%d0%b0', 'ru', 1),
(408295, 781880, 'Средняя Елюзань', '%d0%a1%d1%80%d0%b5%d0%b4%d0%bd%d1%8f%d1%8f-%d0%95%d0%bb%d1%8', 'ru', 1),
(408296, 781880, 'Пачелма', '%d0%9f%d0%b0%d1%87%d0%b5%d0%bb%d0%bc%d0%b0', 'ru', 1),
(408297, 781880, 'Мокшан', '%d0%9c%d0%be%d0%ba%d1%88%d0%b0%d0%bd', 'ru', 1),
(408298, 781880, 'Земетчино', '%d0%97%d0%b5%d0%bc%d0%b5%d1%82%d1%87%d0%b8%d0%bd%d0%be', 'ru', 1),
(408299, 781880, 'Нижний Ломов', '%d0%9d%d0%b8%d0%b6%d0%bd%d0%b8%d0%b9-%d0%9b%d0%be%d0%bc%d0%b', 'ru', 1),
(408300, 781880, 'Сердобск', '%d0%a1%d0%b5%d1%80%d0%b4%d0%be%d0%b1%d1%81%d0%ba', 'ru', 1),
(408301, 781880, 'Кузнецк', '%d0%9a%d1%83%d0%b7%d0%bd%d0%b5%d1%86%d0%ba', 'ru', 1),
(408302, 781880, 'Пенза', '%d0%9f%d0%b5%d0%bd%d0%b7%d0%b0', 'ru', 1),
(408303, 781881, 'Березники', '%d0%91%d0%b5%d1%80%d0%b5%d0%b7%d0%bd%d0%b8%d0%ba%d0%b8', 'ru', 1),
(408304, 781881, 'Кунгур', '%d0%9a%d1%83%d0%bd%d0%b3%d1%83%d1%80', 'ru', 1),
(408305, 781881, 'Пермь', '%d0%9f%d0%b5%d1%80%d0%bc%d1%8c', 'ru', 1),
(408306, 781881, 'Чайковский', '%d0%a7%d0%b0%d0%b9%d0%ba%d0%be%d0%b2%d1%81%d0%ba%d0%b8%d0%b9', 'ru', 1),
(408307, 781881, 'Краснокамск', '%d0%9a%d1%80%d0%b0%d1%81%d0%bd%d0%be%d0%ba%d0%b0%d0%bc%d1%81', 'ru', 1),
(408308, 781881, 'Лысьва', '%d0%9b%d1%8b%d1%81%d1%8c%d0%b2%d0%b0', 'ru', 1),
(408309, 781881, 'Соликамск', '%d0%a1%d0%be%d0%bb%d0%b8%d0%ba%d0%b0%d0%bc%d1%81%d0%ba', 'ru', 1),
(408310, 781882, 'Кавалерово', '%d0%9a%d0%b0%d0%b2%d0%b0%d0%bb%d0%b5%d1%80%d0%be%d0%b2%d0%be', 'ru', 1),
(408311, 781882, 'Пограничный', '%d0%9f%d0%be%d0%b3%d1%80%d0%b0%d0%bd%d0%b8%d1%87%d0%bd%d1%8b', 'ru', 1),
(408312, 781882, 'Покровка', '%d0%9f%d0%be%d0%ba%d1%80%d0%be%d0%b2%d0%ba%d0%b0', 'ru', 1),
(408313, 781882, 'Славянка', '%d0%a1%d0%bb%d0%b0%d0%b2%d1%8f%d0%bd%d0%ba%d0%b0', 'ru', 1),
(408314, 781882, 'Фокино', '%d0%a4%d0%be%d0%ba%d0%b8%d0%bd%d0%be', 'ru', 1),
(408315, 781882, 'Черниговка', '%d0%a7%d0%b5%d1%80%d0%bd%d0%b8%d0%b3%d0%be%d0%b2%d0%ba%d0%b0', 'ru', 1),
(408316, 781882, 'Хороль', '%d0%a5%d0%be%d1%80%d0%be%d0%bb%d1%8c', 'ru', 1),
(408317, 781882, 'Камень-Рыболов', '%d0%9a%d0%b0%d0%bc%d0%b5%d0%bd%d1%8c-%d0%a0%d1%8b%d0%b1%d0%b', 'ru', 1),
(408318, 781882, 'Чугуевка', '%d0%a7%d1%83%d0%b3%d1%83%d0%b5%d0%b2%d0%ba%d0%b0', 'ru', 1),
(408319, 781882, 'Трудовое', '%d0%a2%d1%80%d1%83%d0%b4%d0%be%d0%b2%d0%be%d0%b5', 'ru', 1),
(408320, 781882, 'Лучегорск', '%d0%9b%d1%83%d1%87%d0%b5%d0%b3%d0%be%d1%80%d1%81%d0%ba', 'ru', 1),
(408321, 781882, 'Дальнереченск', '%d0%94%d0%b0%d0%bb%d1%8c%d0%bd%d0%b5%d1%80%d0%b5%d1%87%d0%b5', 'ru', 1),
(408322, 781882, 'Большой Камень', '%d0%91%d0%be%d0%bb%d1%8c%d1%88%d0%be%d0%b9-%d0%9a%d0%b0%d0%b', 'ru', 1),
(408323, 781882, 'Дальнегорск', '%d0%94%d0%b0%d0%bb%d1%8c%d0%bd%d0%b5%d0%b3%d0%be%d1%80%d1%81', 'ru', 1),
(408324, 781882, 'Лесозаводск', '%d0%9b%d0%b5%d1%81%d0%be%d0%b7%d0%b0%d0%b2%d0%be%d0%b4%d1%81', 'ru', 1),
(408325, 781882, 'Партизанск', '%d0%9f%d0%b0%d1%80%d1%82%d0%b8%d0%b7%d0%b0%d0%bd%d1%81%d0%ba', 'ru', 1),
(408326, 781882, 'Спасск-Дальний', '%d0%a1%d0%bf%d0%b0%d1%81%d1%81%d0%ba-%d0%94%d0%b0%d0%bb%d1%8', 'ru', 1),
(408327, 781882, 'Арсеньев', '%d0%90%d1%80%d1%81%d0%b5%d0%bd%d1%8c%d0%b5%d0%b2', 'ru', 1),
(408328, 781882, 'Артём', '%d0%90%d1%80%d1%82%d1%91%d0%bc', 'ru', 1),
(408329, 781882, 'Находка', '%d0%9d%d0%b0%d1%85%d0%be%d0%b4%d0%ba%d0%b0', 'ru', 1),
(408330, 781882, 'Уссурийск', '%d0%a3%d1%81%d1%81%d1%83%d1%80%d0%b8%d0%b9%d1%81%d0%ba', 'ru', 1),
(408331, 781882, 'Владивосток', '%d0%92%d0%bb%d0%b0%d0%b4%d0%b8%d0%b2%d0%be%d1%81%d1%82%d0%be', 'ru', 1),
(408332, 781883, 'Локня', '%d0%9b%d0%be%d0%ba%d0%bd%d1%8f', 'ru', 1),
(408333, 781883, 'Опочка', '%d0%9e%d0%bf%d0%be%d1%87%d0%ba%d0%b0', 'ru', 1),
(408334, 781883, 'Остров', '%d0%9e%d1%81%d1%82%d1%80%d0%be%d0%b2', 'ru', 1),
(408335, 781883, 'Пустошка', '%d0%9f%d1%83%d1%81%d1%82%d0%be%d1%88%d0%ba%d0%b0', 'ru', 1),
(408336, 781883, 'Себеж', '%d0%a1%d0%b5%d0%b1%d0%b5%d0%b6', 'ru', 1),
(408337, 781883, 'Струги Красные', '%d0%a1%d1%82%d1%80%d1%83%d0%b3%d0%b8-%d0%9a%d1%80%d0%b0%d1%8', 'ru', 1),
(408338, 781883, 'Новоржев', '%d0%9d%d0%be%d0%b2%d0%be%d1%80%d0%b6%d0%b5%d0%b2', 'ru', 1),
(408339, 781883, 'Красногородск', '%d0%9a%d1%80%d0%b0%d1%81%d0%bd%d0%be%d0%b3%d0%be%d1%80%d0%be', 'ru', 1),
(408340, 781883, 'Бежаницы', '%d0%91%d0%b5%d0%b6%d0%b0%d0%bd%d0%b8%d1%86%d1%8b', 'ru', 1),
(408341, 781883, 'Гдов', '%d0%93%d0%b4%d0%be%d0%b2', 'ru', 1),
(408342, 781883, 'Идрица', '%d0%98%d0%b4%d1%80%d0%b8%d1%86%d0%b0', 'ru', 1),
(408343, 781883, 'Пушкинские Горы', '%d0%9f%d1%83%d1%88%d0%ba%d0%b8%d0%bd%d1%81%d0%ba%d0%b8%d0%b5', 'ru', 1),
(408344, 781883, 'Пыталово', '%d0%9f%d1%8b%d1%82%d0%b0%d0%bb%d0%be%d0%b2%d0%be', 'ru', 1),
(408345, 781883, 'Новосокольники', '%d0%9d%d0%be%d0%b2%d0%be%d1%81%d0%be%d0%ba%d0%be%d0%bb%d1%8c', 'ru', 1),
(408346, 781883, 'Дедовичи', '%d0%94%d0%b5%d0%b4%d0%be%d0%b2%d0%b8%d1%87%d0%b8', 'ru', 1),
(408347, 781883, 'Дно', '%d0%94%d0%bd%d0%be', 'ru', 1),
(408348, 781883, 'Порхов', '%d0%9f%d0%be%d1%80%d1%85%d0%be%d0%b2', 'ru', 1),
(408349, 781883, 'Печоры', '%d0%9f%d0%b5%d1%87%d0%be%d1%80%d1%8b', 'ru', 1),
(408350, 781883, 'Невель', '%d0%9d%d0%b5%d0%b2%d0%b5%d0%bb%d1%8c', 'ru', 1),
(408351, 781883, 'Великие Луки', '%d0%92%d0%b5%d0%bb%d0%b8%d0%ba%d0%b8%d0%b5-%d0%9b%d1%83%d0%b', 'ru', 1),
(408352, 781883, 'Псков', '%d0%9f%d1%81%d0%ba%d0%be%d0%b2', 'ru', 1),
(408353, 781884, 'Каменномостский', '%d0%9a%d0%b0%d0%bc%d0%b5%d0%bd%d0%bd%d0%be%d0%bc%d0%be%d1%81', 'ru', 1),
(408354, 781884, 'Красногвардейское', '%d0%9a%d1%80%d0%b0%d1%81%d0%bd%d0%be%d0%b3%d0%b2%d0%b0%d1%80', 'ru', 1),
(408355, 781884, 'Краснооктябрьский', '%d0%9a%d1%80%d0%b0%d1%81%d0%bd%d0%be%d0%be%d0%ba%d1%82%d1%8f', 'ru', 1),
(408356, 781884, 'Тульский', '%d0%a2%d1%83%d0%bb%d1%8c%d1%81%d0%ba%d0%b8%d0%b9', 'ru', 1),
(408357, 781884, 'Тахтамукай', '%d0%a2%d0%b0%d1%85%d1%82%d0%b0%d0%bc%d1%83%d0%ba%d0%b0%d0%b9', 'ru', 1),
(408358, 781884, 'Дондуковская', '%d0%94%d0%be%d0%bd%d0%b4%d1%83%d0%ba%d0%be%d0%b2%d1%81%d0%ba', 'ru', 1),
(408359, 781884, 'Кошехабль', '%d0%9a%d0%be%d1%88%d0%b5%d1%85%d0%b0%d0%b1%d0%bb%d1%8c', 'ru', 1),
(408360, 781884, 'Ханская', '%d0%a5%d0%b0%d0%bd%d1%81%d0%ba%d0%b0%d1%8f', 'ru', 1),
(408361, 781884, 'Адыгейск', '%d0%90%d0%b4%d1%8b%d0%b3%d0%b5%d0%b9%d1%81%d0%ba', 'ru', 1),
(408362, 781884, 'Гиагинская', '%d0%93%d0%b8%d0%b0%d0%b3%d0%b8%d0%bd%d1%81%d0%ba%d0%b0%d1%8f', 'ru', 1),
(408363, 781884, 'Энем', '%d0%ad%d0%bd%d0%b5%d0%bc', 'ru', 1),
(408364, 781884, 'Яблоновский', '%d0%af%d0%b1%d0%bb%d0%be%d0%bd%d0%be%d0%b2%d1%81%d0%ba%d0%b8', 'ru', 1),
(408365, 781884, 'Майкоп', '%d0%9c%d0%b0%d0%b9%d0%ba%d0%be%d0%bf', 'ru', 1),
(408366, 781885, 'Кызыл-Озек', '%d0%9a%d1%8b%d0%b7%d1%8b%d0%bb-%d0%9e%d0%b7%d0%b5%d0%ba', 'ru', 1),
(408367, 781885, 'Шебалино', '%d0%a8%d0%b5%d0%b1%d0%b0%d0%bb%d0%b8%d0%bd%d0%be', 'ru', 1),
(408368, 781885, 'Улаган', '%d0%a3%d0%bb%d0%b0%d0%b3%d0%b0%d0%bd', 'ru', 1),
(408369, 781885, 'Чемал', '%d0%a7%d0%b5%d0%bc%d0%b0%d0%bb', 'ru', 1),
(408370, 781885, 'Акташ', '%d0%90%d0%ba%d1%82%d0%b0%d1%88', 'ru', 1),
(408371, 781885, 'Усть-Кан', '%d0%a3%d1%81%d1%82%d1%8c-%d0%9a%d0%b0%d0%bd', 'ru', 1),
(408372, 781885, 'Усть-Кокса', '%d0%a3%d1%81%d1%82%d1%8c-%d0%9a%d0%be%d0%ba%d1%81%d0%b0', 'ru', 1),
(408373, 781885, 'Онгудай', '%d0%9e%d0%bd%d0%b3%d1%83%d0%b4%d0%b0%d0%b9', 'ru', 1),
(408374, 781885, 'Турочак', '%d0%a2%d1%83%d1%80%d0%be%d1%87%d0%b0%d0%ba', 'ru', 1),
(408375, 781885, 'Кош-Агач', '%d0%9a%d0%be%d1%88-%d0%90%d0%b3%d0%b0%d1%87', 'ru', 1),
(408376, 781885, 'Майма', '%d0%9c%d0%b0%d0%b9%d0%bc%d0%b0', 'ru', 1),
(408377, 781885, 'Горно-Алтайск', '%d0%93%d0%be%d1%80%d0%bd%d0%be-%d0%90%d0%bb%d1%82%d0%b0%d0%b', 'ru', 1),
(408378, 781886, 'Баймак', '%d0%91%d0%b0%d0%b9%d0%bc%d0%b0%d0%ba', 'ru', 1),
(408379, 781886, 'Благовещенск', '%d0%91%d0%bb%d0%b0%d0%b3%d0%be%d0%b2%d0%b5%d1%89%d0%b5%d0%bd', 'ru', 1),
(408380, 781886, 'Дюртюли', '%d0%94%d1%8e%d1%80%d1%82%d1%8e%d0%bb%d0%b8', 'ru', 1),
(408381, 781886, 'Красноусольский', '%d0%9a%d1%80%d0%b0%d1%81%d0%bd%d0%be%d1%83%d1%81%d0%be%d0%bb', 'ru', 1),
(408382, 781886, 'Межгорье', '%d0%9c%d0%b5%d0%b6%d0%b3%d0%be%d1%80%d1%8c%d0%b5', 'ru', 1),
(408383, 781886, 'Октябрьский', '%d0%9e%d0%ba%d1%82%d1%8f%d0%b1%d1%80%d1%8c%d1%81%d0%ba%d0%b8', 'ru', 1),
(408384, 781886, 'Приютово', '%d0%9f%d1%80%d0%b8%d1%8e%d1%82%d0%be%d0%b2%d0%be', 'ru', 1),
(408385, 781886, 'Раевский', '%d0%a0%d0%b0%d0%b5%d0%b2%d1%81%d0%ba%d0%b8%d0%b9', 'ru', 1),
(408386, 781886, 'Серафимовский', '%d0%a1%d0%b5%d1%80%d0%b0%d1%84%d0%b8%d0%bc%d0%be%d0%b2%d1%81', 'ru', 1),
(408387, 781886, 'Стерлитамак', '%d0%a1%d1%82%d0%b5%d1%80%d0%bb%d0%b8%d1%82%d0%b0%d0%bc%d0%b0', 'ru', 1),
(408388, 781886, 'Толбазы', '%d0%a2%d0%be%d0%bb%d0%b1%d0%b0%d0%b7%d1%8b', 'ru', 1),
(408389, 781886, 'Янаул', '%d0%af%d0%bd%d0%b0%d1%83%d0%bb', 'ru', 1),
(408390, 781886, 'Кушнаренково', '%d0%9a%d1%83%d1%88%d0%bd%d0%b0%d1%80%d0%b5%d0%bd%d0%ba%d0%be', 'ru', 1),
(408391, 781886, 'Чекмагуш', '%d0%a7%d0%b5%d0%ba%d0%bc%d0%b0%d0%b3%d1%83%d1%88', 'ru', 1),
(408392, 781886, 'Кандры', '%d0%9a%d0%b0%d0%bd%d0%b4%d1%80%d1%8b', 'ru', 1),
(408393, 781886, 'Иглино', '%d0%98%d0%b3%d0%bb%d0%b8%d0%bd%d0%be', 'ru', 1),
(408394, 781886, 'Агидель', '%d0%90%d0%b3%d0%b8%d0%b4%d0%b5%d0%bb%d1%8c', 'ru', 1),
(408395, 781886, 'Чишмы', '%d0%a7%d0%b8%d1%88%d0%bc%d1%8b', 'ru', 1),
(408396, 781886, 'Давлеканово', '%d0%94%d0%b0%d0%b2%d0%bb%d0%b5%d0%ba%d0%b0%d0%bd%d0%be%d0%b2', 'ru', 1),
(408397, 781886, 'Бирск', '%d0%91%d0%b8%d1%80%d1%81%d0%ba', 'ru', 1),
(408398, 781886, 'Учалы', '%d0%a3%d1%87%d0%b0%d0%bb%d1%8b', 'ru', 1),
(408399, 781886, 'Сибай', '%d0%a1%d0%b8%d0%b1%d0%b0%d0%b9', 'ru', 1),
(408400, 781886, 'Белебей', '%d0%91%d0%b5%d0%bb%d0%b5%d0%b1%d0%b5%d0%b9', 'ru', 1),
(408401, 781886, 'Кумертау', '%d0%9a%d1%83%d0%bc%d0%b5%d1%80%d1%82%d0%b0%d1%83', 'ru', 1),
(408402, 781886, 'Мелеуз', '%d0%9c%d0%b5%d0%bb%d0%b5%d1%83%d0%b7', 'ru', 1),
(408403, 781886, 'Туймазы', '%d0%a2%d1%83%d0%b9%d0%bc%d0%b0%d0%b7%d1%8b', 'ru', 1),
(408404, 781886, 'Ишимбай', '%d0%98%d1%88%d0%b8%d0%bc%d0%b1%d0%b0%d0%b9', 'ru', 1),
(408405, 781886, 'Белорецк', '%d0%91%d0%b5%d0%bb%d0%be%d1%80%d0%b5%d1%86%d0%ba', 'ru', 1),
(408406, 781886, 'Нефтекамск', '%d0%9d%d0%b5%d1%84%d1%82%d0%b5%d0%ba%d0%b0%d0%bc%d1%81%d0%ba', 'ru', 1),
(408407, 781886, 'Салават', '%d0%a1%d0%b0%d0%bb%d0%b0%d0%b2%d0%b0%d1%82', 'ru', 1),
(408408, 781886, 'Уфа', '%d0%a3%d1%84%d0%b0', 'ru', 1),
(408409, 781887, 'Заречный', '%d0%97%d0%b0%d1%80%d0%b5%d1%87%d0%bd%d1%8b%d0%b9', 'ru', 1),
(408410, 781887, 'Каменск', '%d0%9a%d0%b0%d0%bc%d0%b5%d0%bd%d1%81%d0%ba', 'ru', 1),
(408411, 781887, 'Новоильинск', '%d0%9d%d0%be%d0%b2%d0%be%d0%b8%d0%bb%d1%8c%d0%b8%d0%bd%d1%81', 'ru', 1),
(408412, 781887, 'Онохой', '%d0%9e%d0%bd%d0%be%d1%85%d0%be%d0%b9', 'ru', 1),
(408413, 781887, 'Петропавловка', '%d0%9f%d0%b5%d1%82%d1%80%d0%be%d0%bf%d0%b0%d0%b2%d0%bb%d0%be', 'ru', 1),
(408414, 781887, 'Селенгинск', '%d0%a1%d0%b5%d0%bb%d0%b5%d0%bd%d0%b3%d0%b8%d0%bd%d1%81%d0%ba', 'ru', 1),
(408415, 781887, 'Сокол', '%d0%a1%d0%be%d0%ba%d0%be%d0%bb', 'ru', 1),
(408416, 781887, 'Выдрино', '%d0%92%d1%8b%d0%b4%d1%80%d0%b8%d0%bd%d0%be', 'ru', 1),
(408417, 781887, 'Кырен', '%d0%9a%d1%8b%d1%80%d0%b5%d0%bd', 'ru', 1),
(408418, 781887, 'Нижнеангарск', '%d0%9d%d0%b8%d0%b6%d0%bd%d0%b5%d0%b0%d0%bd%d0%b3%d0%b0%d1%80', 'ru', 1),
(408419, 781887, 'Мухоршибирь', '%d0%9c%d1%83%d1%85%d0%be%d1%80%d1%88%d0%b8%d0%b1%d0%b8%d1%80', 'ru', 1),
(408420, 781887, 'Заиграево', '%d0%97%d0%b0%d0%b8%d0%b3%d1%80%d0%b0%d0%b5%d0%b2%d0%be', 'ru', 1),
(408421, 781887, 'Сосново-Озёрское', '%d0%a1%d0%be%d1%81%d0%bd%d0%be%d0%b2%d0%be-%d0%9e%d0%b7%d1%9', 'ru', 1),
(408422, 781887, 'Курумкан', '%d0%9a%d1%83%d1%80%d1%83%d0%bc%d0%ba%d0%b0%d0%bd', 'ru', 1),
(408423, 781887, 'Баргузин', '%d0%91%d0%b0%d1%80%d0%b3%d1%83%d0%b7%d0%b8%d0%bd', 'ru', 1),
(408424, 781887, 'Кабанск', '%d0%9a%d0%b0%d0%b1%d0%b0%d0%bd%d1%81%d0%ba', 'ru', 1),
(408425, 781887, 'Турунтаево', '%d0%a2%d1%83%d1%80%d1%83%d0%bd%d1%82%d0%b0%d0%b5%d0%b2%d0%be', 'ru', 1),
(408426, 781887, 'Кижинга', '%d0%9a%d0%b8%d0%b6%d0%b8%d0%bd%d0%b3%d0%b0', 'ru', 1),
(408427, 781887, 'Иволгинск', '%d0%98%d0%b2%d0%be%d0%bb%d0%b3%d0%b8%d0%bd%d1%81%d0%ba', 'ru', 1),
(408428, 781887, 'Усть-Баргузин', '%d0%a3%d1%81%d1%82%d1%8c-%d0%91%d0%b0%d1%80%d0%b3%d1%83%d0%b', 'ru', 1),
(408429, 781887, 'Хоринск', '%d0%a5%d0%be%d1%80%d0%b8%d0%bd%d1%81%d0%ba', 'ru', 1),
(408430, 781887, 'Бичура', '%d0%91%d0%b8%d1%87%d1%83%d1%80%d0%b0', 'ru', 1),
(408431, 781887, 'Таксимо', '%d0%a2%d0%b0%d0%ba%d1%81%d0%b8%d0%bc%d0%be', 'ru', 1),
(408432, 781887, 'Закаменск', '%d0%97%d0%b0%d0%ba%d0%b0%d0%bc%d0%b5%d0%bd%d1%81%d0%ba', 'ru', 1),
(408433, 781887, 'Кяхта', '%d0%9a%d1%8f%d1%85%d1%82%d0%b0', 'ru', 1),
(408434, 781887, 'Гусиноозёрск', '%d0%93%d1%83%d1%81%d0%b8%d0%bd%d0%be%d0%be%d0%b7%d1%91%d1%80', 'ru', 1),
(408435, 781887, 'Северобайкальск', '%d0%a1%d0%b5%d0%b2%d0%b5%d1%80%d0%be%d0%b1%d0%b0%d0%b9%d0%ba', 'ru', 1),
(408436, 781887, 'Улан-Удэ', '%d0%a3%d0%bb%d0%b0%d0%bd-%d0%a3%d0%b4%d1%8d', 'ru', 1),
(408437, 781888, 'Ботлих', '%d0%91%d0%be%d1%82%d0%bb%d0%b8%d1%85', 'ru', 1),
(408438, 781888, 'Ленинкент', '%d0%9b%d0%b5%d0%bd%d0%b8%d0%bd%d0%ba%d0%b5%d0%bd%d1%82', 'ru', 1),
(408439, 781888, 'Султан-Янги-Юрт', '%d0%a1%d1%83%d0%bb%d1%82%d0%b0%d0%bd-%d0%af%d0%bd%d0%b3%d0%b', 'ru', 1),
(408440, 781888, 'Кизляр', '%d0%9a%d0%b8%d0%b7%d0%bb%d1%8f%d1%80', 'ru', 1),
(408441, 781888, 'Южно-Сухокумск', '%d0%ae%d0%b6%d0%bd%d0%be-%d0%a1%d1%83%d1%85%d0%be%d0%ba%d1%8', 'ru', 1),
(408442, 781888, 'Нижнее Казанище', '%d0%9d%d0%b8%d0%b6%d0%bd%d0%b5%d0%b5-%d0%9a%d0%b0%d0%b7%d0%b', 'ru', 1),
(408443, 781888, 'Каякент', '%d0%9a%d0%b0%d1%8f%d0%ba%d0%b5%d0%bd%d1%82', 'ru', 1),
(408444, 781888, 'Касумкент', '%d0%9a%d0%b0%d1%81%d1%83%d0%bc%d0%ba%d0%b5%d0%bd%d1%82', 'ru', 1),
(408445, 781888, 'Карабудахкент', '%d0%9a%d0%b0%d1%80%d0%b0%d0%b1%d1%83%d0%b4%d0%b0%d1%85%d0%ba', 'ru', 1),
(408446, 781888, 'Бабаюрт', '%d0%91%d0%b0%d0%b1%d0%b0%d1%8e%d1%80%d1%82', 'ru', 1),
(408447, 781888, 'Ахты', '%d0%90%d1%85%d1%82%d1%8b', 'ru', 1),
(408448, 781888, 'Белиджи', '%d0%91%d0%b5%d0%bb%d0%b8%d0%b4%d0%b6%d0%b8', 'ru', 1),
(408449, 781888, 'Дагестанские Огни', '%d0%94%d0%b0%d0%b3%d0%b5%d1%81%d1%82%d0%b0%d0%bd%d1%81%d0%ba', 'ru', 1),
(408450, 781888, 'Кизилюрт', '%d0%9a%d0%b8%d0%b7%d0%b8%d0%bb%d1%8e%d1%80%d1%82', 'ru', 1),
(408451, 781888, 'Избербаш', '%d0%98%d0%b7%d0%b1%d0%b5%d1%80%d0%b1%d0%b0%d1%88', 'ru', 1),
(408452, 781888, 'Буйнакск', '%d0%91%d1%83%d0%b9%d0%bd%d0%b0%d0%ba%d1%81%d0%ba', 'ru', 1),
(408453, 781888, 'Каспийск', '%d0%9a%d0%b0%d1%81%d0%bf%d0%b8%d0%b9%d1%81%d0%ba', 'ru', 1),
(408454, 781888, 'Дербент', '%d0%94%d0%b5%d1%80%d0%b1%d0%b5%d0%bd%d1%82', 'ru', 1),
(408455, 781888, 'Хасавюрт', '%d0%a5%d0%b0%d1%81%d0%b0%d0%b2%d1%8e%d1%80%d1%82', 'ru', 1),
(408456, 781888, 'Махачкала', '%d0%9c%d0%b0%d1%85%d0%b0%d1%87%d0%ba%d0%b0%d0%bb%d0%b0', 'ru', 1),
(408457, 781889, 'Инарки', '%d0%98%d0%bd%d0%b0%d1%80%d0%ba%d0%b8', 'ru', 1),
(408458, 781889, 'Нестеровская', '%d0%9d%d0%b5%d1%81%d1%82%d0%b5%d1%80%d0%be%d0%b2%d1%81%d0%ba', 'ru', 1),
(408459, 781889, 'Средние Ачалуки', '%d0%a1%d1%80%d0%b5%d0%b4%d0%bd%d0%b8%d0%b5-%d0%90%d1%87%d0%b', 'ru', 1),
(408460, 781889, 'Троицкая', '%d0%a2%d1%80%d0%be%d0%b8%d1%86%d0%ba%d0%b0%d1%8f', 'ru', 1),
(408461, 781889, 'Яндаре', '%d0%af%d0%bd%d0%b4%d0%b0%d1%80%d0%b5', 'ru', 1),
(408462, 781889, 'Галашки', '%d0%93%d0%b0%d0%bb%d0%b0%d1%88%d0%ba%d0%b8', 'ru', 1),
(408463, 781889, 'Пседах', '%d0%9f%d1%81%d0%b5%d0%b4%d0%b0%d1%85', 'ru', 1),
(408464, 781889, 'Вознесенская', '%d0%92%d0%be%d0%b7%d0%bd%d0%b5%d1%81%d0%b5%d0%bd%d1%81%d0%ba', 'ru', 1),
(408465, 781889, 'Али-Юрт', '%d0%90%d0%bb%d0%b8-%d0%ae%d1%80%d1%82', 'ru', 1),
(408466, 781889, 'Верхние Ачалуки', '%d0%92%d0%b5%d1%80%d1%85%d0%bd%d0%b8%d0%b5-%d0%90%d1%87%d0%b', 'ru', 1),
(408467, 781889, 'Долаково', '%d0%94%d0%be%d0%bb%d0%b0%d0%ba%d0%be%d0%b2%d0%be', 'ru', 1),
(408468, 781889, 'Сагопши', '%d0%a1%d0%b0%d0%b3%d0%be%d0%bf%d1%88%d0%b8', 'ru', 1),
(408469, 781889, 'Сурхахи', '%d0%a1%d1%83%d1%80%d1%85%d0%b0%d1%85%d0%b8', 'ru', 1),
(408470, 781889, 'Кантышево', '%d0%9a%d0%b0%d0%bd%d1%82%d1%8b%d1%88%d0%b5%d0%b2%d0%be', 'ru', 1),
(408471, 781889, 'Экажево', '%d0%ad%d0%ba%d0%b0%d0%b6%d0%b5%d0%b2%d0%be', 'ru', 1),
(408472, 781889, 'Карабулак', '%d0%9a%d0%b0%d1%80%d0%b0%d0%b1%d1%83%d0%bb%d0%b0%d0%ba', 'ru', 1),
(408473, 781889, 'Малгобек', '%d0%9c%d0%b0%d0%bb%d0%b3%d0%be%d0%b1%d0%b5%d0%ba', 'ru', 1),
(408474, 781889, 'Орджоникидзевская', '%d0%9e%d1%80%d0%b4%d0%b6%d0%be%d0%bd%d0%b8%d0%ba%d0%b8%d0%b4', 'ru', 1),
(408475, 781889, 'Назрань', '%d0%9d%d0%b0%d0%b7%d1%80%d0%b0%d0%bd%d1%8c', 'ru', 1),
(408476, 781890, 'Большой Царын', '%d0%91%d0%be%d0%bb%d1%8c%d1%88%d0%be%d0%b9-%d0%a6%d0%b0%d1%8', 'ru', 1),
(408477, 781890, 'Садовое', '%d0%a1%d0%b0%d0%b4%d0%be%d0%b2%d0%be%d0%b5', 'ru', 1),
(408478, 781890, 'Троицкое', '%d0%a2%d1%80%d0%be%d0%b8%d1%86%d0%ba%d0%be%d0%b5', 'ru', 1),
(408479, 781890, 'Цаган-Аман', '%d0%a6%d0%b0%d0%b3%d0%b0%d0%bd-%d0%90%d0%bc%d0%b0%d0%bd', 'ru', 1),
(408480, 781890, 'Элиста', '%d0%ad%d0%bb%d0%b8%d1%81%d1%82%d0%b0', 'ru', 1),
(408481, 781890, 'Приютное', '%d0%9f%d1%80%d0%b8%d1%8e%d1%82%d0%bd%d0%be%d0%b5', 'ru', 1),
(408482, 781890, 'Малые Дербеты', '%d0%9c%d0%b0%d0%bb%d1%8b%d0%b5-%d0%94%d0%b5%d1%80%d0%b1%d0%b', 'ru', 1),
(408483, 781890, 'Яшкуль', '%d0%af%d1%88%d0%ba%d1%83%d0%bb%d1%8c', 'ru', 1),
(408484, 781890, 'Городовиковск', '%d0%93%d0%be%d1%80%d0%be%d0%b4%d0%be%d0%b2%d0%b8%d0%ba%d0%be', 'ru', 1),
(408485, 781890, 'Лагань', '%d0%9b%d0%b0%d0%b3%d0%b0%d0%bd%d1%8c', 'ru', 1),
(408486, 781891, 'Сегежа', '%d0%a1%d0%b5%d0%b3%d0%b5%d0%b6%d0%b0', 'ru', 1),
(408487, 781891, 'Пиндуши', '%d0%9f%d0%b8%d0%bd%d0%b4%d1%83%d1%88%d0%b8', 'ru', 1),
(408488, 781891, 'Калевала', '%d0%9a%d0%b0%d0%bb%d0%b5%d0%b2%d0%b0%d0%bb%d0%b0', 'ru', 1),
(408489, 781891, 'Лоухи', '%d0%9b%d0%be%d1%83%d1%85%d0%b8', 'ru', 1),
(408490, 781891, 'Лахденпохья', '%d0%9b%d0%b0%d1%85%d0%b4%d0%b5%d0%bd%d0%bf%d0%be%d1%85%d1%8c', 'ru', 1),
(408491, 781891, 'Олонец', '%d0%9e%d0%bb%d0%be%d0%bd%d0%b5%d1%86', 'ru', 1),
(408492, 781891, 'Пудож', '%d0%9f%d1%83%d0%b4%d0%be%d0%b6', 'ru', 1),
(408493, 781891, 'Надвоицы', '%d0%9d%d0%b0%d0%b4%d0%b2%d0%be%d0%b8%d1%86%d1%8b', 'ru', 1),
(408494, 781891, 'Суоярви', '%d0%a1%d1%83%d0%be%d1%8f%d1%80%d0%b2%d0%b8', 'ru', 1),
(408495, 781891, 'Беломорск', '%d0%91%d0%b5%d0%bb%d0%be%d0%bc%d0%be%d1%80%d1%81%d0%ba', 'ru', 1),
(408496, 781891, 'Питкяранта', '%d0%9f%d0%b8%d1%82%d0%ba%d1%8f%d1%80%d0%b0%d0%bd%d1%82%d0%b0', 'ru', 1),
(408497, 781891, 'Кемь', '%d0%9a%d0%b5%d0%bc%d1%8c', 'ru', 1),
(408498, 781891, 'Медвежьегорск', '%d0%9c%d0%b5%d0%b4%d0%b2%d0%b5%d0%b6%d1%8c%d0%b5%d0%b3%d0%be', 'ru', 1),
(408499, 781891, 'Сортавала', '%d0%a1%d0%be%d1%80%d1%82%d0%b0%d0%b2%d0%b0%d0%bb%d0%b0', 'ru', 1),
(408500, 781891, 'Костомукша', '%d0%9a%d0%be%d1%81%d1%82%d0%be%d0%bc%d1%83%d0%ba%d1%88%d0%b0', 'ru', 1),
(408501, 781891, 'Кондопога', '%d0%9a%d0%be%d0%bd%d0%b4%d0%be%d0%bf%d0%be%d0%b3%d0%b0', 'ru', 1),
(408502, 781891, 'Петрозаводск', '%d0%9f%d0%b5%d1%82%d1%80%d0%be%d0%b7%d0%b0%d0%b2%d0%be%d0%b4', 'ru', 1),
(408503, 781892, 'Водный', '%d0%92%d0%be%d0%b4%d0%bd%d1%8b%d0%b9', 'ru', 1),
(408504, 781892, 'Выльгорт', '%d0%92%d1%8b%d0%bb%d1%8c%d0%b3%d0%be%d1%80%d1%82', 'ru', 1),
(408505, 781892, 'Емва', '%d0%95%d0%bc%d0%b2%d0%b0', 'ru', 1),
(408506, 781892, 'Краснозатонский', '%d0%9a%d1%80%d0%b0%d1%81%d0%bd%d0%be%d0%b7%d0%b0%d1%82%d0%be', 'ru', 1),
(408507, 781892, 'Микунь', '%d0%9c%d0%b8%d0%ba%d1%83%d0%bd%d1%8c', 'ru', 1),
(408508, 781892, 'Объячево', '%d0%9e%d0%b1%d1%8a%d1%8f%d1%87%d0%b5%d0%b2%d0%be', 'ru', 1),
(408509, 781892, 'Северный', '%d0%a1%d0%b5%d0%b2%d0%b5%d1%80%d0%bd%d1%8b%d0%b9', 'ru', 1),
(408510, 781892, 'Троицко-Печорск', '%d0%a2%d1%80%d0%be%d0%b8%d1%86%d0%ba%d0%be-%d0%9f%d0%b5%d1%8', 'ru', 1),
(408511, 781892, 'Ухта', '%d0%a3%d1%85%d1%82%d0%b0', 'ru', 1),
(408512, 781892, 'Инта', '%d0%98%d0%bd%d1%82%d0%b0', 'ru', 1),
(408513, 781892, 'Усть-Цильма', '%d0%a3%d1%81%d1%82%d1%8c-%d0%a6%d0%b8%d0%bb%d1%8c%d0%bc%d0%b', 'ru', 1),
(408514, 781892, 'Усть-Кулом', '%d0%a3%d1%81%d1%82%d1%8c-%d0%9a%d1%83%d0%bb%d0%be%d0%bc', 'ru', 1),
(408515, 781892, 'Усогорск', '%d0%a3%d1%81%d0%be%d0%b3%d0%be%d1%80%d1%81%d0%ba', 'ru', 1),
(408516, 781892, 'Визинга', '%d0%92%d0%b8%d0%b7%d0%b8%d0%bd%d0%b3%d0%b0', 'ru', 1),
(408517, 781892, 'Ярега', '%d0%af%d1%80%d0%b5%d0%b3%d0%b0', 'ru', 1),
(408518, 781892, 'Жешарт', '%d0%96%d0%b5%d1%88%d0%b0%d1%80%d1%82', 'ru', 1),
(408519, 781892, 'Нижний Одес', '%d0%9d%d0%b8%d0%b6%d0%bd%d0%b8%d0%b9-%d0%9e%d0%b4%d0%b5%d1%8', 'ru', 1),
(408520, 781892, 'Вуктыл', '%d0%92%d1%83%d0%ba%d1%82%d1%8b%d0%bb', 'ru', 1),
(408521, 781892, 'Воргашор', '%d0%92%d0%be%d1%80%d0%b3%d0%b0%d1%88%d0%be%d1%80', 'ru', 1),
(408522, 781892, 'Сосногорск', '%d0%a1%d0%be%d1%81%d0%bd%d0%be%d0%b3%d0%be%d1%80%d1%81%d0%ba', 'ru', 1),
(408523, 781892, 'Усинск', '%d0%a3%d1%81%d0%b8%d0%bd%d1%81%d0%ba', 'ru', 1),
(408524, 781892, 'Печора', '%d0%9f%d0%b5%d1%87%d0%be%d1%80%d0%b0', 'ru', 1),
(408525, 781892, 'Воркута', '%d0%92%d0%be%d1%80%d0%ba%d1%83%d1%82%d0%b0', 'ru', 1),
(408526, 781892, 'Сыктывкар', '%d0%a1%d1%8b%d0%ba%d1%82%d1%8b%d0%b2%d0%ba%d0%b0%d1%80', 'ru', 1),
(408527, 781893, 'Козьмодемьянск', '%d0%9a%d0%be%d0%b7%d1%8c%d0%bc%d0%be%d0%b4%d0%b5%d0%bc%d1%8c', 'ru', 1);
INSERT INTO `oc_t_city` (`pk_i_id`, `fk_i_region_id`, `s_name`, `s_slug`, `fk_c_country_code`, `b_active`) VALUES
(408528, 781893, 'Красногорский', '%d0%9a%d1%80%d0%b0%d1%81%d0%bd%d0%be%d0%b3%d0%be%d1%80%d1%81', 'ru', 1),
(408529, 781893, 'Куженер', '%d0%9a%d1%83%d0%b6%d0%b5%d0%bd%d0%b5%d1%80', 'ru', 1),
(408530, 781893, 'Медведево', '%d0%9c%d0%b5%d0%b4%d0%b2%d0%b5%d0%b4%d0%b5%d0%b2%d0%be', 'ru', 1),
(408531, 781893, 'Новый Торъял', '%d0%9d%d0%be%d0%b2%d1%8b%d0%b9-%d0%a2%d0%be%d1%80%d1%8a%d1%8', 'ru', 1),
(408532, 781893, 'Оршанка', '%d0%9e%d1%80%d1%88%d0%b0%d0%bd%d0%ba%d0%b0', 'ru', 1),
(408533, 781893, 'Семёновка', '%d0%a1%d0%b5%d0%bc%d1%91%d0%bd%d0%be%d0%b2%d0%ba%d0%b0', 'ru', 1),
(408534, 781893, 'Советский', '%d0%a1%d0%be%d0%b2%d0%b5%d1%82%d1%81%d0%ba%d0%b8%d0%b9', 'ru', 1),
(408535, 781893, 'Мари-Турек', '%d0%9c%d0%b0%d1%80%d0%b8-%d0%a2%d1%83%d1%80%d0%b5%d0%ba', 'ru', 1),
(408536, 781893, 'Параньга', '%d0%9f%d0%b0%d1%80%d0%b0%d0%bd%d1%8c%d0%b3%d0%b0', 'ru', 1),
(408537, 781893, 'Сернур', '%d0%a1%d0%b5%d1%80%d0%bd%d1%83%d1%80', 'ru', 1),
(408538, 781893, 'Морки', '%d0%9c%d0%be%d1%80%d0%ba%d0%b8', 'ru', 1),
(408539, 781893, 'Звенигово', '%d0%97%d0%b2%d0%b5%d0%bd%d0%b8%d0%b3%d0%be%d0%b2%d0%be', 'ru', 1),
(408540, 781893, 'Волжск', '%d0%92%d0%be%d0%bb%d0%b6%d1%81%d0%ba', 'ru', 1),
(408541, 781893, 'Йошкар-Ола', '%d0%99%d0%be%d1%88%d0%ba%d0%b0%d1%80-%d0%9e%d0%bb%d0%b0', 'ru', 1),
(408542, 781894, 'Атяшево', '%d0%90%d1%82%d1%8f%d1%88%d0%b5%d0%b2%d0%be', 'ru', 1),
(408543, 781894, 'Большие Березники', '%d0%91%d0%be%d0%bb%d1%8c%d1%88%d0%b8%d0%b5-%d0%91%d0%b5%d1%8', 'ru', 1),
(408544, 781894, 'Ельники', '%d0%95%d0%bb%d1%8c%d0%bd%d0%b8%d0%ba%d0%b8', 'ru', 1),
(408545, 781894, 'Комсомольский', '%d0%9a%d0%be%d0%bc%d1%81%d0%be%d0%bc%d0%be%d0%bb%d1%8c%d1%81', 'ru', 1),
(408546, 781894, 'Краснослободск', '%d0%9a%d1%80%d0%b0%d1%81%d0%bd%d0%be%d1%81%d0%bb%d0%be%d0%b1', 'ru', 1),
(408547, 781894, 'Николаевка', '%d0%9d%d0%b8%d0%ba%d0%be%d0%bb%d0%b0%d0%b5%d0%b2%d0%ba%d0%b0', 'ru', 1),
(408548, 781894, 'Ромоданово', '%d0%a0%d0%be%d0%bc%d0%be%d0%b4%d0%b0%d0%bd%d0%be%d0%b2%d0%be', 'ru', 1),
(408549, 781894, 'Рузаевка', '%d0%a0%d1%83%d0%b7%d0%b0%d0%b5%d0%b2%d0%ba%d0%b0', 'ru', 1),
(408550, 781894, 'Старое Шайгово', '%d0%a1%d1%82%d0%b0%d1%80%d0%be%d0%b5-%d0%a8%d0%b0%d0%b9%d0%b', 'ru', 1),
(408551, 781894, 'Тургенево', '%d0%a2%d1%83%d1%80%d0%b3%d0%b5%d0%bd%d0%b5%d0%b2%d0%be', 'ru', 1),
(408552, 781894, 'Чамзинка', '%d0%a7%d0%b0%d0%bc%d0%b7%d0%b8%d0%bd%d0%ba%d0%b0', 'ru', 1),
(408553, 781894, 'Ялга', '%d0%af%d0%bb%d0%b3%d0%b0', 'ru', 1),
(408554, 781894, 'Явас', '%d0%af%d0%b2%d0%b0%d1%81', 'ru', 1),
(408555, 781894, 'Темников', '%d0%a2%d0%b5%d0%bc%d0%bd%d0%b8%d0%ba%d0%be%d0%b2', 'ru', 1),
(408556, 781894, 'Лямбирь', '%d0%9b%d1%8f%d0%bc%d0%b1%d0%b8%d1%80%d1%8c', 'ru', 1),
(408557, 781894, 'Инсар', '%d0%98%d0%bd%d1%81%d0%b0%d1%80', 'ru', 1),
(408558, 781894, 'Луховка', '%d0%9b%d1%83%d1%85%d0%be%d0%b2%d0%ba%d0%b0', 'ru', 1),
(408559, 781894, 'Торбеево', '%d0%a2%d0%be%d1%80%d0%b1%d0%b5%d0%b5%d0%b2%d0%be', 'ru', 1),
(408560, 781894, 'Ардатов', '%d0%90%d1%80%d0%b4%d0%b0%d1%82%d0%be%d0%b2', 'ru', 1),
(408561, 781894, 'Зубова Поляна', '%d0%97%d1%83%d0%b1%d0%be%d0%b2%d0%b0-%d0%9f%d0%be%d0%bb%d1%8', 'ru', 1),
(408562, 781894, 'Ковылкино', '%d0%9a%d0%be%d0%b2%d1%8b%d0%bb%d0%ba%d0%b8%d0%bd%d0%be', 'ru', 1),
(408563, 781894, 'Саранск', '%d0%a1%d0%b0%d1%80%d0%b0%d0%bd%d1%81%d0%ba', 'ru', 1),
(408564, 781895, 'Якутск', '%d0%af%d0%ba%d1%83%d1%82%d1%81%d0%ba', 'ru', 1),
(408565, 781895, 'Чурапча', '%d0%a7%d1%83%d1%80%d0%b0%d0%bf%d1%87%d0%b0', 'ru', 1),
(408566, 781895, 'Чульман', '%d0%a7%d1%83%d0%bb%d1%8c%d0%bc%d0%b0%d0%bd', 'ru', 1),
(408567, 781895, 'Усть-Нера', '%d0%a3%d1%81%d1%82%d1%8c-%d0%9d%d0%b5%d1%80%d0%b0', 'ru', 1),
(408568, 781895, 'Удачный', '%d0%a3%d0%b4%d0%b0%d1%87%d0%bd%d1%8b%d0%b9', 'ru', 1),
(408569, 781895, 'Томмот', '%d0%a2%d0%be%d0%bc%d0%bc%d0%be%d1%82', 'ru', 1),
(408570, 781895, 'Сунтар', '%d0%a1%d1%83%d0%bd%d1%82%d0%b0%d1%80', 'ru', 1),
(408571, 781895, 'Покровск', '%d0%9f%d0%be%d0%ba%d1%80%d0%be%d0%b2%d1%81%d0%ba', 'ru', 1),
(408572, 781895, 'Олёкминск', '%d0%9e%d0%bb%d1%91%d0%ba%d0%bc%d0%b8%d0%bd%d1%81%d0%ba', 'ru', 1),
(408573, 781895, 'Нюрба', '%d0%9d%d1%8e%d1%80%d0%b1%d0%b0', 'ru', 1),
(408574, 781895, 'Нерюнгри', '%d0%9d%d0%b5%d1%80%d1%8e%d0%bd%d0%b3%d1%80%d0%b8', 'ru', 1),
(408575, 781895, 'Намцы', '%d0%9d%d0%b0%d0%bc%d1%86%d1%8b', 'ru', 1),
(408576, 781895, 'Мохсоголлох', '%d0%9c%d0%be%d1%85%d1%81%d0%be%d0%b3%d0%be%d0%bb%d0%bb%d0%be', 'ru', 1),
(408577, 781895, 'Мирный', '%d0%9c%d0%b8%d1%80%d0%bd%d1%8b%d0%b9', 'ru', 1),
(408578, 781895, 'Майя', '%d0%9c%d0%b0%d0%b9%d1%8f', 'ru', 1),
(408579, 781895, 'Ленск', '%d0%9b%d0%b5%d0%bd%d1%81%d0%ba', 'ru', 1),
(408580, 781895, 'Жатай', '%d0%96%d0%b0%d1%82%d0%b0%d0%b9', 'ru', 1),
(408581, 781895, 'Вилюйск', '%d0%92%d0%b8%d0%bb%d1%8e%d0%b9%d1%81%d0%ba', 'ru', 1),
(408582, 781895, 'Алдан', '%d0%90%d0%bb%d0%b4%d0%b0%d0%bd', 'ru', 1),
(408583, 781895, 'Айхал', '%d0%90%d0%b9%d1%85%d0%b0%d0%bb', 'ru', 1),
(408584, 781896, 'Гизель', '%d0%93%d0%b8%d0%b7%d0%b5%d0%bb%d1%8c', 'ru', 1),
(408585, 781896, 'Заводской', '%d0%97%d0%b0%d0%b2%d0%be%d0%b4%d1%81%d0%ba%d0%be%d0%b9', 'ru', 1),
(408586, 781896, 'Кизляр', '%d0%9a%d0%b8%d0%b7%d0%bb%d1%8f%d1%80', 'ru', 1),
(408587, 781896, 'Луковская', '%d0%9b%d1%83%d0%ba%d0%be%d0%b2%d1%81%d0%ba%d0%b0%d1%8f', 'ru', 1),
(408588, 781896, 'Майское', '%d0%9c%d0%b0%d0%b9%d1%81%d0%ba%d0%be%d0%b5', 'ru', 1),
(408589, 781896, 'Михайловское', '%d0%9c%d0%b8%d1%85%d0%b0%d0%b9%d0%bb%d0%be%d0%b2%d1%81%d0%ba', 'ru', 1),
(408590, 781896, 'Октябрьское', '%d0%9e%d0%ba%d1%82%d1%8f%d0%b1%d1%80%d1%8c%d1%81%d0%ba%d0%be', 'ru', 1),
(408591, 781896, 'Сунжа', '%d0%a1%d1%83%d0%bd%d0%b6%d0%b0', 'ru', 1),
(408592, 781896, 'Эльхотово', '%d0%ad%d0%bb%d1%8c%d1%85%d0%be%d1%82%d0%be%d0%b2%d0%be', 'ru', 1),
(408593, 781896, 'Павлодольская', '%d0%9f%d0%b0%d0%b2%d0%bb%d0%be%d0%b4%d0%be%d0%bb%d1%8c%d1%81', 'ru', 1),
(408594, 781896, 'Змейская', '%d0%97%d0%bc%d0%b5%d0%b9%d1%81%d0%ba%d0%b0%d1%8f', 'ru', 1),
(408595, 781896, 'Чикола', '%d0%a7%d0%b8%d0%ba%d0%be%d0%bb%d0%b0', 'ru', 1),
(408596, 781896, 'Камбилеевское', '%d0%9a%d0%b0%d0%bc%d0%b1%d0%b8%d0%bb%d0%b5%d0%b5%d0%b2%d1%81', 'ru', 1),
(408597, 781896, 'Архонская', '%d0%90%d1%80%d1%85%d0%be%d0%bd%d1%81%d0%ba%d0%b0%d1%8f', 'ru', 1),
(408598, 781896, 'Чермен', '%d0%a7%d0%b5%d1%80%d0%bc%d0%b5%d0%bd', 'ru', 1),
(408599, 781896, 'Ногир', '%d0%9d%d0%be%d0%b3%d0%b8%d1%80', 'ru', 1),
(408600, 781896, 'Дигора', '%d0%94%d0%b8%d0%b3%d0%be%d1%80%d0%b0', 'ru', 1),
(408601, 781896, 'Ардон', '%d0%90%d1%80%d0%b4%d0%be%d0%bd', 'ru', 1),
(408602, 781896, 'Алагир', '%d0%90%d0%bb%d0%b0%d0%b3%d0%b8%d1%80', 'ru', 1),
(408603, 781896, 'Беслан', '%d0%91%d0%b5%d1%81%d0%bb%d0%b0%d0%bd', 'ru', 1),
(408604, 781896, 'Моздок', '%d0%9c%d0%be%d0%b7%d0%b4%d0%be%d0%ba', 'ru', 1),
(408605, 781896, 'Владикавказ', '%d0%92%d0%bb%d0%b0%d0%b4%d0%b8%d0%ba%d0%b0%d0%b2%d0%ba%d0%b0', 'ru', 1),
(408606, 781897, 'Азнакаево', '%d0%90%d0%b7%d0%bd%d0%b0%d0%ba%d0%b0%d0%b5%d0%b2%d0%be', 'ru', 1),
(408607, 781897, 'Алексеевское', '%d0%90%d0%bb%d0%b5%d0%ba%d1%81%d0%b5%d0%b5%d0%b2%d1%81%d0%ba', 'ru', 1),
(408608, 781897, 'Васильево', '%d0%92%d0%b0%d1%81%d0%b8%d0%bb%d1%8c%d0%b5%d0%b2%d0%be', 'ru', 1),
(408609, 781897, 'Елабуга', '%d0%95%d0%bb%d0%b0%d0%b1%d1%83%d0%b3%d0%b0', 'ru', 1),
(408610, 781897, 'Зеленодольск', '%d0%97%d0%b5%d0%bb%d0%b5%d0%bd%d0%be%d0%b4%d0%be%d0%bb%d1%8c', 'ru', 1),
(408611, 781897, 'Камские Поляны', '%d0%9a%d0%b0%d0%bc%d1%81%d0%ba%d0%b8%d0%b5-%d0%9f%d0%be%d0%b', 'ru', 1),
(408612, 781897, 'Мамадыш', '%d0%9c%d0%b0%d0%bc%d0%b0%d0%b4%d1%8b%d1%88', 'ru', 1),
(408613, 781897, 'Тетюши', '%d0%a2%d0%b5%d1%82%d1%8e%d1%88%d0%b8', 'ru', 1),
(408614, 781897, 'Чистополь', '%d0%a7%d0%b8%d1%81%d1%82%d0%be%d0%bf%d0%be%d0%bb%d1%8c', 'ru', 1),
(408615, 781897, 'Уруссу', '%d0%a3%d1%80%d1%83%d1%81%d1%81%d1%83', 'ru', 1),
(408616, 781897, 'Джалиль', '%d0%94%d0%b6%d0%b0%d0%bb%d0%b8%d0%bb%d1%8c', 'ru', 1),
(408617, 781897, 'Кукмор', '%d0%9a%d1%83%d0%ba%d0%bc%d0%be%d1%80', 'ru', 1),
(408618, 781897, 'Мензелинск', '%d0%9c%d0%b5%d0%bd%d0%b7%d0%b5%d0%bb%d0%b8%d0%bd%d1%81%d0%ba', 'ru', 1),
(408619, 781897, 'Арск', '%d0%90%d1%80%d1%81%d0%ba', 'ru', 1),
(408620, 781897, 'Агрыз', '%d0%90%d0%b3%d1%80%d1%8b%d0%b7', 'ru', 1),
(408621, 781897, 'Буинск', '%d0%91%d1%83%d0%b8%d0%bd%d1%81%d0%ba', 'ru', 1),
(408622, 781897, 'Менделеевск', '%d0%9c%d0%b5%d0%bd%d0%b4%d0%b5%d0%bb%d0%b5%d0%b5%d0%b2%d1%81', 'ru', 1),
(408623, 781897, 'Бавлы', '%d0%91%d0%b0%d0%b2%d0%bb%d1%8b', 'ru', 1),
(408624, 781897, 'Нурлат', '%d0%9d%d1%83%d1%80%d0%bb%d0%b0%d1%82', 'ru', 1),
(408625, 781897, 'Заинск', '%d0%97%d0%b0%d0%b8%d0%bd%d1%81%d0%ba', 'ru', 1),
(408626, 781897, 'Лениногорск', '%d0%9b%d0%b5%d0%bd%d0%b8%d0%bd%d0%be%d0%b3%d0%be%d1%80%d1%81', 'ru', 1),
(408627, 781897, 'Бугульма', '%d0%91%d1%83%d0%b3%d1%83%d0%bb%d1%8c%d0%bc%d0%b0', 'ru', 1),
(408628, 781897, 'Альметьевск', '%d0%90%d0%bb%d1%8c%d0%bc%d0%b5%d1%82%d1%8c%d0%b5%d0%b2%d1%81', 'ru', 1),
(408629, 781897, 'Нижнекамск', '%d0%9d%d0%b8%d0%b6%d0%bd%d0%b5%d0%ba%d0%b0%d0%bc%d1%81%d0%ba', 'ru', 1),
(408630, 781897, 'Набережные Челны', '%d0%9d%d0%b0%d0%b1%d0%b5%d1%80%d0%b5%d0%b6%d0%bd%d1%8b%d0%b5', 'ru', 1),
(408631, 781897, 'Казань', '%d0%9a%d0%b0%d0%b7%d0%b0%d0%bd%d1%8c', 'ru', 1),
(408632, 781898, 'Туран', '%d0%a2%d1%83%d1%80%d0%b0%d0%bd', 'ru', 1),
(408633, 781898, 'Чаа-Холь', '%d0%a7%d0%b0%d0%b0-%d0%a5%d0%be%d0%bb%d1%8c', 'ru', 1),
(408634, 781898, 'Суг-Аксы', '%d0%a1%d1%83%d0%b3-%d0%90%d0%ba%d1%81%d1%8b', 'ru', 1),
(408635, 781898, 'Бай-Хаак', '%d0%91%d0%b0%d0%b9-%d0%a5%d0%b0%d0%b0%d0%ba', 'ru', 1),
(408636, 781898, 'Хандагайты', '%d0%a5%d0%b0%d0%bd%d0%b4%d0%b0%d0%b3%d0%b0%d0%b9%d1%82%d1%8b', 'ru', 1),
(408637, 781898, 'Балгазын', '%d0%91%d0%b0%d0%bb%d0%b3%d0%b0%d0%b7%d1%8b%d0%bd', 'ru', 1),
(408638, 781898, 'Самагалтай', '%d0%a1%d0%b0%d0%bc%d0%b0%d0%b3%d0%b0%d0%bb%d1%82%d0%b0%d0%b9', 'ru', 1),
(408639, 781898, 'Сукпак', '%d0%a1%d1%83%d0%ba%d0%bf%d0%b0%d0%ba', 'ru', 1),
(408640, 781898, 'Хову-Аксы', '%d0%a5%d0%be%d0%b2%d1%83-%d0%90%d0%ba%d1%81%d1%8b', 'ru', 1),
(408641, 781898, 'Тээли', '%d0%a2%d1%8d%d1%8d%d0%bb%d0%b8', 'ru', 1),
(408642, 781898, 'Мугур-Аксы', '%d0%9c%d1%83%d0%b3%d1%83%d1%80-%d0%90%d0%ba%d1%81%d1%8b', 'ru', 1),
(408643, 781898, 'Сарыг-Сеп', '%d0%a1%d0%b0%d1%80%d1%8b%d0%b3-%d0%a1%d0%b5%d0%bf', 'ru', 1),
(408644, 781898, 'Кызыл-Мажалык', '%d0%9a%d1%8b%d0%b7%d1%8b%d0%bb-%d0%9c%d0%b0%d0%b6%d0%b0%d0%b', 'ru', 1),
(408645, 781898, 'Чадан', '%d0%a7%d0%b0%d0%b4%d0%b0%d0%bd', 'ru', 1),
(408646, 781898, 'Каа-Хем', '%d0%9a%d0%b0%d0%b0-%d0%a5%d0%b5%d0%bc', 'ru', 1),
(408647, 781898, 'Шагонар', '%d0%a8%d0%b0%d0%b3%d0%be%d0%bd%d0%b0%d1%80', 'ru', 1),
(408648, 781898, 'Ак-Довурак', '%d0%90%d0%ba-%d0%94%d0%be%d0%b2%d1%83%d1%80%d0%b0%d0%ba', 'ru', 1),
(408649, 781898, 'Кызыл', '%d0%9a%d1%8b%d0%b7%d1%8b%d0%bb', 'ru', 1),
(408650, 781899, 'Аскиз', '%d0%90%d1%81%d0%ba%d0%b8%d0%b7', 'ru', 1),
(408651, 781899, 'Белый Яр', '%d0%91%d0%b5%d0%bb%d1%8b%d0%b9-%d0%af%d1%80', 'ru', 1),
(408652, 781899, 'Бельтирское', '%d0%91%d0%b5%d0%bb%d1%8c%d1%82%d0%b8%d1%80%d1%81%d0%ba%d0%be', 'ru', 1),
(408653, 781899, 'Черёмушки', '%d0%a7%d0%b5%d1%80%d1%91%d0%bc%d1%83%d1%88%d0%ba%d0%b8', 'ru', 1),
(408654, 781899, 'Майна', '%d0%9c%d0%b0%d0%b9%d0%bd%d0%b0', 'ru', 1),
(408655, 781899, 'Бея', '%d0%91%d0%b5%d1%8f', 'ru', 1),
(408656, 781899, 'Таштып', '%d0%a2%d0%b0%d1%88%d1%82%d1%8b%d0%bf', 'ru', 1),
(408658, 781899, 'Шира', '%d0%a8%d0%b8%d1%80%d0%b0', 'ru', 1),
(408659, 781899, 'Сорск', '%d0%a1%d0%be%d1%80%d1%81%d0%ba', 'ru', 1),
(408660, 781899, 'Усть-Абакан', '%d0%a3%d1%81%d1%82%d1%8c-%d0%90%d0%b1%d0%b0%d0%ba%d0%b0%d0%b', 'ru', 1),
(408661, 781899, 'Абаза', '%d0%90%d0%b1%d0%b0%d0%b7%d0%b0', 'ru', 1),
(408662, 781899, 'Саяногорск', '%d0%a1%d0%b0%d1%8f%d0%bd%d0%be%d0%b3%d0%be%d1%80%d1%81%d0%ba', 'ru', 1),
(408663, 781899, 'Черногорск', '%d0%a7%d0%b5%d1%80%d0%bd%d0%be%d0%b3%d0%be%d1%80%d1%81%d0%ba', 'ru', 1),
(408664, 781899, 'Абакан', '%d0%90%d0%b1%d0%b0%d0%ba%d0%b0%d0%bd', 'ru', 1),
(408665, 781900, 'Батайск', '%d0%91%d0%b0%d1%82%d0%b0%d0%b9%d1%81%d0%ba', 'ru', 1),
(408666, 781900, 'Гуково', '%d0%93%d1%83%d0%ba%d0%be%d0%b2%d0%be', 'ru', 1),
(408667, 781900, 'Зверево', '%d0%97%d0%b2%d0%b5%d1%80%d0%b5%d0%b2%d0%be', 'ru', 1),
(408668, 781900, 'Миллерово', '%d0%9c%d0%b8%d0%bb%d0%bb%d0%b5%d1%80%d0%be%d0%b2%d0%be', 'ru', 1),
(408669, 781900, 'Орловский', '%d0%9e%d1%80%d0%bb%d0%be%d0%b2%d1%81%d0%ba%d0%b8%d0%b9', 'ru', 1),
(408670, 781900, 'Шахты', '%d0%a8%d0%b0%d1%85%d1%82%d1%8b', 'ru', 1),
(408671, 781900, 'Аксай', '%d0%90%d0%ba%d1%81%d0%b0%d0%b9', 'ru', 1),
(408672, 781900, 'Багаевская', '%d0%91%d0%b0%d0%b3%d0%b0%d0%b5%d0%b2%d1%81%d0%ba%d0%b0%d1%8f', 'ru', 1),
(408673, 781900, 'Персиановский', '%d0%9f%d0%b5%d1%80%d1%81%d0%b8%d0%b0%d0%bd%d0%be%d0%b2%d1%81', 'ru', 1),
(408674, 781900, 'Зимовники', '%d0%97%d0%b8%d0%bc%d0%be%d0%b2%d0%bd%d0%b8%d0%ba%d0%b8', 'ru', 1),
(408675, 781900, 'Егорлыкская', '%d0%95%d0%b3%d0%be%d1%80%d0%bb%d1%8b%d0%ba%d1%81%d0%ba%d0%b0', 'ru', 1),
(408676, 781900, 'Константиновск', '%d0%9a%d0%be%d0%bd%d1%81%d1%82%d0%b0%d0%bd%d1%82%d0%b8%d0%bd', 'ru', 1),
(408677, 781900, 'Пролетарск', '%d0%9f%d1%80%d0%be%d0%bb%d0%b5%d1%82%d0%b0%d1%80%d1%81%d0%ba', 'ru', 1),
(408678, 781900, 'Семикаракорск', '%d0%a1%d0%b5%d0%bc%d0%b8%d0%ba%d0%b0%d1%80%d0%b0%d0%ba%d0%be', 'ru', 1),
(408679, 781900, 'Зерноград', '%d0%97%d0%b5%d1%80%d0%bd%d0%be%d0%b3%d1%80%d0%b0%d0%b4', 'ru', 1),
(408680, 781900, 'Морозовск', '%d0%9c%d0%be%d1%80%d0%be%d0%b7%d0%be%d0%b2%d1%81%d0%ba', 'ru', 1),
(408681, 781900, 'Красный Сулин', '%d0%9a%d1%80%d0%b0%d1%81%d0%bd%d1%8b%d0%b9-%d0%a1%d1%83%d0%b', 'ru', 1),
(408682, 781900, 'Белая Калитва', '%d0%91%d0%b5%d0%bb%d0%b0%d1%8f-%d0%9a%d0%b0%d0%bb%d0%b8%d1%8', 'ru', 1),
(408683, 781900, 'Донецк', '%d0%94%d0%be%d0%bd%d0%b5%d1%86%d0%ba', 'ru', 1),
(408684, 781900, 'Сальск', '%d0%a1%d0%b0%d0%bb%d1%8c%d1%81%d0%ba', 'ru', 1),
(408685, 781900, 'Каменск-Шахтинский', '%d0%9a%d0%b0%d0%bc%d0%b5%d0%bd%d1%81%d0%ba-%d0%a8%d0%b0%d1%8', 'ru', 1),
(408686, 781900, 'Азов', '%d0%90%d0%b7%d0%be%d0%b2', 'ru', 1),
(408687, 781900, 'Новошахтинск', '%d0%9d%d0%be%d0%b2%d0%be%d1%88%d0%b0%d1%85%d1%82%d0%b8%d0%bd', 'ru', 1),
(408688, 781900, 'Новочеркасск', '%d0%9d%d0%be%d0%b2%d0%be%d1%87%d0%b5%d1%80%d0%ba%d0%b0%d1%81', 'ru', 1),
(408689, 781900, 'Волгодонск', '%d0%92%d0%be%d0%bb%d0%b3%d0%be%d0%b4%d0%be%d0%bd%d1%81%d0%ba', 'ru', 1),
(408690, 781900, 'Таганрог', '%d0%a2%d0%b0%d0%b3%d0%b0%d0%bd%d1%80%d0%be%d0%b3', 'ru', 1),
(408691, 781900, 'Ростов-на-Дону', '%d0%a0%d0%be%d1%81%d1%82%d0%be%d0%b2-%d0%bd%d0%b0-%d0%94%d0%', 'ru', 1),
(408692, 781901, 'Касимов', '%d0%9a%d0%b0%d1%81%d0%b8%d0%bc%d0%be%d0%b2', 'ru', 1),
(408693, 781901, 'Кораблино', '%d0%9a%d0%be%d1%80%d0%b0%d0%b1%d0%bb%d0%b8%d0%bd%d0%be', 'ru', 1),
(408694, 781901, 'Лесной', '%d0%9b%d0%b5%d1%81%d0%bd%d0%be%d0%b9', 'ru', 1),
(408695, 781901, 'Михайлов', '%d0%9c%d0%b8%d1%85%d0%b0%d0%b9%d0%bb%d0%be%d0%b2', 'ru', 1),
(408696, 781901, 'Октябрьский', '%d0%9e%d0%ba%d1%82%d1%8f%d0%b1%d1%80%d1%8c%d1%81%d0%ba%d0%b8', 'ru', 1),
(408697, 781901, 'Поляны', '%d0%9f%d0%be%d0%bb%d1%8f%d0%bd%d1%8b', 'ru', 1),
(408698, 781901, 'Рыбное', '%d0%a0%d1%8b%d0%b1%d0%bd%d0%be%d0%b5', 'ru', 1),
(408699, 781901, 'Сасово', '%d0%a1%d0%b0%d1%81%d0%be%d0%b2%d0%be', 'ru', 1),
(408700, 781901, 'Шилово', '%d0%a8%d0%b8%d0%bb%d0%be%d0%b2%d0%be', 'ru', 1),
(408701, 781901, 'Старожилово', '%d0%a1%d1%82%d0%b0%d1%80%d0%be%d0%b6%d0%b8%d0%bb%d0%be%d0%b2', 'ru', 1),
(408702, 781901, 'Ухолово', '%d0%a3%d1%85%d0%be%d0%bb%d0%be%d0%b2%d0%be', 'ru', 1),
(408703, 781901, 'Спас-Клепики', '%d0%a1%d0%bf%d0%b0%d1%81-%d0%9a%d0%bb%d0%b5%d0%bf%d0%b8%d0%b', 'ru', 1),
(408704, 781901, 'Кадом', '%d0%9a%d0%b0%d0%b4%d0%be%d0%bc', 'ru', 1),
(408705, 781901, 'Тума', '%d0%a2%d1%83%d0%bc%d0%b0', 'ru', 1),
(408706, 781901, 'Сараи', '%d0%a1%d0%b0%d1%80%d0%b0%d0%b8', 'ru', 1),
(408707, 781901, 'Шацк', '%d0%a8%d0%b0%d1%86%d0%ba', 'ru', 1),
(408708, 781901, 'Спасск-Рязанский', '%d0%a1%d0%bf%d0%b0%d1%81%d1%81%d0%ba-%d0%a0%d1%8f%d0%b7%d0%b', 'ru', 1),
(408709, 781901, 'Новомичуринск', '%d0%9d%d0%be%d0%b2%d0%be%d0%bc%d0%b8%d1%87%d1%83%d1%80%d0%b8', 'ru', 1),
(408710, 781901, 'Ряжск', '%d0%a0%d1%8f%d0%b6%d1%81%d0%ba', 'ru', 1),
(408711, 781901, 'Скопин', '%d0%a1%d0%ba%d0%be%d0%bf%d0%b8%d0%bd', 'ru', 1),
(408712, 781901, 'Рязань', '%d0%a0%d1%8f%d0%b7%d0%b0%d0%bd%d1%8c', 'ru', 1),
(408713, 781902, 'Алексеевка', '%d0%90%d0%bb%d0%b5%d0%ba%d1%81%d0%b5%d0%b5%d0%b2%d0%ba%d0%b0', 'ru', 1),
(408714, 781902, 'Большая Глушица', '%d0%91%d0%be%d0%bb%d1%8c%d1%88%d0%b0%d1%8f-%d0%93%d0%bb%d1%8', 'ru', 1),
(408715, 781902, 'Нефтегорск', '%d0%9d%d0%b5%d1%84%d1%82%d0%b5%d0%b3%d0%be%d1%80%d1%81%d0%ba', 'ru', 1),
(408716, 781902, 'Октябрьск', '%d0%9e%d0%ba%d1%82%d1%8f%d0%b1%d1%80%d1%8c%d1%81%d0%ba', 'ru', 1),
(408717, 781902, 'Отрадный', '%d0%9e%d1%82%d1%80%d0%b0%d0%b4%d0%bd%d1%8b%d0%b9', 'ru', 1),
(408718, 781902, 'Похвистнево', '%d0%9f%d0%be%d1%85%d0%b2%d0%b8%d1%81%d1%82%d0%bd%d0%b5%d0%b2', 'ru', 1),
(408719, 781902, 'Рощинский', '%d0%a0%d0%be%d1%89%d0%b8%d0%bd%d1%81%d0%ba%d0%b8%d0%b9', 'ru', 1),
(408720, 781902, 'Суходол', '%d0%a1%d1%83%d1%85%d0%be%d0%b4%d0%be%d0%bb', 'ru', 1),
(408721, 781902, 'Чапаевск', '%d0%a7%d0%b0%d0%bf%d0%b0%d0%b5%d0%b2%d1%81%d0%ba', 'ru', 1),
(408722, 781902, 'Кинель-Черкассы', '%d0%9a%d0%b8%d0%bd%d0%b5%d0%bb%d1%8c-%d0%a7%d0%b5%d1%80%d0%b', 'ru', 1),
(408723, 781902, 'Безенчук', '%d0%91%d0%b5%d0%b7%d0%b5%d0%bd%d1%87%d1%83%d0%ba', 'ru', 1),
(408724, 781902, 'Кинель', '%d0%9a%d0%b8%d0%bd%d0%b5%d0%bb%d1%8c', 'ru', 1),
(408725, 781902, 'Жигулёвск', '%d0%96%d0%b8%d0%b3%d1%83%d0%bb%d1%91%d0%b2%d1%81%d0%ba', 'ru', 1),
(408726, 781902, 'Новокуйбышевск', '%d0%9d%d0%be%d0%b2%d0%be%d0%ba%d1%83%d0%b9%d0%b1%d1%8b%d1%88', 'ru', 1),
(408727, 781902, 'Сызрань', '%d0%a1%d1%8b%d0%b7%d1%80%d0%b0%d0%bd%d1%8c', 'ru', 1),
(408728, 781902, 'Тольятти', '%d0%a2%d0%be%d0%bb%d1%8c%d1%8f%d1%82%d1%82%d0%b8', 'ru', 1),
(408729, 781902, 'Самара', '%d0%a1%d0%b0%d0%bc%d0%b0%d1%80%d0%b0', 'ru', 1),
(408730, 781903, 'Санкт-Петербург', '%d0%a1%d0%b0%d0%bd%d0%ba%d1%82-%d0%9f%d0%b5%d1%82%d0%b5%d1%8', 'ru', 1),
(408731, 781904, 'Балаково', '%d0%91%d0%b0%d0%bb%d0%b0%d0%ba%d0%be%d0%b2%d0%be', 'ru', 1),
(408732, 781904, 'Балашов', '%d0%91%d0%b0%d0%bb%d0%b0%d1%88%d0%be%d0%b2', 'ru', 1),
(408733, 781904, 'Вольск', '%d0%92%d0%be%d0%bb%d1%8c%d1%81%d0%ba', 'ru', 1),
(408734, 781904, 'Ершов', '%d0%95%d1%80%d1%88%d0%be%d0%b2', 'ru', 1),
(408735, 781904, 'Калининск', '%d0%9a%d0%b0%d0%bb%d0%b8%d0%bd%d0%b8%d0%bd%d1%81%d0%ba', 'ru', 1),
(408736, 781904, 'Красноармейск', '%d0%9a%d1%80%d0%b0%d1%81%d0%bd%d0%be%d0%b0%d1%80%d0%bc%d0%b5', 'ru', 1),
(408737, 781904, 'Красный Кут', '%d0%9a%d1%80%d0%b0%d1%81%d0%bd%d1%8b%d0%b9-%d0%9a%d1%83%d1%8', 'ru', 1),
(408738, 781904, 'Петровск', '%d0%9f%d0%b5%d1%82%d1%80%d0%be%d0%b2%d1%81%d0%ba', 'ru', 1),
(408739, 781904, 'Пугачёв', '%d0%9f%d1%83%d0%b3%d0%b0%d1%87%d1%91%d0%b2', 'ru', 1),
(408740, 781904, 'Ртищево', '%d0%a0%d1%82%d0%b8%d1%89%d0%b5%d0%b2%d0%be', 'ru', 1),
(408741, 781904, 'Светлый', '%d0%a1%d0%b2%d0%b5%d1%82%d0%bb%d1%8b%d0%b9', 'ru', 1),
(408742, 781904, 'Степное', '%d0%a1%d1%82%d0%b5%d0%bf%d0%bd%d0%be%d0%b5', 'ru', 1),
(408743, 781904, 'Энгельс', '%d0%ad%d0%bd%d0%b3%d0%b5%d0%bb%d1%8c%d1%81', 'ru', 1),
(408744, 781904, 'Приволжский', '%d0%9f%d1%80%d0%b8%d0%b2%d0%be%d0%bb%d0%b6%d1%81%d0%ba%d0%b8', 'ru', 1),
(408745, 781904, 'Озинки', '%d0%9e%d0%b7%d0%b8%d0%bd%d0%ba%d0%b8', 'ru', 1),
(408746, 781904, 'Базарный Карабулак', '%d0%91%d0%b0%d0%b7%d0%b0%d1%80%d0%bd%d1%8b%d0%b9-%d0%9a%d0%b', 'ru', 1),
(408747, 781904, 'Хвалынск', '%d0%a5%d0%b2%d0%b0%d0%bb%d1%8b%d0%bd%d1%81%d0%ba', 'ru', 1),
(408748, 781904, 'Аркадак', '%d0%90%d1%80%d0%ba%d0%b0%d0%b4%d0%b0%d0%ba', 'ru', 1),
(408749, 781904, 'Новоузенск', '%d0%9d%d0%be%d0%b2%d0%be%d1%83%d0%b7%d0%b5%d0%bd%d1%81%d0%ba', 'ru', 1),
(408750, 781904, 'Аткарск', '%d0%90%d1%82%d0%ba%d0%b0%d1%80%d1%81%d0%ba', 'ru', 1),
(408751, 781904, 'Маркс', '%d0%9c%d0%b0%d1%80%d0%ba%d1%81', 'ru', 1),
(408752, 781904, 'Саратов', '%d0%a1%d0%b0%d1%80%d0%b0%d1%82%d0%be%d0%b2', 'ru', 1),
(408753, 781905, 'Углегорск', '%d0%a3%d0%b3%d0%bb%d0%b5%d0%b3%d0%be%d1%80%d1%81%d0%ba', 'ru', 1),
(408754, 781905, 'Горнозаводск', '%d0%93%d0%be%d1%80%d0%bd%d0%be%d0%b7%d0%b0%d0%b2%d0%be%d0%b4', 'ru', 1),
(408755, 781905, 'Южно-Курильск', '%d0%ae%d0%b6%d0%bd%d0%be-%d0%9a%d1%83%d1%80%d0%b8%d0%bb%d1%8', 'ru', 1),
(408756, 781905, 'Макаров', '%d0%9c%d0%b0%d0%ba%d0%b0%d1%80%d0%be%d0%b2', 'ru', 1),
(408757, 781905, 'Смирных', '%d0%a1%d0%bc%d0%b8%d1%80%d0%bd%d1%8b%d1%85', 'ru', 1),
(408758, 781905, 'Анива', '%d0%90%d0%bd%d0%b8%d0%b2%d0%b0', 'ru', 1),
(408759, 781905, 'Тымовское', '%d0%a2%d1%8b%d0%bc%d0%be%d0%b2%d1%81%d0%ba%d0%be%d0%b5', 'ru', 1),
(408760, 781905, 'Ноглики', '%d0%9d%d0%be%d0%b3%d0%bb%d0%b8%d0%ba%d0%b8', 'ru', 1),
(408761, 781905, 'Шахтёрск', '%d0%a8%d0%b0%d1%85%d1%82%d1%91%d1%80%d1%81%d0%ba', 'ru', 1),
(408762, 781905, 'Долинск', '%d0%94%d0%be%d0%bb%d0%b8%d0%bd%d1%81%d0%ba', 'ru', 1),
(408763, 781905, 'Александровск-Сахалинский', '%d0%90%d0%bb%d0%b5%d0%ba%d1%81%d0%b0%d0%bd%d0%b4%d1%80%d0%be', 'ru', 1),
(408764, 781905, 'Поронайск', '%d0%9f%d0%be%d1%80%d0%be%d0%bd%d0%b0%d0%b9%d1%81%d0%ba', 'ru', 1),
(408765, 781905, 'Невельск', '%d0%9d%d0%b5%d0%b2%d0%b5%d0%bb%d1%8c%d1%81%d0%ba', 'ru', 1),
(408766, 781905, 'Оха', '%d0%9e%d1%85%d0%b0', 'ru', 1),
(408767, 781905, 'Холмск', '%d0%a5%d0%be%d0%bb%d0%bc%d1%81%d0%ba', 'ru', 1),
(408768, 781905, 'Корсаков', '%d0%9a%d0%be%d1%80%d1%81%d0%b0%d0%ba%d0%be%d0%b2', 'ru', 1),
(408769, 781905, 'Южно-Сахалинск', '%d0%ae%d0%b6%d0%bd%d0%be-%d0%a1%d0%b0%d1%85%d0%b0%d0%bb%d0%b', 'ru', 1),
(408770, 781906, 'Артёмовский', '%d0%90%d1%80%d1%82%d1%91%d0%bc%d0%be%d0%b2%d1%81%d0%ba%d0%b8', 'ru', 1),
(408771, 781906, 'Асбест', '%d0%90%d1%81%d0%b1%d0%b5%d1%81%d1%82', 'ru', 1),
(408772, 781906, 'Берёзовский', '%d0%91%d0%b5%d1%80%d1%91%d0%b7%d0%be%d0%b2%d1%81%d0%ba%d0%b8', 'ru', 1),
(408773, 781906, 'Заречный', '%d0%97%d0%b0%d1%80%d0%b5%d1%87%d0%bd%d1%8b%d0%b9', 'ru', 1),
(408774, 781906, 'Лесной', '%d0%9b%d0%b5%d1%81%d0%bd%d0%be%d0%b9', 'ru', 1),
(408775, 781906, 'Нижняя Тура', '%d0%9d%d0%b8%d0%b6%d0%bd%d1%8f%d1%8f-%d0%a2%d1%83%d1%80%d0%b', 'ru', 1),
(408776, 781906, 'Ревда', '%d0%a0%d0%b5%d0%b2%d0%b4%d0%b0', 'ru', 1),
(408777, 781906, 'Серов', '%d0%a1%d0%b5%d1%80%d0%be%d0%b2', 'ru', 1),
(408778, 781906, 'Сухой Лог', '%d0%a1%d1%83%d1%85%d0%be%d0%b9-%d0%9b%d0%be%d0%b3', 'ru', 1),
(408779, 781906, 'Талица', '%d0%a2%d0%b0%d0%bb%d0%b8%d1%86%d0%b0', 'ru', 1),
(408780, 781906, 'Дегтярск', '%d0%94%d0%b5%d0%b3%d1%82%d1%8f%d1%80%d1%81%d0%ba', 'ru', 1),
(408781, 781906, 'Нижняя Салда', '%d0%9d%d0%b8%d0%b6%d0%bd%d1%8f%d1%8f-%d0%a1%d0%b0%d0%bb%d0%b', 'ru', 1),
(408782, 781906, 'Рефтинский', '%d0%a0%d0%b5%d1%84%d1%82%d0%b8%d0%bd%d1%81%d0%ba%d0%b8%d0%b9', 'ru', 1),
(408783, 781906, 'Туринск', '%d0%a2%d1%83%d1%80%d0%b8%d0%bd%d1%81%d0%ba', 'ru', 1),
(408784, 781906, 'Ивдель', '%d0%98%d0%b2%d0%b4%d0%b5%d0%bb%d1%8c', 'ru', 1),
(408785, 781906, 'Среднеуральск', '%d0%a1%d1%80%d0%b5%d0%b4%d0%bd%d0%b5%d1%83%d1%80%d0%b0%d0%bb', 'ru', 1),
(408786, 781906, 'Сысерть', '%d0%a1%d1%8b%d1%81%d0%b5%d1%80%d1%82%d1%8c', 'ru', 1),
(408787, 781906, 'Кировград', '%d0%9a%d0%b8%d1%80%d0%be%d0%b2%d0%b3%d1%80%d0%b0%d0%b4', 'ru', 1),
(408788, 781906, 'Невьянск', '%d0%9d%d0%b5%d0%b2%d1%8c%d1%8f%d0%bd%d1%81%d0%ba', 'ru', 1),
(408789, 781906, 'Красноуральск', '%d0%9a%d1%80%d0%b0%d1%81%d0%bd%d0%be%d1%83%d1%80%d0%b0%d0%bb', 'ru', 1),
(408790, 781906, 'Камышлов', '%d0%9a%d0%b0%d0%bc%d1%8b%d1%88%d0%bb%d0%be%d0%b2', 'ru', 1),
(408791, 781906, 'Карпинск', '%d0%9a%d0%b0%d1%80%d0%bf%d0%b8%d0%bd%d1%81%d0%ba', 'ru', 1),
(408792, 781906, 'Богданович', '%d0%91%d0%be%d0%b3%d0%b4%d0%b0%d0%bd%d0%be%d0%b2%d0%b8%d1%87', 'ru', 1),
(408793, 781906, 'Североуральск', '%d0%a1%d0%b5%d0%b2%d0%b5%d1%80%d0%be%d1%83%d1%80%d0%b0%d0%bb', 'ru', 1),
(408794, 781906, 'Кушва', '%d0%9a%d1%83%d1%88%d0%b2%d0%b0', 'ru', 1),
(408795, 781906, 'Реж', '%d0%a0%d0%b5%d0%b6', 'ru', 1),
(408796, 781906, 'Тавда', '%d0%a2%d0%b0%d0%b2%d0%b4%d0%b0', 'ru', 1),
(408797, 781906, 'Ирбит', '%d0%98%d1%80%d0%b1%d0%b8%d1%82', 'ru', 1),
(408798, 781906, 'Красноуфимск', '%d0%9a%d1%80%d0%b0%d1%81%d0%bd%d0%be%d1%83%d1%84%d0%b8%d0%bc', 'ru', 1),
(408799, 781906, 'Качканар', '%d0%9a%d0%b0%d1%87%d0%ba%d0%b0%d0%bd%d0%b0%d1%80', 'ru', 1),
(408800, 781906, 'Алапаевск', '%d0%90%d0%bb%d0%b0%d0%bf%d0%b0%d0%b5%d0%b2%d1%81%d0%ba', 'ru', 1),
(408801, 781906, 'Верхняя Салда', '%d0%92%d0%b5%d1%80%d1%85%d0%bd%d1%8f%d1%8f-%d0%a1%d0%b0%d0%b', 'ru', 1),
(408802, 781906, 'Верхняя Пышма', '%d0%92%d0%b5%d1%80%d1%85%d0%bd%d1%8f%d1%8f-%d0%9f%d1%8b%d1%8', 'ru', 1),
(408803, 781906, 'Краснотурьинск', '%d0%9a%d1%80%d0%b0%d1%81%d0%bd%d0%be%d1%82%d1%83%d1%80%d1%8c', 'ru', 1),
(408804, 781906, 'Полевской', '%d0%9f%d0%be%d0%bb%d0%b5%d0%b2%d1%81%d0%ba%d0%be%d0%b9', 'ru', 1),
(408805, 781906, 'Новоуральск', '%d0%9d%d0%be%d0%b2%d0%be%d1%83%d1%80%d0%b0%d0%bb%d1%8c%d1%81', 'ru', 1),
(408806, 781906, 'Первоуральск', '%d0%9f%d0%b5%d1%80%d0%b2%d0%be%d1%83%d1%80%d0%b0%d0%bb%d1%8c', 'ru', 1),
(408807, 781906, 'Каменск-Уральский', '%d0%9a%d0%b0%d0%bc%d0%b5%d0%bd%d1%81%d0%ba-%d0%a3%d1%80%d0%b', 'ru', 1),
(408808, 781906, 'Нижний Тагил', '%d0%9d%d0%b8%d0%b6%d0%bd%d0%b8%d0%b9-%d0%a2%d0%b0%d0%b3%d0%b', 'ru', 1),
(408809, 781906, 'Екатеринбург', '%d0%95%d0%ba%d0%b0%d1%82%d0%b5%d1%80%d0%b8%d0%bd%d0%b1%d1%83', 'ru', 1),
(408810, 781907, 'Ярцево', '%d0%af%d1%80%d1%86%d0%b5%d0%b2%d0%be', 'ru', 1),
(408811, 781907, 'Сычёвка', '%d0%a1%d1%8b%d1%87%d1%91%d0%b2%d0%ba%d0%b0', 'ru', 1),
(408812, 781907, 'Смоленск', '%d0%a1%d0%bc%d0%be%d0%bb%d0%b5%d0%bd%d1%81%d0%ba', 'ru', 1),
(408813, 781907, 'Сафоново', '%d0%a1%d0%b0%d1%84%d0%be%d0%bd%d0%be%d0%b2%d0%be', 'ru', 1),
(408814, 781907, 'Рудня', '%d0%a0%d1%83%d0%b4%d0%bd%d1%8f', 'ru', 1),
(408815, 781907, 'Рославль', '%d0%a0%d0%be%d1%81%d0%bb%d0%b0%d0%b2%d0%bb%d1%8c', 'ru', 1),
(408816, 781907, 'Починок', '%d0%9f%d0%be%d1%87%d0%b8%d0%bd%d0%be%d0%ba', 'ru', 1),
(408817, 781907, 'Озёрный', '%d0%9e%d0%b7%d1%91%d1%80%d0%bd%d1%8b%d0%b9', 'ru', 1),
(408818, 781907, 'Ельня', '%d0%95%d0%bb%d1%8c%d0%bd%d1%8f', 'ru', 1),
(408819, 781907, 'Дорогобуж', '%d0%94%d0%be%d1%80%d0%be%d0%b3%d0%be%d0%b1%d1%83%d0%b6', 'ru', 1),
(408820, 781907, 'Десногорск', '%d0%94%d0%b5%d1%81%d0%bd%d0%be%d0%b3%d0%be%d1%80%d1%81%d0%ba', 'ru', 1),
(408821, 781907, 'Демидов', '%d0%94%d0%b5%d0%bc%d0%b8%d0%b4%d0%be%d0%b2', 'ru', 1),
(408822, 781907, 'Гагарин', '%d0%93%d0%b0%d0%b3%d0%b0%d1%80%d0%b8%d0%bd', 'ru', 1),
(408823, 781907, 'Вязьма', '%d0%92%d1%8f%d0%b7%d1%8c%d0%bc%d0%b0', 'ru', 1),
(408824, 781907, 'Верхнеднепровский', '%d0%92%d0%b5%d1%80%d1%85%d0%bd%d0%b5%d0%b4%d0%bd%d0%b5%d0%bf', 'ru', 1),
(408825, 781907, 'Велиж', '%d0%92%d0%b5%d0%bb%d0%b8%d0%b6', 'ru', 1),
(408826, 781908, 'Александровское', '%d0%90%d0%bb%d0%b5%d0%ba%d1%81%d0%b0%d0%bd%d0%b4%d1%80%d0%be', 'ru', 1),
(408827, 781908, 'Благодарный', '%d0%91%d0%bb%d0%b0%d0%b3%d0%be%d0%b4%d0%b0%d1%80%d0%bd%d1%8b', 'ru', 1),
(408828, 781908, 'Дивное', '%d0%94%d0%b8%d0%b2%d0%bd%d0%be%d0%b5', 'ru', 1),
(408829, 781908, 'Железноводск', '%d0%96%d0%b5%d0%bb%d0%b5%d0%b7%d0%bd%d0%be%d0%b2%d0%be%d0%b4', 'ru', 1),
(408830, 781908, 'Изобильный', '%d0%98%d0%b7%d0%be%d0%b1%d0%b8%d0%bb%d1%8c%d0%bd%d1%8b%d0%b9', 'ru', 1),
(408831, 781908, 'Иноземцево', '%d0%98%d0%bd%d0%be%d0%b7%d0%b5%d0%bc%d1%86%d0%b5%d0%b2%d0%be', 'ru', 1),
(408832, 781908, 'Ипатово', '%d0%98%d0%bf%d0%b0%d1%82%d0%be%d0%b2%d0%be', 'ru', 1),
(408833, 781908, 'Красногвардейское', '%d0%9a%d1%80%d0%b0%d1%81%d0%bd%d0%be%d0%b3%d0%b2%d0%b0%d1%80', 'ru', 1),
(408834, 781908, 'Михайловск', '%d0%9c%d0%b8%d1%85%d0%b0%d0%b9%d0%bb%d0%be%d0%b2%d1%81%d0%ba', 'ru', 1),
(408835, 781908, 'Нефтекумск', '%d0%9d%d0%b5%d1%84%d1%82%d0%b5%d0%ba%d1%83%d0%bc%d1%81%d0%ba', 'ru', 1),
(408836, 781908, 'Новоалександровск', '%d0%9d%d0%be%d0%b2%d0%be%d0%b0%d0%bb%d0%b5%d0%ba%d1%81%d0%b0', 'ru', 1),
(408837, 781908, 'Суворовская', '%d0%a1%d1%83%d0%b2%d0%be%d1%80%d0%be%d0%b2%d1%81%d0%ba%d0%b0', 'ru', 1),
(408838, 781908, 'Донское', '%d0%94%d0%be%d0%bd%d1%81%d0%ba%d0%be%d0%b5', 'ru', 1),
(408839, 781908, 'Арзгир', '%d0%90%d1%80%d0%b7%d0%b3%d0%b8%d1%80', 'ru', 1),
(408840, 781908, 'Свободы', '%d0%a1%d0%b2%d0%be%d0%b1%d0%be%d0%b4%d1%8b', 'ru', 1),
(408841, 781908, 'Незлобная', '%d0%9d%d0%b5%d0%b7%d0%bb%d0%be%d0%b1%d0%bd%d0%b0%d1%8f', 'ru', 1),
(408842, 781908, 'Ессентукская', '%d0%95%d1%81%d1%81%d0%b5%d0%bd%d1%82%d1%83%d0%ba%d1%81%d0%ba', 'ru', 1),
(408843, 781908, 'Лермонтов', '%d0%9b%d0%b5%d1%80%d0%bc%d0%be%d0%bd%d1%82%d0%be%d0%b2', 'ru', 1),
(408844, 781908, 'Новопавловск', '%d0%9d%d0%be%d0%b2%d0%be%d0%bf%d0%b0%d0%b2%d0%bb%d0%be%d0%b2', 'ru', 1),
(408845, 781908, 'Кочубеевское', '%d0%9a%d0%be%d1%87%d1%83%d0%b1%d0%b5%d0%b5%d0%b2%d1%81%d0%ba', 'ru', 1),
(408846, 781908, 'Горячеводский', '%d0%93%d0%be%d1%80%d1%8f%d1%87%d0%b5%d0%b2%d0%be%d0%b4%d1%81', 'ru', 1),
(408847, 781908, 'Светлоград', '%d0%a1%d0%b2%d0%b5%d1%82%d0%bb%d0%be%d0%b3%d1%80%d0%b0%d0%b4', 'ru', 1),
(408848, 781908, 'Зеленокумск', '%d0%97%d0%b5%d0%bb%d0%b5%d0%bd%d0%be%d0%ba%d1%83%d0%bc%d1%81', 'ru', 1),
(408849, 781908, 'Будённовск', '%d0%91%d1%83%d0%b4%d1%91%d0%bd%d0%bd%d0%be%d0%b2%d1%81%d0%ba', 'ru', 1),
(408850, 781908, 'Георгиевск', '%d0%93%d0%b5%d0%be%d1%80%d0%b3%d0%b8%d0%b5%d0%b2%d1%81%d0%ba', 'ru', 1),
(408851, 781908, 'Минеральные Воды', '%d0%9c%d0%b8%d0%bd%d0%b5%d1%80%d0%b0%d0%bb%d1%8c%d0%bd%d1%8b', 'ru', 1),
(408852, 781908, 'Ессентуки', '%d0%95%d1%81%d1%81%d0%b5%d0%bd%d1%82%d1%83%d0%ba%d0%b8', 'ru', 1),
(408853, 781908, 'Кисловодск', '%d0%9a%d0%b8%d1%81%d0%bb%d0%be%d0%b2%d0%be%d0%b4%d1%81%d0%ba', 'ru', 1),
(408854, 781908, 'Невинномысск', '%d0%9d%d0%b5%d0%b2%d0%b8%d0%bd%d0%bd%d0%be%d0%bc%d1%8b%d1%81', 'ru', 1),
(408855, 781908, 'Пятигорск', '%d0%9f%d1%8f%d1%82%d0%b8%d0%b3%d0%be%d1%80%d1%81%d0%ba', 'ru', 1),
(408856, 781908, 'Ставрополь', '%d0%a1%d1%82%d0%b0%d0%b2%d1%80%d0%be%d0%bf%d0%be%d0%bb%d1%8c', 'ru', 1),
(408857, 781909, 'Дмитриевка', '%d0%94%d0%bc%d0%b8%d1%82%d1%80%d0%b8%d0%b5%d0%b2%d0%ba%d0%b0', 'ru', 1),
(408858, 781909, 'Знаменка', '%d0%97%d0%bd%d0%b0%d0%bc%d0%b5%d0%bd%d0%ba%d0%b0', 'ru', 1),
(408859, 781909, 'Кирсанов', '%d0%9a%d0%b8%d1%80%d1%81%d0%b0%d0%bd%d0%be%d0%b2', 'ru', 1),
(408860, 781909, 'Мордово', '%d0%9c%d0%be%d1%80%d0%b4%d0%be%d0%b2%d0%be', 'ru', 1),
(408861, 781909, 'Первомайский', '%d0%9f%d0%b5%d1%80%d0%b2%d0%be%d0%bc%d0%b0%d0%b9%d1%81%d0%ba', 'ru', 1),
(408862, 781909, 'Петровское', '%d0%9f%d0%b5%d1%82%d1%80%d0%be%d0%b2%d1%81%d0%ba%d0%be%d0%b5', 'ru', 1),
(408863, 781909, 'Рассказово', '%d0%a0%d0%b0%d1%81%d1%81%d0%ba%d0%b0%d0%b7%d0%be%d0%b2%d0%be', 'ru', 1),
(408864, 781909, 'Сосновка', '%d0%a1%d0%be%d1%81%d0%bd%d0%be%d0%b2%d0%ba%d0%b0', 'ru', 1),
(408865, 781909, 'Строитель', '%d0%a1%d1%82%d1%80%d0%be%d0%b8%d1%82%d0%b5%d0%bb%d1%8c', 'ru', 1),
(408866, 781909, 'Токарёвка', '%d0%a2%d0%be%d0%ba%d0%b0%d1%80%d1%91%d0%b2%d0%ba%d0%b0', 'ru', 1),
(408867, 781909, 'Уварово', '%d0%a3%d0%b2%d0%b0%d1%80%d0%be%d0%b2%d0%be', 'ru', 1),
(408868, 781909, 'Новая Ляда', '%d0%9d%d0%be%d0%b2%d0%b0%d1%8f-%d0%9b%d1%8f%d0%b4%d0%b0', 'ru', 1),
(408869, 781909, 'Покрово-Пригородное', '%d0%9f%d0%be%d0%ba%d1%80%d0%be%d0%b2%d0%be-%d0%9f%d1%80%d0%b', 'ru', 1),
(408870, 781909, 'Заворонежское', '%d0%97%d0%b0%d0%b2%d0%be%d1%80%d0%be%d0%bd%d0%b5%d0%b6%d1%81', 'ru', 1),
(408871, 781909, 'Ржакса', '%d0%a0%d0%b6%d0%b0%d0%ba%d1%81%d0%b0', 'ru', 1),
(408872, 781909, 'Староюрьево', '%d0%a1%d1%82%d0%b0%d1%80%d0%be%d1%8e%d1%80%d1%8c%d0%b5%d0%b2', 'ru', 1),
(408873, 781909, 'Мучкапский', '%d0%9c%d1%83%d1%87%d0%ba%d0%b0%d0%bf%d1%81%d0%ba%d0%b8%d0%b9', 'ru', 1),
(408874, 781909, 'Инжавино', '%d0%98%d0%bd%d0%b6%d0%b0%d0%b2%d0%b8%d0%bd%d0%be', 'ru', 1),
(408875, 781909, 'Жердевка', '%d0%96%d0%b5%d1%80%d0%b4%d0%b5%d0%b2%d0%ba%d0%b0', 'ru', 1),
(408876, 781909, 'Котовск', '%d0%9a%d0%be%d1%82%d0%be%d0%b2%d1%81%d0%ba', 'ru', 1),
(408877, 781909, 'Моршанск', '%d0%9c%d0%be%d1%80%d1%88%d0%b0%d0%bd%d1%81%d0%ba', 'ru', 1),
(408878, 781909, 'Мичуринск', '%d0%9c%d0%b8%d1%87%d1%83%d1%80%d0%b8%d0%bd%d1%81%d0%ba', 'ru', 1),
(408879, 781909, 'Тамбов', '%d0%a2%d0%b0%d0%bc%d0%b1%d0%be%d0%b2', 'ru', 1),
(408880, 781910, 'Бологое', '%d0%91%d0%be%d0%bb%d0%be%d0%b3%d0%be%d0%b5', 'ru', 1),
(408881, 781910, 'Кашин', '%d0%9a%d0%b0%d1%88%d0%b8%d0%bd', 'ru', 1),
(408882, 781910, 'Конаково', '%d0%9a%d0%be%d0%bd%d0%b0%d0%ba%d0%be%d0%b2%d0%be', 'ru', 1),
(408883, 781910, 'Кувшиново', '%d0%9a%d1%83%d0%b2%d1%88%d0%b8%d0%bd%d0%be%d0%b2%d0%be', 'ru', 1),
(408884, 781910, 'Нелидово', '%d0%9d%d0%b5%d0%bb%d0%b8%d0%b4%d0%be%d0%b2%d0%be', 'ru', 1),
(408885, 781910, 'Озёрный', '%d0%9e%d0%b7%d1%91%d1%80%d0%bd%d1%8b%d0%b9', 'ru', 1),
(408886, 781910, 'Редкино', '%d0%a0%d0%b5%d0%b4%d0%ba%d0%b8%d0%bd%d0%be', 'ru', 1),
(408887, 781910, 'Лихославль', '%d0%9b%d0%b8%d1%85%d0%be%d1%81%d0%bb%d0%b0%d0%b2%d0%bb%d1%8c', 'ru', 1),
(408888, 781910, 'Торопец', '%d0%a2%d0%be%d1%80%d0%be%d0%bf%d0%b5%d1%86', 'ru', 1),
(408889, 781910, 'Калязин', '%d0%9a%d0%b0%d0%bb%d1%8f%d0%b7%d0%b8%d0%bd', 'ru', 1),
(408890, 781910, 'Осташков', '%d0%9e%d1%81%d1%82%d0%b0%d1%88%d0%ba%d0%be%d0%b2', 'ru', 1),
(408891, 781910, 'Бежецк', '%d0%91%d0%b5%d0%b6%d0%b5%d1%86%d0%ba', 'ru', 1),
(408892, 781910, 'Удомля', '%d0%a3%d0%b4%d0%be%d0%bc%d0%bb%d1%8f', 'ru', 1),
(408893, 781910, 'Торжок', '%d0%a2%d0%be%d1%80%d0%b6%d0%be%d0%ba', 'ru', 1),
(408894, 781910, 'Кимры', '%d0%9a%d0%b8%d0%bc%d1%80%d1%8b', 'ru', 1),
(408895, 781910, 'Вышний Волочёк', '%d0%92%d1%8b%d1%88%d0%bd%d0%b8%d0%b9-%d0%92%d0%be%d0%bb%d0%b', 'ru', 1),
(408896, 781910, 'Ржев', '%d0%a0%d0%b6%d0%b5%d0%b2', 'ru', 1),
(408897, 781910, 'Тверь', '%d0%a2%d0%b2%d0%b5%d1%80%d1%8c', 'ru', 1),
(408898, 781911, 'Александровское', '%d0%90%d0%bb%d0%b5%d0%ba%d1%81%d0%b0%d0%bd%d0%b4%d1%80%d0%be', 'ru', 1),
(408899, 781911, 'Белый Яр', '%d0%91%d0%b5%d0%bb%d1%8b%d0%b9-%d0%af%d1%80', 'ru', 1),
(408900, 781911, 'Зональная Станция', '%d0%97%d0%be%d0%bd%d0%b0%d0%bb%d1%8c%d0%bd%d0%b0%d1%8f-%d0%a', 'ru', 1),
(408901, 781911, 'Зырянское', '%d0%97%d1%8b%d1%80%d1%8f%d0%bd%d1%81%d0%ba%d0%be%d0%b5', 'ru', 1),
(408902, 781911, 'Кожевниково', '%d0%9a%d0%be%d0%b6%d0%b5%d0%b2%d0%bd%d0%b8%d0%ba%d0%be%d0%b2', 'ru', 1),
(408903, 781911, 'Мельниково', '%d0%9c%d0%b5%d0%bb%d1%8c%d0%bd%d0%b8%d0%ba%d0%be%d0%b2%d0%be', 'ru', 1),
(408904, 781911, 'Молчаново', '%d0%9c%d0%be%d0%bb%d1%87%d0%b0%d0%bd%d0%be%d0%b2%d0%be', 'ru', 1),
(408905, 781911, 'Первомайское', '%d0%9f%d0%b5%d1%80%d0%b2%d0%be%d0%bc%d0%b0%d0%b9%d1%81%d0%ba', 'ru', 1),
(408906, 781911, 'Подгорное', '%d0%9f%d0%be%d0%b4%d0%b3%d0%be%d1%80%d0%bd%d0%be%d0%b5', 'ru', 1),
(408907, 781911, 'Самусь', '%d0%a1%d0%b0%d0%bc%d1%83%d1%81%d1%8c', 'ru', 1),
(408908, 781911, 'Кривошеино', '%d0%9a%d1%80%d0%b8%d0%b2%d0%be%d1%88%d0%b5%d0%b8%d0%bd%d0%be', 'ru', 1),
(408909, 781911, 'Парабель', '%d0%9f%d0%b0%d1%80%d0%b0%d0%b1%d0%b5%d0%bb%d1%8c', 'ru', 1),
(408910, 781911, 'Бакчар', '%d0%91%d0%b0%d0%ba%d1%87%d0%b0%d1%80', 'ru', 1),
(408911, 781911, 'Тогур', '%d0%a2%d0%be%d0%b3%d1%83%d1%80', 'ru', 1),
(408912, 781911, 'Каргасок', '%d0%9a%d0%b0%d1%80%d0%b3%d0%b0%d1%81%d0%be%d0%ba', 'ru', 1),
(408913, 781911, 'Асино', '%d0%90%d1%81%d0%b8%d0%bd%d0%be', 'ru', 1),
(408914, 781911, 'Колпашево', '%d0%9a%d0%be%d0%bb%d0%bf%d0%b0%d1%88%d0%b5%d0%b2%d0%be', 'ru', 1),
(408915, 781911, 'Стрежевой', '%d0%a1%d1%82%d1%80%d0%b5%d0%b6%d0%b5%d0%b2%d0%be%d0%b9', 'ru', 1),
(408916, 781911, 'Северск', '%d0%a1%d0%b5%d0%b2%d0%b5%d1%80%d1%81%d0%ba', 'ru', 1),
(408917, 781911, 'Томск', '%d0%a2%d0%be%d0%bc%d1%81%d0%ba', 'ru', 1),
(408918, 781912, 'Донской', '%d0%94%d0%be%d0%bd%d1%81%d0%ba%d0%be%d0%b9', 'ru', 1),
(408919, 781912, 'Киреевск', '%d0%9a%d0%b8%d1%80%d0%b5%d0%b5%d0%b2%d1%81%d0%ba', 'ru', 1),
(408920, 781912, 'Первомайский', '%d0%9f%d0%b5%d1%80%d0%b2%d0%be%d0%bc%d0%b0%d0%b9%d1%81%d0%ba', 'ru', 1),
(408921, 781912, 'Сокольники', '%d0%a1%d0%be%d0%ba%d0%be%d0%bb%d1%8c%d0%bd%d0%b8%d0%ba%d0%b8', 'ru', 1),
(408922, 781912, 'Суворов', '%d0%a1%d1%83%d0%b2%d0%be%d1%80%d0%be%d0%b2', 'ru', 1),
(408923, 781912, 'Щёкино', '%d0%a9%d1%91%d0%ba%d0%b8%d0%bd%d0%be', 'ru', 1),
(408924, 781912, 'Болохово', '%d0%91%d0%be%d0%bb%d0%be%d1%85%d0%be%d0%b2%d0%be', 'ru', 1),
(408925, 781912, 'Белёв', '%d0%91%d0%b5%d0%bb%d1%91%d0%b2', 'ru', 1),
(408926, 781912, 'Венёв', '%d0%92%d0%b5%d0%bd%d1%91%d0%b2', 'ru', 1),
(408927, 781912, 'Плавск', '%d0%9f%d0%bb%d0%b0%d0%b2%d1%81%d0%ba', 'ru', 1),
(408928, 781912, 'Ясногорск', '%d0%af%d1%81%d0%bd%d0%be%d0%b3%d0%be%d1%80%d1%81%d0%ba', 'ru', 1),
(408929, 781912, 'Богородицк', '%d0%91%d0%be%d0%b3%d0%be%d1%80%d0%be%d0%b4%d0%b8%d1%86%d0%ba', 'ru', 1),
(408930, 781912, 'Кимовск', '%d0%9a%d0%b8%d0%bc%d0%be%d0%b2%d1%81%d0%ba', 'ru', 1),
(408931, 781912, 'Ефремов', '%d0%95%d1%84%d1%80%d0%b5%d0%bc%d0%be%d0%b2', 'ru', 1),
(408932, 781912, 'Узловая', '%d0%a3%d0%b7%d0%bb%d0%be%d0%b2%d0%b0%d1%8f', 'ru', 1),
(408933, 781912, 'Алексин', '%d0%90%d0%bb%d0%b5%d0%ba%d1%81%d0%b8%d0%bd', 'ru', 1),
(408934, 781912, 'Новомосковск', '%d0%9d%d0%be%d0%b2%d0%be%d0%bc%d0%be%d1%81%d0%ba%d0%be%d0%b2', 'ru', 1),
(408935, 781912, 'Тула', '%d0%a2%d1%83%d0%bb%d0%b0', 'ru', 1),
(408936, 781913, 'Антипино', '%d0%90%d0%bd%d1%82%d0%b8%d0%bf%d0%b8%d0%bd%d0%be', 'ru', 1),
(408937, 781913, 'Бердюжье', '%d0%91%d0%b5%d1%80%d0%b4%d1%8e%d0%b6%d1%8c%d0%b5', 'ru', 1),
(408938, 781913, 'Большое Сорокино', '%d0%91%d0%be%d0%bb%d1%8c%d1%88%d0%be%d0%b5-%d0%a1%d0%be%d1%8', 'ru', 1),
(408939, 781913, 'Боровский', '%d0%91%d0%be%d1%80%d0%be%d0%b2%d1%81%d0%ba%d0%b8%d0%b9', 'ru', 1),
(408940, 781913, 'Исетское', '%d0%98%d1%81%d0%b5%d1%82%d1%81%d0%ba%d0%be%d0%b5', 'ru', 1),
(408941, 781913, 'Казанское', '%d0%9a%d0%b0%d0%b7%d0%b0%d0%bd%d1%81%d0%ba%d0%be%d0%b5', 'ru', 1),
(408942, 781913, 'Каскара', '%d0%9a%d0%b0%d1%81%d0%ba%d0%b0%d1%80%d0%b0', 'ru', 1),
(408943, 781913, 'Тарманы', '%d0%a2%d0%b0%d1%80%d0%bc%d0%b0%d0%bd%d1%8b', 'ru', 1),
(408944, 781913, 'Тюмень', '%d0%a2%d1%8e%d0%bc%d0%b5%d0%bd%d1%8c', 'ru', 1),
(408945, 781913, 'Ярково', '%d0%af%d1%80%d0%ba%d0%be%d0%b2%d0%be', 'ru', 1),
(408946, 781913, 'Туртас', '%d0%a2%d1%83%d1%80%d1%82%d0%b0%d1%81', 'ru', 1),
(408947, 781913, 'Упорово', '%d0%a3%d0%bf%d0%be%d1%80%d0%be%d0%b2%d0%be', 'ru', 1),
(408948, 781913, 'Аромашево', '%d0%90%d1%80%d0%be%d0%bc%d0%b0%d1%88%d0%b5%d0%b2%d0%be', 'ru', 1),
(408949, 781913, 'Нижняя Тавда', '%d0%9d%d0%b8%d0%b6%d0%bd%d1%8f%d1%8f-%d0%a2%d0%b0%d0%b2%d0%b', 'ru', 1),
(408950, 781913, 'Викулово', '%d0%92%d0%b8%d0%ba%d1%83%d0%bb%d0%be%d0%b2%d0%be', 'ru', 1),
(408951, 781913, 'Абатское', '%d0%90%d0%b1%d0%b0%d1%82%d1%81%d0%ba%d0%be%d0%b5', 'ru', 1),
(408952, 781913, 'Богандинский', '%d0%91%d0%be%d0%b3%d0%b0%d0%bd%d0%b4%d0%b8%d0%bd%d1%81%d0%ba', 'ru', 1),
(408953, 781913, 'Омутинское', '%d0%9e%d0%bc%d1%83%d1%82%d0%b8%d0%bd%d1%81%d0%ba%d0%be%d0%b5', 'ru', 1),
(408954, 781913, 'Винзили', '%d0%92%d0%b8%d0%bd%d0%b7%d0%b8%d0%bb%d0%b8', 'ru', 1),
(408955, 781913, 'Голышманово', '%d0%93%d0%be%d0%bb%d1%8b%d1%88%d0%bc%d0%b0%d0%bd%d0%be%d0%b2', 'ru', 1),
(408956, 781913, 'Заводоуковск', '%d0%97%d0%b0%d0%b2%d0%be%d0%b4%d0%be%d1%83%d0%ba%d0%be%d0%b2', 'ru', 1),
(408957, 781913, 'Ялуторовск', '%d0%af%d0%bb%d1%83%d1%82%d0%be%d1%80%d0%be%d0%b2%d1%81%d0%ba', 'ru', 1),
(408958, 781913, 'Ишим', '%d0%98%d1%88%d0%b8%d0%bc', 'ru', 1),
(408959, 781913, 'Тобольск', '%d0%a2%d0%be%d0%b1%d0%be%d0%bb%d1%8c%d1%81%d0%ba', 'ru', 1),
(408960, 781914, 'Глазов', '%d0%93%d0%bb%d0%b0%d0%b7%d0%be%d0%b2', 'ru', 1),
(408961, 781914, 'Завьялово', '%d0%97%d0%b0%d0%b2%d1%8c%d1%8f%d0%bb%d0%be%d0%b2%d0%be', 'ru', 1),
(408962, 781914, 'Можга', '%d0%9c%d0%be%d0%b6%d0%b3%d0%b0', 'ru', 1),
(408963, 781914, 'Новый', '%d0%9d%d0%be%d0%b2%d1%8b%d0%b9', 'ru', 1),
(408964, 781914, 'Якшур-Бодья', '%d0%af%d0%ba%d1%88%d1%83%d1%80-%d0%91%d0%be%d0%b4%d1%8c%d1%8', 'ru', 1),
(408965, 781914, 'Яр', '%d0%af%d1%80', 'ru', 1),
(408966, 781914, 'Каракулино', '%d0%9a%d0%b0%d1%80%d0%b0%d0%ba%d1%83%d0%bb%d0%b8%d0%bd%d0%be', 'ru', 1),
(408967, 781914, 'Селты', '%d0%a1%d0%b5%d0%bb%d1%82%d1%8b', 'ru', 1),
(408968, 781914, 'Вавож', '%d0%92%d0%b0%d0%b2%d0%be%d0%b6', 'ru', 1),
(408969, 781914, 'Сюмси', '%d0%a1%d1%8e%d0%bc%d1%81%d0%b8', 'ru', 1),
(408970, 781914, 'Сигаево', '%d0%a1%d0%b8%d0%b3%d0%b0%d0%b5%d0%b2%d0%be', 'ru', 1),
(408971, 781914, 'Дебёсы', '%d0%94%d0%b5%d0%b1%d1%91%d1%81%d1%8b', 'ru', 1),
(408972, 781914, 'Алнаши', '%d0%90%d0%bb%d0%bd%d0%b0%d1%88%d0%b8', 'ru', 1),
(408973, 781914, 'Шаркан', '%d0%a8%d0%b0%d1%80%d0%ba%d0%b0%d0%bd', 'ru', 1),
(408974, 781914, 'Малая Пурга', '%d0%9c%d0%b0%d0%bb%d0%b0%d1%8f-%d0%9f%d1%83%d1%80%d0%b3%d0%b', 'ru', 1),
(408975, 781914, 'Кизнер', '%d0%9a%d0%b8%d0%b7%d0%bd%d0%b5%d1%80', 'ru', 1),
(408976, 781914, 'Кез', '%d0%9a%d0%b5%d0%b7', 'ru', 1),
(408977, 781914, 'Камбарка', '%d0%9a%d0%b0%d0%bc%d0%b1%d0%b0%d1%80%d0%ba%d0%b0', 'ru', 1),
(408978, 781914, 'Балезино', '%d0%91%d0%b0%d0%bb%d0%b5%d0%b7%d0%b8%d0%bd%d0%be', 'ru', 1),
(408979, 781914, 'Ува', '%d0%a3%d0%b2%d0%b0', 'ru', 1),
(408980, 781914, 'Игра', '%d0%98%d0%b3%d1%80%d0%b0', 'ru', 1),
(408981, 781914, 'Воткинск', '%d0%92%d0%be%d1%82%d0%ba%d0%b8%d0%bd%d1%81%d0%ba', 'ru', 1),
(408982, 781914, 'Сарапул', '%d0%a1%d0%b0%d1%80%d0%b0%d0%bf%d1%83%d0%bb', 'ru', 1),
(408983, 781914, 'Ижевск', '%d0%98%d0%b6%d0%b5%d0%b2%d1%81%d0%ba', 'ru', 1),
(408984, 781915, 'Большое Нагаткино', '%d0%91%d0%be%d0%bb%d1%8c%d1%88%d0%be%d0%b5-%d0%9d%d0%b0%d0%b', 'ru', 1),
(408985, 781915, 'Ишеевка', '%d0%98%d1%88%d0%b5%d0%b5%d0%b2%d0%ba%d0%b0', 'ru', 1),
(408986, 781915, 'Кузоватово', '%d0%9a%d1%83%d0%b7%d0%be%d0%b2%d0%b0%d1%82%d0%be%d0%b2%d0%be', 'ru', 1),
(408987, 781915, 'Майна', '%d0%9c%d0%b0%d0%b9%d0%bd%d0%b0', 'ru', 1),
(408988, 781915, 'Мулловка', '%d0%9c%d1%83%d0%bb%d0%bb%d0%be%d0%b2%d0%ba%d0%b0', 'ru', 1),
(408989, 781915, 'Николаевка', '%d0%9d%d0%b8%d0%ba%d0%be%d0%bb%d0%b0%d0%b5%d0%b2%d0%ba%d0%b0', 'ru', 1),
(408990, 781915, 'Новоспасское', '%d0%9d%d0%be%d0%b2%d0%be%d1%81%d0%bf%d0%b0%d1%81%d1%81%d0%ba', 'ru', 1),
(408991, 781915, 'Октябрьский', '%d0%9e%d0%ba%d1%82%d1%8f%d0%b1%d1%80%d1%8c%d1%81%d0%ba%d0%b8', 'ru', 1),
(408992, 781915, 'Павловка', '%d0%9f%d0%b0%d0%b2%d0%bb%d0%be%d0%b2%d0%ba%d0%b0', 'ru', 1),
(408993, 781915, 'Сурское', '%d0%a1%d1%83%d1%80%d1%81%d0%ba%d0%be%d0%b5', 'ru', 1),
(408994, 781915, 'Тереньга', '%d0%a2%d0%b5%d1%80%d0%b5%d0%bd%d1%8c%d0%b3%d0%b0', 'ru', 1),
(408995, 781915, 'Старая Кулатка', '%d0%a1%d1%82%d0%b0%d1%80%d0%b0%d1%8f-%d0%9a%d1%83%d0%bb%d0%b', 'ru', 1),
(408996, 781915, 'Базарный Сызган', '%d0%91%d0%b0%d0%b7%d0%b0%d1%80%d0%bd%d1%8b%d0%b9-%d0%a1%d1%8', 'ru', 1),
(408997, 781915, 'Новая Майна', '%d0%9d%d0%be%d0%b2%d0%b0%d1%8f-%d0%9c%d0%b0%d0%b9%d0%bd%d0%b', 'ru', 1),
(408998, 781915, 'Старая Майна', '%d0%a1%d1%82%d0%b0%d1%80%d0%b0%d1%8f-%d0%9c%d0%b0%d0%b9%d0%b', 'ru', 1),
(408999, 781915, 'Вешкайма', '%d0%92%d0%b5%d1%88%d0%ba%d0%b0%d0%b9%d0%bc%d0%b0', 'ru', 1),
(409000, 781915, 'Сенгилей', '%d0%a1%d0%b5%d0%bd%d0%b3%d0%b8%d0%bb%d0%b5%d0%b9', 'ru', 1),
(409001, 781915, 'Карсун', '%d0%9a%d0%b0%d1%80%d1%81%d1%83%d0%bd', 'ru', 1),
(409002, 781915, 'Чердаклы', '%d0%a7%d0%b5%d1%80%d0%b4%d0%b0%d0%ba%d0%bb%d1%8b', 'ru', 1),
(409003, 781915, 'Новоульяновск', '%d0%9d%d0%be%d0%b2%d0%be%d1%83%d0%bb%d1%8c%d1%8f%d0%bd%d0%be', 'ru', 1),
(409004, 781915, 'Барыш', '%d0%91%d0%b0%d1%80%d1%8b%d1%88', 'ru', 1),
(409005, 781915, 'Инза', '%d0%98%d0%bd%d0%b7%d0%b0', 'ru', 1),
(409006, 781915, 'Димитровград', '%d0%94%d0%b8%d0%bc%d0%b8%d1%82%d1%80%d0%be%d0%b2%d0%b3%d1%80', 'ru', 1),
(409007, 781915, 'Ульяновск', '%d0%a3%d0%bb%d1%8c%d1%8f%d0%bd%d0%be%d0%b2%d1%81%d0%ba', 'ru', 1),
(409008, 781916, 'Усть-Орды́нский', '%d0%a3%d1%81%d1%82%d1%8c-%d0%9e%d1%80%d0%b4%d1%8b%cc%81%d0%b', 'ru', 1),
(409009, 781917, 'Берёзовый', '%d0%91%d0%b5%d1%80%d1%91%d0%b7%d0%be%d0%b2%d1%8b%d0%b9', 'ru', 1),
(409010, 781917, 'Ванино', '%d0%92%d0%b0%d0%bd%d0%b8%d0%bd%d0%be', 'ru', 1),
(409011, 781917, 'Заветы Ильича', '%d0%97%d0%b0%d0%b2%d0%b5%d1%82%d1%8b-%d0%98%d0%bb%d1%8c%d0%b', 'ru', 1),
(409012, 781917, 'Корфовский', '%d0%9a%d0%be%d1%80%d1%84%d0%be%d0%b2%d1%81%d0%ba%d0%b8%d0%b9', 'ru', 1),
(409013, 781917, 'Некрасовка', '%d0%9d%d0%b5%d0%ba%d1%80%d0%b0%d1%81%d0%be%d0%b2%d0%ba%d0%b0', 'ru', 1),
(409014, 781917, 'Октябрьский', '%d0%9e%d0%ba%d1%82%d1%8f%d0%b1%d1%80%d1%8c%d1%81%d0%ba%d0%b8', 'ru', 1),
(409015, 781917, 'Переяславка', '%d0%9f%d0%b5%d1%80%d0%b5%d1%8f%d1%81%d0%bb%d0%b0%d0%b2%d0%ba', 'ru', 1),
(409016, 781917, 'Солнечный', '%d0%a1%d0%be%d0%bb%d0%bd%d0%b5%d1%87%d0%bd%d1%8b%d0%b9', 'ru', 1),
(409017, 781917, 'Троицкое', '%d0%a2%d1%80%d0%be%d0%b8%d1%86%d0%ba%d0%be%d0%b5', 'ru', 1),
(409018, 781917, 'Эльбан', '%d0%ad%d0%bb%d1%8c%d0%b1%d0%b0%d0%bd', 'ru', 1),
(409019, 781917, 'Хурба', '%d0%a5%d1%83%d1%80%d0%b1%d0%b0', 'ru', 1),
(409020, 781917, 'Охотск', '%d0%9e%d1%85%d0%be%d1%82%d1%81%d0%ba', 'ru', 1),
(409021, 781917, 'Новый Ургал', '%d0%9d%d0%be%d0%b2%d1%8b%d0%b9-%d0%a3%d1%80%d0%b3%d0%b0%d0%b', 'ru', 1),
(409022, 781917, 'Князе-Волконское', '%d0%9a%d0%bd%d1%8f%d0%b7%d0%b5-%d0%92%d0%be%d0%bb%d0%ba%d0%b', 'ru', 1),
(409023, 781917, 'Хор', '%d0%a5%d0%be%d1%80', 'ru', 1),
(409024, 781917, 'Чегдомын', '%d0%a7%d0%b5%d0%b3%d0%b4%d0%be%d0%bc%d1%8b%d0%bd', 'ru', 1),
(409025, 781917, 'Вяземский', '%d0%92%d1%8f%d0%b7%d0%b5%d0%bc%d1%81%d0%ba%d0%b8%d0%b9', 'ru', 1),
(409026, 781917, 'Бикин', '%d0%91%d0%b8%d0%ba%d0%b8%d0%bd', 'ru', 1),
(409027, 781917, 'Николаевск-на-Амуре', '%d0%9d%d0%b8%d0%ba%d0%be%d0%bb%d0%b0%d0%b5%d0%b2%d1%81%d0%ba', 'ru', 1),
(409028, 781917, 'Советская Гавань', '%d0%a1%d0%be%d0%b2%d0%b5%d1%82%d1%81%d0%ba%d0%b0%d1%8f-%d0%9', 'ru', 1),
(409029, 781917, 'Амурск', '%d0%90%d0%bc%d1%83%d1%80%d1%81%d0%ba', 'ru', 1),
(409030, 781917, 'Комсомольск-на-Амуре', '%d0%9a%d0%be%d0%bc%d1%81%d0%be%d0%bc%d0%be%d0%bb%d1%8c%d1%81', 'ru', 1),
(409031, 781917, 'Хабаровск', '%d0%a5%d0%b0%d0%b1%d0%b0%d1%80%d0%be%d0%b2%d1%81%d0%ba', 'ru', 1),
(409032, 781918, 'Белый Яр', '%d0%91%d0%b5%d0%bb%d1%8b%d0%b9-%d0%af%d1%80', 'ru', 1),
(409033, 781918, 'Пойковский', '%d0%9f%d0%be%d0%b9%d0%ba%d0%be%d0%b2%d1%81%d0%ba%d0%b8%d0%b9', 'ru', 1),
(409034, 781918, 'Радужный', '%d0%a0%d0%b0%d0%b4%d1%83%d0%b6%d0%bd%d1%8b%d0%b9', 'ru', 1),
(409035, 781918, 'Советский', '%d0%a1%d0%be%d0%b2%d0%b5%d1%82%d1%81%d0%ba%d0%b8%d0%b9', 'ru', 1),
(409036, 781918, 'Урай', '%d0%a3%d1%80%d0%b0%d0%b9', 'ru', 1),
(409037, 781918, 'Фёдоровский', '%d0%a4%d1%91%d0%b4%d0%be%d1%80%d0%be%d0%b2%d1%81%d0%ba%d0%b8', 'ru', 1),
(409038, 781918, 'Новоаганск', '%d0%9d%d0%be%d0%b2%d0%be%d0%b0%d0%b3%d0%b0%d0%bd%d1%81%d0%ba', 'ru', 1),
(409039, 781918, 'Междуреченский', '%d0%9c%d0%b5%d0%b6%d0%b4%d1%83%d1%80%d0%b5%d1%87%d0%b5%d0%bd', 'ru', 1),
(409040, 781918, 'Белоярский', '%d0%91%d0%b5%d0%bb%d0%be%d1%8f%d1%80%d1%81%d0%ba%d0%b8%d0%b9', 'ru', 1),
(409041, 781918, 'Нижнесортымский', '%d0%9d%d0%b8%d0%b6%d0%bd%d0%b5%d1%81%d0%be%d1%80%d1%82%d1%8b', 'ru', 1),
(409042, 781918, 'Покачи', '%d0%9f%d0%be%d0%ba%d0%b0%d1%87%d0%b8', 'ru', 1),
(409043, 781918, 'Излучинск', '%d0%98%d0%b7%d0%bb%d1%83%d1%87%d0%b8%d0%bd%d1%81%d0%ba', 'ru', 1),
(409044, 781918, 'Югорск', '%d0%ae%d0%b3%d0%be%d1%80%d1%81%d0%ba', 'ru', 1),
(409045, 781918, 'Лянтор', '%d0%9b%d1%8f%d0%bd%d1%82%d0%be%d1%80', 'ru', 1),
(409046, 781918, 'Лангепас', '%d0%9b%d0%b0%d0%bd%d0%b3%d0%b5%d0%bf%d0%b0%d1%81', 'ru', 1),
(409047, 781918, 'Пыть-Ях', '%d0%9f%d1%8b%d1%82%d1%8c-%d0%af%d1%85', 'ru', 1),
(409048, 781918, 'Мегион', '%d0%9c%d0%b5%d0%b3%d0%b8%d0%be%d0%bd', 'ru', 1),
(409049, 781918, 'Нягань', '%d0%9d%d1%8f%d0%b3%d0%b0%d0%bd%d1%8c', 'ru', 1),
(409050, 781918, 'Когалым', '%d0%9a%d0%be%d0%b3%d0%b0%d0%bb%d1%8b%d0%bc', 'ru', 1),
(409051, 781918, 'Ханты-Мансийск', '%d0%a5%d0%b0%d0%bd%d1%82%d1%8b-%d0%9c%d0%b0%d0%bd%d1%81%d0%b', 'ru', 1),
(409052, 781918, 'Нефтеюганск', '%d0%9d%d0%b5%d1%84%d1%82%d0%b5%d1%8e%d0%b3%d0%b0%d0%bd%d1%81', 'ru', 1),
(409053, 781918, 'Нижневартовск', '%d0%9d%d0%b8%d0%b6%d0%bd%d0%b5%d0%b2%d0%b0%d1%80%d1%82%d0%be', 'ru', 1),
(409054, 781918, 'Сургут', '%d0%a1%d1%83%d1%80%d0%b3%d1%83%d1%82', 'ru', 1),
(409055, 781919, 'Аша', '%d0%90%d1%88%d0%b0', 'ru', 1),
(409056, 781919, 'Златоуст', '%d0%97%d0%bb%d0%b0%d1%82%d0%be%d1%83%d1%81%d1%82', 'ru', 1),
(409057, 781919, 'Коркино', '%d0%9a%d0%be%d1%80%d0%ba%d0%b8%d0%bd%d0%be', 'ru', 1),
(409058, 781919, 'Красногорский', '%d0%9a%d1%80%d0%b0%d1%81%d0%bd%d0%be%d0%b3%d0%be%d1%80%d1%81', 'ru', 1),
(409059, 781919, 'Миньяр', '%d0%9c%d0%b8%d0%bd%d1%8c%d1%8f%d1%80', 'ru', 1),
(409060, 781919, 'Озёрск', '%d0%9e%d0%b7%d1%91%d1%80%d1%81%d0%ba', 'ru', 1),
(409061, 781919, 'Первомайский', '%d0%9f%d0%b5%d1%80%d0%b2%d0%be%d0%bc%d0%b0%d0%b9%d1%81%d0%ba', 'ru', 1),
(409062, 781919, 'Роза', '%d0%a0%d0%be%d0%b7%d0%b0', 'ru', 1),
(409063, 781919, 'Троицк', '%d0%a2%d1%80%d0%be%d0%b8%d1%86%d0%ba', 'ru', 1),
(409064, 781919, 'Увельский', '%d0%a3%d0%b2%d0%b5%d0%bb%d1%8c%d1%81%d0%ba%d0%b8%d0%b9', 'ru', 1),
(409065, 781919, 'Еманжелинск', '%d0%95%d0%bc%d0%b0%d0%bd%d0%b6%d0%b5%d0%bb%d0%b8%d0%bd%d1%81', 'ru', 1),
(409066, 781919, 'Долгодеревенское', '%d0%94%d0%be%d0%bb%d0%b3%d0%be%d0%b4%d0%b5%d1%80%d0%b5%d0%b2', 'ru', 1),
(409067, 781919, 'Аргаяш', '%d0%90%d1%80%d0%b3%d0%b0%d1%8f%d1%88', 'ru', 1),
(409068, 781919, 'Верхнеуральск', '%d0%92%d0%b5%d1%80%d1%85%d0%bd%d0%b5%d1%83%d1%80%d0%b0%d0%bb', 'ru', 1),
(409069, 781919, 'Бреды', '%d0%91%d1%80%d0%b5%d0%b4%d1%8b', 'ru', 1),
(409070, 781919, 'Нязепетровск', '%d0%9d%d1%8f%d0%b7%d0%b5%d0%bf%d0%b5%d1%82%d1%80%d0%be%d0%b2', 'ru', 1),
(409071, 781919, 'Юрюзань', '%d0%ae%d1%80%d1%8e%d0%b7%d0%b0%d0%bd%d1%8c', 'ru', 1),
(409072, 781919, 'Карабаш', '%d0%9a%d0%b0%d1%80%d0%b0%d0%b1%d0%b0%d1%88', 'ru', 1),
(409073, 781919, 'Сим', '%d0%a1%d0%b8%d0%bc', 'ru', 1),
(409074, 781919, 'Пласт', '%d0%9f%d0%bb%d0%b0%d1%81%d1%82', 'ru', 1),
(409075, 781919, 'Касли', '%d0%9a%d0%b0%d1%81%d0%bb%d0%b8', 'ru', 1),
(409076, 781919, 'Катав-Ивановск', '%d0%9a%d0%b0%d1%82%d0%b0%d0%b2-%d0%98%d0%b2%d0%b0%d0%bd%d0%b', 'ru', 1),
(409077, 781919, 'Куса', '%d0%9a%d1%83%d1%81%d0%b0', 'ru', 1),
(409078, 781919, 'Бакал', '%d0%91%d0%b0%d0%ba%d0%b0%d0%bb', 'ru', 1),
(409079, 781919, 'Усть-Катав', '%d0%a3%d1%81%d1%82%d1%8c-%d0%9a%d0%b0%d1%82%d0%b0%d0%b2', 'ru', 1),
(409080, 781919, 'Карталы', '%d0%9a%d0%b0%d1%80%d1%82%d0%b0%d0%bb%d1%8b', 'ru', 1),
(409081, 781919, 'Верхний Уфалей', '%d0%92%d0%b5%d1%80%d1%85%d0%bd%d0%b8%d0%b9-%d0%a3%d1%84%d0%b', 'ru', 1),
(409082, 781919, 'Трёхгорный', '%d0%a2%d1%80%d1%91%d1%85%d0%b3%d0%be%d1%80%d0%bd%d1%8b%d0%b9', 'ru', 1),
(409083, 781919, 'Южноуральск', '%d0%ae%d0%b6%d0%bd%d0%be%d1%83%d1%80%d0%b0%d0%bb%d1%8c%d1%81', 'ru', 1),
(409084, 781919, 'Кыштым', '%d0%9a%d1%8b%d1%88%d1%82%d1%8b%d0%bc', 'ru', 1),
(409085, 781919, 'Чебаркуль', '%d0%a7%d0%b5%d0%b1%d0%b0%d1%80%d0%ba%d1%83%d0%bb%d1%8c', 'ru', 1),
(409086, 781919, 'Сатка', '%d0%a1%d0%b0%d1%82%d0%ba%d0%b0', 'ru', 1),
(409087, 781919, 'Снежинск', '%d0%a1%d0%bd%d0%b5%d0%b6%d0%b8%d0%bd%d1%81%d0%ba', 'ru', 1),
(409088, 781919, 'Копейск', '%d0%9a%d0%be%d0%bf%d0%b5%d0%b9%d1%81%d0%ba', 'ru', 1),
(409089, 781919, 'Миасс', '%d0%9c%d0%b8%d0%b0%d1%81%d1%81', 'ru', 1),
(409090, 781919, 'Магнитогорск', '%d0%9c%d0%b0%d0%b3%d0%bd%d0%b8%d1%82%d0%be%d0%b3%d0%be%d1%80', 'ru', 1),
(409091, 781919, 'Челябинск', '%d0%a7%d0%b5%d0%bb%d1%8f%d0%b1%d0%b8%d0%bd%d1%81%d0%ba', 'ru', 1),
(409092, 781920, 'Аллерой', '%d0%90%d0%bb%d0%bb%d0%b5%d1%80%d0%be%d0%b9', 'ru', 1);
INSERT INTO `oc_t_city` (`pk_i_id`, `fk_i_region_id`, `s_name`, `s_slug`, `fk_c_country_code`, `b_active`) VALUES
(409093, 781920, 'Аргун', '%d0%90%d1%80%d0%b3%d1%83%d0%bd', 'ru', 1),
(409094, 781920, 'Гелдаган', '%d0%93%d0%b5%d0%bb%d0%b4%d0%b0%d0%b3%d0%b0%d0%bd', 'ru', 1),
(409095, 781920, 'Грозный', '%d0%93%d1%80%d0%be%d0%b7%d0%bd%d1%8b%d0%b9', 'ru', 1),
(409096, 781920, 'Старые Атаги', '%d0%a1%d1%82%d0%b0%d1%80%d1%8b%d0%b5-%d0%90%d1%82%d0%b0%d0%b', 'ru', 1),
(409097, 781920, 'Шали', '%d0%a8%d0%b0%d0%bb%d0%b8', 'ru', 1),
(409098, 781920, 'Алхан-Кала', '%d0%90%d0%bb%d1%85%d0%b0%d0%bd-%d0%9a%d0%b0%d0%bb%d0%b0', 'ru', 1),
(409099, 781920, 'Ассиновская', '%d0%90%d1%81%d1%81%d0%b8%d0%bd%d0%be%d0%b2%d1%81%d0%ba%d0%b0', 'ru', 1),
(409100, 781920, 'Майртуп', '%d0%9c%d0%b0%d0%b9%d1%80%d1%82%d1%83%d0%bf', 'ru', 1),
(409101, 781920, 'Самашки', '%d0%a1%d0%b0%d0%bc%d0%b0%d1%88%d0%ba%d0%b8', 'ru', 1),
(409102, 781920, 'Мескер-Юрт', '%d0%9c%d0%b5%d1%81%d0%ba%d0%b5%d1%80-%d0%ae%d1%80%d1%82', 'ru', 1),
(409103, 781920, 'Ойсхара', '%d0%9e%d0%b9%d1%81%d1%85%d0%b0%d1%80%d0%b0', 'ru', 1),
(409104, 781920, 'Гойты', '%d0%93%d0%be%d0%b9%d1%82%d1%8b', 'ru', 1),
(409105, 781920, 'Бачи-Юрт', '%d0%91%d0%b0%d1%87%d0%b8-%d0%ae%d1%80%d1%82', 'ru', 1),
(409106, 781920, 'Цоцин-Юрт', '%d0%a6%d0%be%d1%86%d0%b8%d0%bd-%d0%ae%d1%80%d1%82', 'ru', 1),
(409107, 781920, 'Ачхой-Мартан', '%d0%90%d1%87%d1%85%d0%be%d0%b9-%d0%9c%d0%b0%d1%80%d1%82%d0%b', 'ru', 1),
(409108, 781920, 'Автуры', '%d0%90%d0%b2%d1%82%d1%83%d1%80%d1%8b', 'ru', 1),
(409109, 781920, 'Курчалой', '%d0%9a%d1%83%d1%80%d1%87%d0%b0%d0%bb%d0%be%d0%b9', 'ru', 1),
(409110, 781920, 'Гудермес', '%d0%93%d1%83%d0%b4%d0%b5%d1%80%d0%bc%d0%b5%d1%81', 'ru', 1),
(409111, 781920, 'Урус-Мартан', '%d0%a3%d1%80%d1%83%d1%81-%d0%9c%d0%b0%d1%80%d1%82%d0%b0%d0%b', 'ru', 1),
(409112, 781921, 'Атамановка', '%d0%90%d1%82%d0%b0%d0%bc%d0%b0%d0%bd%d0%be%d0%b2%d0%ba%d0%b0', 'ru', 1),
(409113, 781921, 'Борзя', '%d0%91%d0%be%d1%80%d0%b7%d1%8f', 'ru', 1),
(409114, 781921, 'Горный', '%d0%93%d0%be%d1%80%d0%bd%d1%8b%d0%b9', 'ru', 1),
(409115, 781921, 'Карымское', '%d0%9a%d0%b0%d1%80%d1%8b%d0%bc%d1%81%d0%ba%d0%be%d0%b5', 'ru', 1),
(409116, 781921, 'Кокуй', '%d0%9a%d0%be%d0%ba%d1%83%d0%b9', 'ru', 1),
(409117, 781921, 'Могойтуй', '%d0%9c%d0%be%d0%b3%d0%be%d0%b9%d1%82%d1%83%d0%b9', 'ru', 1),
(409118, 781921, 'Оловянная', '%d0%9e%d0%bb%d0%be%d0%b2%d1%8f%d0%bd%d0%bd%d0%b0%d1%8f', 'ru', 1),
(409119, 781921, 'Первомайский', '%d0%9f%d0%b5%d1%80%d0%b2%d0%be%d0%bc%d0%b0%d0%b9%d1%81%d0%ba', 'ru', 1),
(409120, 781921, 'Шерловая Гора', '%d0%a8%d0%b5%d1%80%d0%bb%d0%be%d0%b2%d0%b0%d1%8f-%d0%93%d0%b', 'ru', 1),
(409121, 781921, 'Ясная', '%d0%af%d1%81%d0%bd%d0%b0%d1%8f', 'ru', 1),
(409122, 781921, 'Ясногорск', '%d0%af%d1%81%d0%bd%d0%be%d0%b3%d0%be%d1%80%d1%81%d0%ba', 'ru', 1),
(409123, 781921, 'Бада', '%d0%91%d0%b0%d0%b4%d0%b0', 'ru', 1),
(409124, 781921, 'Улеты', '%d0%a3%d0%bb%d0%b5%d1%82%d1%8b', 'ru', 1),
(409125, 781921, 'Агинское', '%d0%90%d0%b3%d0%b8%d0%bd%d1%81%d0%ba%d0%be%d0%b5', 'ru', 1),
(409126, 781921, 'Дульдурга', '%d0%94%d1%83%d0%bb%d1%8c%d0%b4%d1%83%d1%80%d0%b3%d0%b0', 'ru', 1),
(409127, 781921, 'Вершино-Дарасунский', '%d0%92%d0%b5%d1%80%d1%88%d0%b8%d0%bd%d0%be-%d0%94%d0%b0%d1%8', 'ru', 1),
(409128, 781921, 'Домна', '%d0%94%d0%be%d0%bc%d0%bd%d0%b0', 'ru', 1),
(409129, 781921, 'Красный Чикой', '%d0%9a%d1%80%d0%b0%d1%81%d0%bd%d1%8b%d0%b9-%d0%a7%d0%b8%d0%b', 'ru', 1),
(409130, 781921, 'Сретенск', '%d0%a1%d1%80%d0%b5%d1%82%d0%b5%d0%bd%d1%81%d0%ba', 'ru', 1),
(409131, 781921, 'Дарасун', '%d0%94%d0%b0%d1%80%d0%b0%d1%81%d1%83%d0%bd', 'ru', 1),
(409132, 781921, 'Приаргунск', '%d0%9f%d1%80%d0%b8%d0%b0%d1%80%d0%b3%d1%83%d0%bd%d1%81%d0%ba', 'ru', 1),
(409133, 781921, 'Новокручининский', '%d0%9d%d0%be%d0%b2%d0%be%d0%ba%d1%80%d1%83%d1%87%d0%b8%d0%bd', 'ru', 1),
(409134, 781921, 'Забайкальск', '%d0%97%d0%b0%d0%b1%d0%b0%d0%b9%d0%ba%d0%b0%d0%bb%d1%8c%d1%81', 'ru', 1),
(409135, 781921, 'Хилок', '%d0%a5%d0%b8%d0%bb%d0%be%d0%ba', 'ru', 1),
(409136, 781921, 'Чернышевск', '%d0%a7%d0%b5%d1%80%d0%bd%d1%8b%d1%88%d0%b5%d0%b2%d1%81%d0%ba', 'ru', 1),
(409137, 781921, 'Могоча', '%d0%9c%d0%be%d0%b3%d0%be%d1%87%d0%b0', 'ru', 1),
(409138, 781921, 'Балей', '%d0%91%d0%b0%d0%bb%d0%b5%d0%b9', 'ru', 1),
(409139, 781921, 'Шилка', '%d0%a8%d0%b8%d0%bb%d0%ba%d0%b0', 'ru', 1),
(409140, 781921, 'Нерчинск', '%d0%9d%d0%b5%d1%80%d1%87%d0%b8%d0%bd%d1%81%d0%ba', 'ru', 1),
(409141, 781921, 'Петровск-Забайкальский', '%d0%9f%d0%b5%d1%82%d1%80%d0%be%d0%b2%d1%81%d0%ba-%d0%97%d0%b', 'ru', 1),
(409142, 781921, 'Краснокаменск', '%d0%9a%d1%80%d0%b0%d1%81%d0%bd%d0%be%d0%ba%d0%b0%d0%bc%d0%b5', 'ru', 1),
(409143, 781921, 'Чита', '%d0%a7%d0%b8%d1%82%d0%b0', 'ru', 1),
(409144, 781922, 'Алатырь', '%d0%90%d0%bb%d0%b0%d1%82%d1%8b%d1%80%d1%8c', 'ru', 1),
(409145, 781922, 'Батырево', '%d0%91%d0%b0%d1%82%d1%8b%d1%80%d0%b5%d0%b2%d0%be', 'ru', 1),
(409146, 781922, 'Канаш', '%d0%9a%d0%b0%d0%bd%d0%b0%d1%88', 'ru', 1),
(409147, 781922, 'Козловка', '%d0%9a%d0%be%d0%b7%d0%bb%d0%be%d0%b2%d0%ba%d0%b0', 'ru', 1),
(409148, 781922, 'Порецкое', '%d0%9f%d0%be%d1%80%d0%b5%d1%86%d0%ba%d0%be%d0%b5', 'ru', 1),
(409149, 781922, 'Чебоксары', '%d0%a7%d0%b5%d0%b1%d0%be%d0%ba%d1%81%d0%b0%d1%80%d1%8b', 'ru', 1),
(409150, 781922, 'Шыгырдан', '%d0%a8%d1%8b%d0%b3%d1%8b%d1%80%d0%b4%d0%b0%d0%bd', 'ru', 1),
(409151, 781922, 'Урмары', '%d0%a3%d1%80%d0%bc%d0%b0%d1%80%d1%8b', 'ru', 1),
(409152, 781922, 'Новые Лапсары', '%d0%9d%d0%be%d0%b2%d1%8b%d0%b5-%d0%9b%d0%b0%d0%bf%d1%81%d0%b', 'ru', 1),
(409153, 781922, 'Ибреси', '%d0%98%d0%b1%d1%80%d0%b5%d1%81%d0%b8', 'ru', 1),
(409154, 781922, 'Мариинский Посад', '%d0%9c%d0%b0%d1%80%d0%b8%d0%b8%d0%bd%d1%81%d0%ba%d0%b8%d0%b9', 'ru', 1),
(409155, 781922, 'Ядрин', '%d0%af%d0%b4%d1%80%d0%b8%d0%bd', 'ru', 1),
(409156, 781922, 'Вурнары', '%d0%92%d1%83%d1%80%d0%bd%d0%b0%d1%80%d1%8b', 'ru', 1),
(409157, 781922, 'Кугеси', '%d0%9a%d1%83%d0%b3%d0%b5%d1%81%d0%b8', 'ru', 1),
(409158, 781922, 'Цивильск', '%d0%a6%d0%b8%d0%b2%d0%b8%d0%bb%d1%8c%d1%81%d0%ba', 'ru', 1),
(409159, 781922, 'Шумерля', '%d0%a8%d1%83%d0%bc%d0%b5%d1%80%d0%bb%d1%8f', 'ru', 1),
(409160, 781922, 'Новочебоксарск', '%d0%9d%d0%be%d0%b2%d0%be%d1%87%d0%b5%d0%b1%d0%be%d0%ba%d1%81', 'ru', 1),
(409161, 781923, 'Угольные Копи', '%d0%a3%d0%b3%d0%be%d0%bb%d1%8c%d0%bd%d1%8b%d0%b5-%d0%9a%d0%b', 'ru', 1),
(409162, 781923, 'Лаврентия', '%d0%9b%d0%b0%d0%b2%d1%80%d0%b5%d0%bd%d1%82%d0%b8%d1%8f', 'ru', 1),
(409163, 781923, 'Беринговский', '%d0%91%d0%b5%d1%80%d0%b8%d0%bd%d0%b3%d0%be%d0%b2%d1%81%d0%ba', 'ru', 1),
(409164, 781923, 'Эгвекинот', '%d0%ad%d0%b3%d0%b2%d0%b5%d0%ba%d0%b8%d0%bd%d0%be%d1%82', 'ru', 1),
(409165, 781923, 'Провидения', '%d0%9f%d1%80%d0%be%d0%b2%d0%b8%d0%b4%d0%b5%d0%bd%d0%b8%d1%8f', 'ru', 1),
(409166, 781923, 'Певек', '%d0%9f%d0%b5%d0%b2%d0%b5%d0%ba', 'ru', 1),
(409167, 781923, 'Билибино', '%d0%91%d0%b8%d0%bb%d0%b8%d0%b1%d0%b8%d0%bd%d0%be', 'ru', 1),
(409168, 781923, 'Анадырь', '%d0%90%d0%bd%d0%b0%d0%b4%d1%8b%d1%80%d1%8c', 'ru', 1),
(409169, 781924, 'Тазовский', '%d0%a2%d0%b0%d0%b7%d0%be%d0%b2%d1%81%d0%ba%d0%b8%d0%b9', 'ru', 1),
(409170, 781924, 'Харп', '%d0%a5%d0%b0%d1%80%d0%bf', 'ru', 1),
(409171, 781924, 'Пурпе', '%d0%9f%d1%83%d1%80%d0%bf%d0%b5', 'ru', 1),
(409172, 781924, 'Уренгой', '%d0%a3%d1%80%d0%b5%d0%bd%d0%b3%d0%be%d0%b9', 'ru', 1),
(409173, 781924, 'Пангоды', '%d0%9f%d0%b0%d0%bd%d0%b3%d0%be%d0%b4%d1%8b', 'ru', 1),
(409174, 781924, 'Тарко-Сале', '%d0%a2%d0%b0%d1%80%d0%ba%d0%be-%d0%a1%d0%b0%d0%bb%d0%b5', 'ru', 1),
(409175, 781924, 'Губкинский', '%d0%93%d1%83%d0%b1%d0%ba%d0%b8%d0%bd%d1%81%d0%ba%d0%b8%d0%b9', 'ru', 1),
(409176, 781924, 'Лабытнанги', '%d0%9b%d0%b0%d0%b1%d1%8b%d1%82%d0%bd%d0%b0%d0%bd%d0%b3%d0%b8', 'ru', 1),
(409177, 781924, 'Салехард', '%d0%a1%d0%b0%d0%bb%d0%b5%d1%85%d0%b0%d1%80%d0%b4', 'ru', 1),
(409178, 781924, 'Муравленко', '%d0%9c%d1%83%d1%80%d0%b0%d0%b2%d0%bb%d0%b5%d0%bd%d0%ba%d0%be', 'ru', 1),
(409179, 781924, 'Надым', '%d0%9d%d0%b0%d0%b4%d1%8b%d0%bc', 'ru', 1),
(409180, 781924, 'Новый Уренгой', '%d0%9d%d0%be%d0%b2%d1%8b%d0%b9-%d0%a3%d1%80%d0%b5%d0%bd%d0%b', 'ru', 1),
(409181, 781924, 'Ноябрьск', '%d0%9d%d0%be%d1%8f%d0%b1%d1%80%d1%8c%d1%81%d0%ba', 'ru', 1),
(409182, 781925, 'Борисоглебский', '%d0%91%d0%be%d1%80%d0%b8%d1%81%d0%be%d0%b3%d0%bb%d0%b5%d0%b1', 'ru', 1),
(409183, 781925, 'Данилов', '%d0%94%d0%b0%d0%bd%d0%b8%d0%bb%d0%be%d0%b2', 'ru', 1),
(409184, 781925, 'Константиновский', '%d0%9a%d0%be%d0%bd%d1%81%d1%82%d0%b0%d0%bd%d1%82%d0%b8%d0%bd', 'ru', 1),
(409185, 781925, 'Мышкин', '%d0%9c%d1%8b%d1%88%d0%ba%d0%b8%d0%bd', 'ru', 1),
(409186, 781925, 'Петровское', '%d0%9f%d0%b5%d1%82%d1%80%d0%be%d0%b2%d1%81%d0%ba%d0%be%d0%b5', 'ru', 1),
(409187, 781925, 'Рыбинск', '%d0%a0%d1%8b%d0%b1%d0%b8%d0%bd%d1%81%d0%ba', 'ru', 1),
(409188, 781925, 'Любим', '%d0%9b%d1%8e%d0%b1%d0%b8%d0%bc', 'ru', 1),
(409189, 781925, 'Некрасовское', '%d0%9d%d0%b5%d0%ba%d1%80%d0%b0%d1%81%d0%be%d0%b2%d1%81%d0%ba', 'ru', 1),
(409190, 781925, 'Пошехонье', '%d0%9f%d0%be%d1%88%d0%b5%d1%85%d0%be%d0%bd%d1%8c%d0%b5', 'ru', 1),
(409191, 781925, 'Семибратово', '%d0%a1%d0%b5%d0%bc%d0%b8%d0%b1%d1%80%d0%b0%d1%82%d0%be%d0%b2', 'ru', 1),
(409192, 781925, 'Гаврилов-Ям', '%d0%93%d0%b0%d0%b2%d1%80%d0%b8%d0%bb%d0%be%d0%b2-%d0%af%d0%b', 'ru', 1),
(409193, 781925, 'Ростов', '%d0%a0%d0%be%d1%81%d1%82%d0%be%d0%b2', 'ru', 1),
(409194, 781925, 'Углич', '%d0%a3%d0%b3%d0%bb%d0%b8%d1%87', 'ru', 1),
(409195, 781925, 'Переславль-Залесский', '%d0%9f%d0%b5%d1%80%d0%b5%d1%81%d0%bb%d0%b0%d0%b2%d0%bb%d1%8c', 'ru', 1),
(409196, 781925, 'Тутаев', '%d0%a2%d1%83%d1%82%d0%b0%d0%b5%d0%b2', 'ru', 1),
(409197, 781925, 'Ярославль', '%d0%af%d1%80%d0%be%d1%81%d0%bb%d0%b0%d0%b2%d0%bb%d1%8c', 'ru', 1);

-- --------------------------------------------------------

--
-- Структура таблицы `oc_t_city_area`
--

CREATE TABLE `oc_t_city_area` (
  `pk_i_id` int(10) UNSIGNED NOT NULL,
  `fk_i_city_id` int(10) UNSIGNED NOT NULL,
  `s_name` varchar(255) NOT NULL
) ENGINE=InnoDB DEFAULT CHARSET=utf8;

-- --------------------------------------------------------

--
-- Структура таблицы `oc_t_city_stats`
--

CREATE TABLE `oc_t_city_stats` (
  `fk_i_city_id` int(10) UNSIGNED NOT NULL,
  `i_num_items` int(10) UNSIGNED NOT NULL DEFAULT '0'
) ENGINE=InnoDB DEFAULT CHARSET=utf8;

--
-- Дамп данных таблицы `oc_t_city_stats`
--

INSERT INTO `oc_t_city_stats` (`fk_i_city_id`, `i_num_items`) VALUES
(407400, 0),
(407401, 0),
(407402, 0),
(407403, 0),
(407404, 0),
(407405, 0),
(407406, 0),
(407407, 0),
(407408, 0),
(407409, 0),
(407410, 0),
(407411, 0),
(407412, 0),
(407413, 0),
(407414, 0),
(407415, 0),
(407416, 0),
(407417, 0),
(407418, 0),
(407419, 0),
(407420, 0),
(407421, 0),
(407422, 0),
(407423, 0),
(407424, 0),
(407425, 0),
(407426, 0),
(407427, 0),
(407428, 0),
(407429, 0),
(407430, 0),
(407431, 0),
(407432, 0),
(407433, 0),
(407434, 0),
(407435, 0),
(407436, 0),
(407437, 0),
(407438, 0),
(407439, 0),
(407440, 0),
(407441, 0),
(407442, 0),
(407443, 0),
(407444, 0),
(407445, 0),
(407446, 0),
(407447, 0),
(407448, 0),
(407449, 0),
(407450, 0),
(407451, 0),
(407452, 0),
(407453, 0),
(407454, 0),
(407455, 0),
(407456, 0),
(407457, 0),
(407458, 0),
(407459, 0),
(407460, 0),
(407461, 0),
(407462, 0),
(407463, 0),
(407464, 0),
(407465, 0),
(407466, 0),
(407467, 0),
(407468, 0),
(407469, 0),
(407470, 0),
(407471, 0),
(407472, 0),
(407473, 0),
(407474, 0),
(407475, 0),
(407476, 0),
(407477, 0),
(407478, 0),
(407479, 0),
(407480, 0),
(407481, 0),
(407482, 0),
(407483, 0),
(407484, 0),
(407485, 0),
(407486, 0),
(407487, 0),
(407488, 0),
(407489, 0),
(407490, 0),
(407491, 0),
(407492, 0),
(407493, 0),
(407494, 0),
(407495, 0),
(407496, 0),
(407497, 0),
(407498, 0),
(407499, 0),
(407500, 0),
(407501, 0),
(407502, 0),
(407503, 0),
(407504, 0),
(407505, 0),
(407506, 0),
(407507, 0),
(407508, 0),
(407509, 0),
(407510, 0),
(407511, 0),
(407512, 0),
(407513, 0),
(407514, 0),
(407515, 0),
(407516, 0),
(407517, 0),
(407518, 0),
(407519, 0),
(407520, 0),
(407521, 0),
(407522, 0),
(407523, 0),
(407524, 0),
(407525, 0),
(407526, 0),
(407527, 0),
(407528, 0),
(407529, 0),
(407530, 0),
(407531, 0),
(407532, 0),
(407533, 0),
(407534, 0),
(407535, 0),
(407536, 0),
(407537, 0),
(407538, 0),
(407539, 0),
(407540, 0),
(407541, 0),
(407542, 0),
(407543, 0),
(407544, 0),
(407545, 0),
(407546, 0),
(407547, 0),
(407548, 0),
(407549, 0),
(407550, 0),
(407551, 0),
(407552, 0),
(407553, 0),
(407554, 0),
(407555, 0),
(407556, 0),
(407557, 0),
(407558, 0),
(407559, 0),
(407560, 0),
(407561, 0),
(407562, 0),
(407563, 0),
(407564, 0),
(407565, 0),
(407566, 0),
(407567, 0),
(407568, 0),
(407569, 0),
(407570, 0),
(407571, 0),
(407572, 0),
(407573, 0),
(407574, 0),
(407575, 0),
(407576, 0),
(407577, 0),
(407578, 0),
(407579, 0),
(407580, 0),
(407581, 0),
(407582, 0),
(407583, 0),
(407584, 0),
(407585, 0),
(407586, 0),
(407587, 0),
(407588, 0),
(407589, 0),
(407590, 0),
(407591, 0),
(407592, 0),
(407593, 0),
(407594, 0),
(407595, 0),
(407596, 0),
(407597, 0),
(407598, 0),
(407599, 0),
(407600, 0),
(407601, 0),
(407602, 0),
(407603, 0),
(407604, 0),
(407605, 0),
(407606, 0),
(407607, 0),
(407608, 0),
(407609, 0),
(407610, 0),
(407611, 0),
(407612, 0),
(407613, 0),
(407614, 0),
(407615, 0),
(407616, 0),
(407617, 0),
(407618, 0),
(407619, 0),
(407620, 0),
(407621, 0),
(407622, 0),
(407623, 0),
(407624, 0),
(407625, 0),
(407626, 0),
(407627, 0),
(407628, 0),
(407629, 0),
(407630, 0),
(407631, 0),
(407632, 0),
(407633, 0),
(407634, 0),
(407635, 0),
(407636, 0),
(407637, 0),
(407638, 0),
(407639, 0),
(407640, 0),
(407641, 0),
(407642, 0),
(407643, 0),
(407644, 0),
(407645, 0),
(407646, 0),
(407647, 0),
(407648, 0),
(407649, 0),
(407650, 0),
(407651, 0),
(407652, 0),
(407653, 0),
(407654, 0),
(407655, 0),
(407656, 0),
(407657, 0),
(407658, 0),
(407659, 0),
(407660, 0),
(407661, 0),
(407662, 0),
(407663, 0),
(407664, 0),
(407665, 0),
(407666, 0),
(407667, 0),
(407668, 0),
(407669, 0),
(407670, 0),
(407671, 0),
(407672, 0),
(407673, 0),
(407674, 0),
(407675, 0),
(407676, 0),
(407677, 0),
(407678, 0),
(407679, 0),
(407680, 0),
(407681, 0),
(407682, 0),
(407683, 0),
(407684, 0),
(407685, 0),
(407686, 0),
(407687, 0),
(407688, 0),
(407689, 0),
(407690, 0),
(407691, 0),
(407692, 0),
(407693, 0),
(407694, 0),
(407695, 0),
(407696, 0),
(407697, 0),
(407698, 0),
(407699, 0),
(407700, 0),
(407701, 0),
(407702, 0),
(407703, 0),
(407704, 0),
(407705, 0),
(407706, 0),
(407707, 0),
(407708, 0),
(407709, 0),
(407710, 0),
(407711, 0),
(407712, 0),
(407713, 0),
(407714, 0),
(407715, 0),
(407716, 0),
(407717, 0),
(407718, 0),
(407719, 0),
(407720, 0),
(407721, 0),
(407722, 0),
(407723, 0),
(407724, 0),
(407725, 0),
(407726, 0),
(407727, 0),
(407728, 0),
(407729, 0),
(407730, 0),
(407731, 0),
(407732, 0),
(407733, 0),
(407734, 0),
(407735, 0),
(407736, 0),
(407737, 0),
(407738, 0),
(407739, 0),
(407740, 0),
(407741, 0),
(407742, 0),
(407743, 0),
(407744, 0),
(407745, 0),
(407746, 0),
(407747, 0),
(407748, 0),
(407749, 0),
(407750, 0),
(407751, 0),
(407752, 0),
(407753, 0),
(407754, 0),
(407755, 0),
(407756, 0),
(407757, 0),
(407758, 0),
(407759, 0),
(407760, 0),
(407761, 0),
(407762, 0),
(407763, 0),
(407764, 0),
(407765, 0),
(407766, 0),
(407767, 0),
(407768, 0),
(407769, 0),
(407770, 0),
(407771, 0),
(407772, 0),
(407773, 0),
(407774, 0),
(407775, 0),
(407776, 0),
(407777, 0),
(407778, 0),
(407779, 0),
(407780, 0),
(407781, 0),
(407782, 0),
(407783, 0),
(407784, 0),
(407785, 0),
(407786, 0),
(407787, 0),
(407788, 0),
(407789, 0),
(407790, 0),
(407791, 0),
(407792, 0),
(407793, 0),
(407794, 0),
(407795, 0),
(407796, 0),
(407797, 0),
(407798, 0),
(407799, 0),
(407800, 0),
(407801, 0),
(407802, 0),
(407803, 0),
(407804, 0),
(407805, 0),
(407806, 0),
(407807, 0),
(407808, 0),
(407809, 0),
(407810, 0),
(407811, 0),
(407812, 0),
(407813, 0),
(407814, 0),
(407815, 0),
(407816, 0),
(407817, 0),
(407818, 0),
(407819, 0),
(407820, 0),
(407821, 0),
(407822, 0),
(407823, 0),
(407824, 0),
(407825, 0),
(407826, 0),
(407827, 0),
(407828, 0),
(407829, 0),
(407830, 0),
(407831, 0),
(407832, 0),
(407833, 0),
(407834, 0),
(407835, 0),
(407836, 0),
(407837, 0),
(407838, 0),
(407839, 0),
(407840, 0),
(407841, 0),
(407842, 0),
(407843, 0),
(407844, 0),
(407845, 0),
(407846, 0),
(407847, 0),
(407848, 0),
(407849, 0),
(407850, 0),
(407851, 0),
(407852, 0),
(407853, 0),
(407854, 0),
(407855, 0),
(407856, 0),
(407857, 0),
(407858, 0),
(407859, 0),
(407860, 0),
(407861, 0),
(407862, 0),
(407863, 0),
(407864, 0),
(407865, 0),
(407866, 0),
(407867, 0),
(407868, 0),
(407869, 0),
(407870, 0),
(407871, 0),
(407872, 0),
(407873, 0),
(407874, 0),
(407875, 0),
(407876, 0),
(407877, 0),
(407878, 0),
(407879, 0),
(407880, 0),
(407881, 0),
(407882, 0),
(407883, 0),
(407884, 0),
(407885, 0),
(407886, 0),
(407887, 0),
(407888, 0),
(407889, 0),
(407890, 0),
(407891, 0),
(407892, 0),
(407893, 0),
(407894, 0),
(407895, 0),
(407896, 0),
(407897, 0),
(407898, 0),
(407899, 0),
(407900, 0),
(407901, 0),
(407902, 0),
(407903, 0),
(407904, 0),
(407905, 0),
(407906, 0),
(407907, 0),
(407908, 0),
(407909, 0),
(407910, 0),
(407911, 0),
(407912, 0),
(407913, 0),
(407914, 0),
(407915, 0),
(407916, 0),
(407917, 0),
(407918, 0),
(407919, 0),
(407920, 0),
(407921, 0),
(407922, 0),
(407923, 0),
(407924, 0),
(407925, 0),
(407926, 0),
(407927, 0),
(407928, 0),
(407929, 0),
(407930, 0),
(407931, 0),
(407932, 0),
(407933, 0),
(407934, 0),
(407935, 0),
(407936, 0),
(407937, 0),
(407938, 0),
(407939, 0),
(407940, 0),
(407941, 0),
(407942, 0),
(407943, 0),
(407944, 0),
(407945, 0),
(407946, 0),
(407947, 0),
(407948, 0),
(407949, 0),
(407950, 0),
(407951, 0),
(407952, 0),
(407953, 0),
(407954, 0),
(407955, 0),
(407956, 0),
(407957, 0),
(407958, 0),
(407959, 0),
(407960, 0),
(407961, 0),
(407962, 0),
(407963, 0),
(407964, 0),
(407965, 0),
(407966, 0),
(407967, 0),
(407968, 0),
(407969, 0),
(407970, 0),
(407971, 0),
(407972, 0),
(407973, 0),
(407974, 0),
(407975, 0),
(407976, 0),
(407977, 0),
(407978, 0),
(407979, 0),
(407980, 0),
(407981, 0),
(407982, 0),
(407983, 0),
(407984, 0),
(407985, 0),
(407986, 0),
(407987, 0),
(407988, 0),
(407989, 0),
(407990, 0),
(407991, 0),
(407992, 0),
(407993, 0),
(407994, 0),
(407995, 0),
(407996, 0),
(407997, 0),
(407998, 0),
(407999, 0),
(408000, 0),
(408001, 0),
(408002, 0),
(408003, 0),
(408004, 0),
(408005, 0),
(408006, 0),
(408007, 0),
(408008, 0),
(408009, 0),
(408010, 0),
(408011, 0),
(408012, 0),
(408013, 0),
(408014, 0),
(408015, 0),
(408016, 0),
(408017, 0),
(408018, 0),
(408019, 0),
(408020, 0),
(408021, 0),
(408022, 0),
(408023, 0),
(408024, 0),
(408025, 0),
(408026, 0),
(408027, 0),
(408028, 0),
(408029, 0),
(408030, 0),
(408031, 0),
(408032, 0),
(408033, 0),
(408034, 0),
(408035, 0),
(408036, 0),
(408037, 0),
(408038, 0),
(408039, 0),
(408040, 0),
(408041, 0),
(408042, 0),
(408043, 0),
(408044, 0),
(408045, 0),
(408046, 0),
(408047, 0),
(408048, 0),
(408049, 0),
(408050, 0),
(408051, 0),
(408052, 0),
(408053, 0),
(408054, 0),
(408055, 0),
(408056, 0),
(408057, 0),
(408058, 0),
(408059, 0),
(408060, 0),
(408061, 0),
(408062, 0),
(408063, 0),
(408064, 0),
(408065, 0),
(408066, 0),
(408067, 0),
(408068, 0),
(408069, 0),
(408070, 0),
(408071, 0),
(408072, 0),
(408073, 0),
(408074, 0),
(408075, 0),
(408076, 0),
(408077, 0),
(408078, 0),
(408079, 0),
(408080, 0),
(408081, 0),
(408082, 0),
(408083, 0),
(408084, 0),
(408085, 0),
(408086, 0),
(408087, 0),
(408088, 0),
(408089, 0),
(408090, 0),
(408091, 0),
(408092, 0),
(408093, 0),
(408094, 0),
(408095, 0),
(408096, 0),
(408097, 0),
(408098, 0),
(408099, 0),
(408100, 0),
(408101, 0),
(408102, 0),
(408103, 0),
(408104, 0),
(408105, 0),
(408106, 0),
(408107, 0),
(408108, 0),
(408109, 0),
(408110, 0),
(408111, 0),
(408112, 0),
(408113, 0),
(408114, 0),
(408115, 0),
(408116, 0),
(408117, 0),
(408118, 0),
(408119, 0),
(408120, 0),
(408121, 0),
(408122, 0),
(408123, 0),
(408124, 0),
(408125, 0),
(408126, 0),
(408127, 0),
(408128, 0),
(408129, 0),
(408130, 0),
(408131, 0),
(408132, 0),
(408133, 0),
(408134, 0),
(408135, 0),
(408136, 0),
(408137, 0),
(408138, 0),
(408139, 0),
(408140, 0),
(408141, 0),
(408142, 0),
(408143, 0),
(408144, 0),
(408145, 0),
(408146, 0),
(408147, 0),
(408148, 0),
(408149, 0),
(408150, 0),
(408151, 0),
(408152, 0),
(408153, 0),
(408154, 0),
(408155, 0),
(408156, 0),
(408157, 0),
(408158, 0),
(408159, 0),
(408160, 0),
(408161, 0),
(408162, 0),
(408163, 0),
(408164, 0),
(408165, 0),
(408166, 0),
(408167, 0),
(408168, 0),
(408169, 0),
(408170, 0),
(408171, 0),
(408172, 0),
(408173, 0),
(408174, 0),
(408175, 0),
(408176, 0),
(408177, 0),
(408178, 0),
(408179, 0),
(408180, 0),
(408181, 0),
(408182, 0),
(408183, 0),
(408184, 0),
(408185, 0),
(408186, 0),
(408187, 0),
(408188, 0),
(408189, 0),
(408190, 0),
(408191, 0),
(408192, 0),
(408193, 0),
(408194, 0),
(408195, 0),
(408196, 0),
(408197, 0),
(408198, 0),
(408199, 0),
(408200, 0),
(408201, 0),
(408202, 0),
(408203, 0),
(408204, 0),
(408205, 0),
(408206, 0),
(408207, 0),
(408208, 0),
(408209, 0),
(408210, 0),
(408211, 0),
(408212, 0),
(408213, 0),
(408214, 0),
(408215, 0),
(408216, 0),
(408217, 0),
(408218, 0),
(408219, 0),
(408220, 0),
(408221, 0),
(408222, 0),
(408223, 0),
(408224, 0),
(408225, 0),
(408226, 0),
(408227, 0),
(408228, 0),
(408229, 0),
(408230, 0),
(408231, 0),
(408232, 0),
(408233, 0),
(408234, 0),
(408235, 0),
(408236, 0),
(408237, 0),
(408238, 0),
(408239, 0),
(408240, 0),
(408241, 0),
(408242, 0),
(408243, 0),
(408244, 0),
(408245, 0),
(408246, 0),
(408247, 0),
(408248, 0),
(408249, 0),
(408250, 0),
(408251, 0),
(408252, 0),
(408253, 0),
(408254, 0),
(408255, 0),
(408256, 0),
(408257, 0),
(408258, 0),
(408259, 0),
(408260, 0),
(408261, 0),
(408262, 0),
(408263, 0),
(408264, 0),
(408265, 0),
(408266, 0),
(408267, 0),
(408268, 0),
(408269, 0),
(408270, 0),
(408271, 0),
(408272, 0),
(408273, 0),
(408274, 0),
(408275, 0),
(408276, 0),
(408277, 0),
(408278, 0),
(408279, 0),
(408280, 0),
(408281, 0),
(408282, 0),
(408283, 0),
(408284, 0),
(408285, 0),
(408286, 0),
(408287, 0),
(408288, 0),
(408289, 0),
(408290, 0),
(408291, 0),
(408292, 0),
(408293, 0),
(408294, 0),
(408295, 0),
(408296, 0),
(408297, 0),
(408298, 0),
(408299, 0),
(408300, 0),
(408301, 0),
(408302, 0),
(408303, 0),
(408304, 0),
(408305, 0),
(408306, 0),
(408307, 0),
(408308, 0),
(408309, 0),
(408310, 0),
(408311, 0),
(408312, 0),
(408313, 0),
(408314, 0),
(408315, 0),
(408316, 0),
(408317, 0),
(408318, 0),
(408319, 0),
(408320, 0),
(408321, 0),
(408322, 0),
(408323, 0),
(408324, 0),
(408325, 0),
(408326, 0),
(408327, 0),
(408328, 0),
(408329, 0),
(408330, 0),
(408331, 0),
(408332, 0),
(408333, 0),
(408334, 0),
(408335, 0),
(408336, 0),
(408337, 0),
(408338, 0),
(408339, 0),
(408340, 0),
(408341, 0),
(408342, 0),
(408343, 0),
(408344, 0),
(408345, 0),
(408346, 0),
(408347, 0),
(408348, 0),
(408349, 0),
(408350, 0),
(408351, 0),
(408352, 0),
(408353, 0),
(408354, 0),
(408355, 0),
(408356, 0),
(408357, 0),
(408358, 0),
(408359, 0),
(408360, 0),
(408361, 0),
(408362, 0),
(408363, 0),
(408364, 0),
(408365, 0),
(408366, 0),
(408367, 0),
(408368, 0),
(408369, 0),
(408370, 0),
(408371, 0),
(408372, 0),
(408373, 0),
(408374, 0),
(408375, 0),
(408376, 0),
(408377, 0),
(408378, 0),
(408379, 0),
(408380, 0),
(408381, 0),
(408382, 0),
(408383, 0),
(408384, 0),
(408385, 0),
(408386, 0),
(408387, 0),
(408388, 0),
(408389, 0),
(408390, 0),
(408391, 0),
(408392, 0),
(408393, 0),
(408394, 0),
(408395, 0),
(408396, 0),
(408397, 0),
(408398, 0),
(408399, 0),
(408400, 0),
(408401, 0),
(408402, 0),
(408403, 0),
(408404, 0),
(408405, 0),
(408406, 0),
(408407, 0),
(408408, 0),
(408409, 0),
(408410, 0),
(408411, 0),
(408412, 0),
(408413, 0),
(408414, 0),
(408415, 0),
(408416, 0),
(408417, 0),
(408418, 0),
(408419, 0),
(408420, 0),
(408421, 0),
(408422, 0),
(408423, 0),
(408424, 0),
(408425, 0),
(408426, 0),
(408427, 0),
(408428, 0),
(408429, 0),
(408430, 0),
(408431, 0),
(408432, 0),
(408433, 0),
(408434, 0),
(408435, 0),
(408436, 0),
(408437, 0),
(408438, 0),
(408439, 0),
(408440, 0),
(408441, 0),
(408442, 0),
(408443, 0),
(408444, 0),
(408445, 0),
(408446, 0),
(408447, 0),
(408448, 0),
(408449, 0),
(408450, 0),
(408451, 0),
(408452, 0),
(408453, 0),
(408454, 0),
(408455, 0),
(408456, 0),
(408457, 0),
(408458, 0),
(408459, 0),
(408460, 0),
(408461, 0),
(408462, 0),
(408463, 0),
(408464, 0),
(408465, 0),
(408466, 0),
(408467, 0),
(408468, 0),
(408469, 0),
(408470, 0),
(408471, 0),
(408472, 0),
(408473, 0),
(408474, 0),
(408475, 0),
(408476, 0),
(408477, 0),
(408478, 0),
(408479, 0),
(408480, 0),
(408481, 0),
(408482, 0),
(408483, 0),
(408484, 0),
(408485, 0),
(408486, 0),
(408487, 0),
(408488, 0),
(408489, 0),
(408490, 0),
(408491, 0),
(408492, 0),
(408493, 0),
(408494, 0),
(408495, 0),
(408496, 0),
(408497, 0),
(408498, 0),
(408499, 0),
(408500, 0),
(408501, 0),
(408502, 0),
(408503, 0),
(408504, 0),
(408505, 0),
(408506, 0),
(408507, 0),
(408508, 0),
(408509, 0),
(408510, 0),
(408511, 0),
(408512, 0),
(408513, 0),
(408514, 0),
(408515, 0),
(408516, 0),
(408517, 0),
(408518, 0),
(408519, 0),
(408520, 0),
(408521, 0),
(408522, 0),
(408523, 0),
(408524, 0),
(408525, 0),
(408526, 0),
(408527, 0),
(408528, 0),
(408529, 0),
(408530, 0),
(408531, 0),
(408532, 0),
(408533, 0),
(408534, 0),
(408535, 0),
(408536, 0),
(408537, 0),
(408538, 0),
(408539, 0),
(408540, 0),
(408541, 0),
(408542, 0),
(408543, 0),
(408544, 0),
(408545, 0),
(408546, 0),
(408547, 0),
(408548, 0),
(408549, 0),
(408550, 0),
(408551, 0),
(408552, 0),
(408553, 0),
(408554, 0),
(408555, 0),
(408556, 0),
(408557, 0),
(408558, 0),
(408559, 0),
(408560, 0),
(408561, 0),
(408562, 0),
(408563, 0),
(408564, 0),
(408565, 0),
(408566, 0),
(408567, 0),
(408568, 0),
(408569, 0),
(408570, 0),
(408571, 0),
(408572, 0),
(408573, 0),
(408574, 0),
(408575, 0),
(408576, 0),
(408577, 0),
(408578, 0),
(408579, 0),
(408580, 0),
(408581, 0),
(408582, 0),
(408583, 0),
(408584, 0),
(408585, 0),
(408586, 0),
(408587, 0),
(408588, 0),
(408589, 0),
(408590, 0),
(408591, 0),
(408592, 0),
(408593, 0),
(408594, 0),
(408595, 0),
(408596, 0),
(408597, 0),
(408598, 0),
(408599, 0),
(408600, 0),
(408601, 0),
(408602, 0),
(408603, 0),
(408604, 0),
(408605, 0),
(408606, 0),
(408607, 0),
(408608, 0),
(408609, 0),
(408610, 0),
(408611, 0),
(408612, 0),
(408613, 0),
(408614, 0),
(408615, 0),
(408616, 0),
(408617, 0),
(408618, 0),
(408619, 0),
(408620, 0),
(408621, 0),
(408622, 0),
(408623, 0),
(408624, 0),
(408625, 0),
(408626, 0),
(408627, 0),
(408628, 0),
(408629, 0),
(408630, 0),
(408631, 0),
(408632, 0),
(408633, 0),
(408634, 0),
(408635, 0),
(408636, 0),
(408637, 0),
(408638, 0),
(408639, 0),
(408640, 0),
(408641, 0),
(408642, 0),
(408643, 0),
(408644, 0),
(408645, 0),
(408646, 0),
(408647, 0),
(408648, 0),
(408649, 0),
(408650, 0),
(408651, 0),
(408652, 0),
(408653, 0),
(408654, 0),
(408655, 0),
(408656, 0),
(408658, 0),
(408659, 0),
(408660, 0),
(408661, 0),
(408662, 0),
(408663, 0),
(408664, 0),
(408665, 0),
(408666, 0),
(408667, 0),
(408668, 0),
(408669, 0),
(408670, 0),
(408671, 0),
(408672, 0),
(408673, 0),
(408674, 0),
(408675, 0),
(408676, 0),
(408677, 0),
(408678, 0),
(408679, 0),
(408680, 0),
(408681, 0),
(408682, 0),
(408683, 0),
(408684, 0),
(408685, 0),
(408686, 0),
(408687, 0),
(408688, 0),
(408689, 0),
(408690, 0),
(408691, 0),
(408692, 0),
(408693, 0),
(408694, 0),
(408695, 0),
(408696, 0),
(408697, 0),
(408698, 0),
(408699, 0),
(408700, 0),
(408701, 0),
(408702, 0),
(408703, 0),
(408704, 0),
(408705, 0),
(408706, 0),
(408707, 0),
(408708, 0),
(408709, 0),
(408710, 0),
(408711, 0),
(408712, 0),
(408713, 0),
(408714, 0),
(408715, 0),
(408716, 0),
(408717, 0),
(408718, 0),
(408719, 0),
(408720, 0),
(408721, 0),
(408722, 0),
(408723, 0),
(408724, 0),
(408725, 0),
(408726, 0),
(408727, 0),
(408728, 0),
(408729, 0),
(408730, 0),
(408731, 0),
(408732, 0),
(408733, 0),
(408734, 0),
(408735, 0),
(408736, 0),
(408737, 0),
(408738, 0),
(408739, 0),
(408740, 0),
(408741, 0),
(408742, 0),
(408743, 0),
(408744, 0),
(408745, 0),
(408746, 0),
(408747, 0),
(408748, 0),
(408749, 0),
(408750, 0),
(408751, 0),
(408752, 0),
(408753, 0),
(408754, 0),
(408755, 0),
(408756, 0),
(408757, 0),
(408758, 0),
(408759, 0),
(408760, 0),
(408761, 0),
(408762, 0),
(408763, 0),
(408764, 0),
(408765, 0),
(408766, 0),
(408767, 0),
(408768, 0),
(408769, 0),
(408770, 0),
(408771, 0),
(408772, 0),
(408773, 0),
(408774, 0),
(408775, 0),
(408776, 0),
(408777, 0),
(408778, 0),
(408779, 0),
(408780, 0),
(408781, 0),
(408782, 0),
(408783, 0),
(408784, 0),
(408785, 0),
(408786, 0),
(408787, 0),
(408788, 0),
(408789, 0),
(408790, 0),
(408791, 0),
(408792, 0),
(408793, 0),
(408794, 0),
(408795, 0),
(408796, 0),
(408797, 0),
(408798, 0),
(408799, 0),
(408800, 0),
(408801, 0),
(408802, 0),
(408803, 0),
(408804, 0),
(408805, 0),
(408806, 0),
(408807, 0),
(408808, 0),
(408809, 0),
(408810, 0),
(408811, 0),
(408812, 0),
(408813, 0),
(408814, 0),
(408815, 0),
(408816, 0),
(408817, 0),
(408818, 0),
(408819, 0),
(408820, 0),
(408821, 0),
(408822, 0),
(408823, 0),
(408824, 0),
(408825, 0),
(408826, 0),
(408827, 0),
(408828, 0),
(408829, 0),
(408830, 0),
(408831, 0),
(408832, 0),
(408833, 0),
(408834, 0),
(408835, 0),
(408836, 0),
(408837, 0),
(408838, 0),
(408839, 0),
(408840, 0),
(408841, 0),
(408842, 0),
(408843, 0),
(408844, 0),
(408845, 0),
(408846, 0),
(408847, 0),
(408848, 0),
(408849, 0),
(408850, 0),
(408851, 0),
(408852, 0),
(408853, 0),
(408854, 0),
(408855, 0),
(408856, 0),
(408857, 0),
(408858, 0),
(408859, 0),
(408860, 0),
(408861, 0),
(408862, 0),
(408863, 0),
(408864, 0),
(408865, 0),
(408866, 0),
(408867, 0),
(408868, 0),
(408869, 0),
(408870, 0),
(408871, 0),
(408872, 0),
(408873, 0),
(408874, 0),
(408875, 0),
(408876, 0),
(408877, 0),
(408878, 0),
(408879, 0),
(408880, 0),
(408881, 0),
(408882, 0),
(408883, 0),
(408884, 0),
(408885, 0),
(408886, 0),
(408887, 0),
(408888, 0),
(408889, 0),
(408890, 0),
(408891, 0),
(408892, 0),
(408893, 0),
(408894, 0),
(408895, 0),
(408896, 0),
(408897, 0),
(408898, 0),
(408899, 0),
(408900, 0),
(408901, 0),
(408902, 0),
(408903, 0),
(408904, 0),
(408905, 0),
(408906, 0),
(408907, 0),
(408908, 0),
(408909, 0),
(408910, 0),
(408911, 0),
(408912, 0),
(408913, 0),
(408914, 0),
(408915, 0),
(408916, 0),
(408917, 0),
(408918, 0),
(408919, 0),
(408920, 0),
(408921, 0),
(408922, 0),
(408923, 0),
(408924, 0),
(408925, 0),
(408926, 0),
(408927, 0),
(408928, 0),
(408929, 0),
(408930, 0),
(408931, 0),
(408932, 0),
(408933, 0),
(408934, 0),
(408935, 0),
(408936, 0),
(408937, 0),
(408938, 0),
(408939, 0),
(408940, 0),
(408941, 0),
(408942, 0),
(408943, 0),
(408944, 0),
(408945, 0),
(408946, 0),
(408947, 0),
(408948, 0),
(408949, 0),
(408950, 0),
(408951, 0),
(408952, 0),
(408953, 0),
(408954, 0),
(408955, 0),
(408956, 0),
(408957, 0),
(408958, 0),
(408959, 0),
(408960, 0),
(408961, 0),
(408962, 0),
(408963, 0),
(408964, 0),
(408965, 0),
(408966, 0),
(408967, 0),
(408968, 0),
(408969, 0),
(408970, 0),
(408971, 0),
(408972, 0),
(408973, 0),
(408974, 0),
(408975, 0),
(408976, 0),
(408977, 0),
(408978, 0),
(408979, 0),
(408980, 0),
(408981, 0),
(408982, 0),
(408983, 0),
(408984, 0),
(408985, 0),
(408986, 0),
(408987, 0),
(408988, 0),
(408989, 0),
(408990, 0),
(408991, 0),
(408992, 0),
(408993, 0),
(408994, 0),
(408995, 0),
(408996, 0),
(408997, 0),
(408998, 0),
(408999, 0),
(409000, 0),
(409001, 0),
(409002, 0),
(409003, 0),
(409004, 0),
(409005, 0),
(409006, 0),
(409007, 0),
(409008, 0),
(409009, 0),
(409010, 0),
(409011, 0),
(409012, 0),
(409013, 0),
(409014, 0),
(409015, 0),
(409016, 0),
(409017, 0),
(409018, 0),
(409019, 0),
(409020, 0),
(409021, 0),
(409022, 0),
(409023, 0),
(409024, 0),
(409025, 0),
(409026, 0),
(409027, 0),
(409028, 0),
(409029, 0),
(409030, 0),
(409031, 0),
(409032, 0),
(409033, 0),
(409034, 0),
(409035, 0),
(409036, 0),
(409037, 0),
(409038, 0),
(409039, 0),
(409040, 0),
(409041, 0),
(409042, 0),
(409043, 0),
(409044, 0),
(409045, 0),
(409046, 0),
(409047, 0),
(409048, 0),
(409049, 0),
(409050, 0),
(409051, 0),
(409052, 0),
(409053, 0),
(409055, 0),
(409056, 0),
(409057, 0),
(409058, 0),
(409059, 0),
(409060, 0),
(409061, 0),
(409062, 0),
(409063, 0),
(409064, 0),
(409065, 0),
(409066, 0),
(409067, 0),
(409068, 0),
(409069, 0),
(409070, 0),
(409071, 0),
(409072, 0),
(409073, 0),
(409074, 0),
(409075, 0),
(409076, 0),
(409077, 0),
(409078, 0),
(409079, 0),
(409080, 0),
(409081, 0),
(409082, 0),
(409083, 0),
(409084, 0),
(409085, 0),
(409086, 0),
(409087, 0),
(409088, 0),
(409089, 0),
(409090, 0),
(409091, 0),
(409092, 0),
(409093, 0),
(409094, 0),
(409095, 0),
(409096, 0),
(409097, 0),
(409098, 0),
(409099, 0),
(409100, 0),
(409101, 0),
(409102, 0),
(409103, 0),
(409104, 0),
(409105, 0),
(409106, 0),
(409107, 0),
(409108, 0),
(409109, 0),
(409110, 0),
(409111, 0),
(409112, 0),
(409113, 0),
(409114, 0),
(409115, 0),
(409116, 0),
(409117, 0),
(409118, 0),
(409119, 0),
(409120, 0),
(409121, 0),
(409122, 0),
(409123, 0),
(409124, 0),
(409125, 0),
(409126, 0),
(409127, 0),
(409128, 0),
(409129, 0),
(409130, 0),
(409131, 0),
(409132, 0),
(409133, 0),
(409134, 0),
(409135, 0),
(409136, 0),
(409137, 0),
(409138, 0),
(409139, 0),
(409140, 0),
(409141, 0),
(409142, 0),
(409143, 0),
(409144, 0),
(409145, 0),
(409146, 0),
(409147, 0),
(409148, 0),
(409149, 0),
(409150, 0),
(409151, 0),
(409152, 0),
(409153, 0),
(409154, 0),
(409155, 0),
(409156, 0),
(409157, 0),
(409158, 0),
(409159, 0),
(409160, 0),
(409161, 0),
(409162, 0),
(409163, 0),
(409164, 0),
(409165, 0),
(409166, 0),
(409167, 0),
(409168, 0),
(409169, 0),
(409170, 0),
(409171, 0),
(409172, 0),
(409173, 0),
(409174, 0),
(409175, 0),
(409176, 0),
(409177, 0),
(409178, 0),
(409179, 0),
(409180, 0),
(409181, 0),
(409182, 0),
(409183, 0),
(409184, 0),
(409185, 0),
(409186, 0),
(409187, 0),
(409188, 0),
(409189, 0),
(409190, 0),
(409191, 0),
(409192, 0),
(409193, 0),
(409194, 0),
(409195, 0),
(409196, 0),
(409197, 0),
(409054, 4);

-- --------------------------------------------------------

--
-- Структура таблицы `oc_t_country`
--

CREATE TABLE `oc_t_country` (
  `pk_c_code` char(2) NOT NULL,
  `s_name` varchar(80) NOT NULL,
  `s_slug` varchar(80) NOT NULL DEFAULT ''
) ENGINE=InnoDB DEFAULT CHARSET=utf8;

--
-- Дамп данных таблицы `oc_t_country`
--

INSERT INTO `oc_t_country` (`pk_c_code`, `s_name`, `s_slug`) VALUES
('RU', 'Russia', 'russia');

-- --------------------------------------------------------

--
-- Структура таблицы `oc_t_country_stats`
--

CREATE TABLE `oc_t_country_stats` (
  `fk_c_country_code` char(2) NOT NULL,
  `i_num_items` int(10) UNSIGNED NOT NULL DEFAULT '0'
) ENGINE=InnoDB DEFAULT CHARSET=utf8;

--
-- Дамп данных таблицы `oc_t_country_stats`
--

INSERT INTO `oc_t_country_stats` (`fk_c_country_code`, `i_num_items`) VALUES
('RU', 4);

-- --------------------------------------------------------

--
-- Структура таблицы `oc_t_cron`
--

CREATE TABLE `oc_t_cron` (
  `e_type` enum('INSTANT','HOURLY','DAILY','WEEKLY','CUSTOM') NOT NULL,
  `d_last_exec` datetime NOT NULL,
  `d_next_exec` datetime NOT NULL
) ENGINE=InnoDB DEFAULT CHARSET=utf8;

--
-- Дамп данных таблицы `oc_t_cron`
--

INSERT INTO `oc_t_cron` (`e_type`, `d_last_exec`, `d_next_exec`) VALUES
('HOURLY', '2018-02-28 08:33:28', '2018-02-28 09:33:00'),
('DAILY', '2018-02-27 13:42:00', '2018-02-28 13:42:00'),
('WEEKLY', '2018-02-24 17:07:57', '2018-03-03 17:07:00');

-- --------------------------------------------------------

--
-- Структура таблицы `oc_t_currency`
--

CREATE TABLE `oc_t_currency` (
  `pk_c_code` char(3) NOT NULL,
  `s_name` varchar(40) NOT NULL,
  `s_description` varchar(80) DEFAULT NULL,
  `b_enabled` tinyint(1) NOT NULL DEFAULT '1'
) ENGINE=InnoDB DEFAULT CHARSET=utf8;

--
-- Дамп данных таблицы `oc_t_currency`
--

INSERT INTO `oc_t_currency` (`pk_c_code`, `s_name`, `s_description`, `b_enabled`) VALUES
('EUR', 'European Union euro', 'Euro €', 1),
('GBP', 'United Kingdom pound', 'Pound £', 1),
('RUB', 'рубль', 'руб.', 1),
('USD', 'United States dollar', 'Dollar US$', 1);

-- --------------------------------------------------------

--
-- Структура таблицы `oc_t_districts`
--

CREATE TABLE `oc_t_districts` (
  `pk_i_id` int(10) UNSIGNED NOT NULL,
  `fk_i_city_id` int(10) UNSIGNED NOT NULL,
  `s_name` varchar(100) NOT NULL
) ENGINE=InnoDB DEFAULT CHARSET=utf8;

--
-- Дамп данных таблицы `oc_t_districts`
--

INSERT INTO `oc_t_districts` (`pk_i_id`, `fk_i_city_id`, `s_name`) VALUES
(3, 409054, 'Восточный,'),
(4, 409053, 'Беловежский'),
(5, 409053, 'Дивный'),
(9, 409054, 'Гидростроителей');

-- --------------------------------------------------------

--
-- Структура таблицы `oc_t_item`
--

CREATE TABLE `oc_t_item` (
  `pk_i_id` int(10) UNSIGNED NOT NULL,
  `fk_i_user_id` int(10) UNSIGNED DEFAULT NULL,
  `fk_i_category_id` int(10) UNSIGNED NOT NULL,
  `dt_pub_date` datetime NOT NULL,
  `dt_mod_date` datetime DEFAULT NULL,
  `f_price` float DEFAULT NULL,
  `i_price` bigint(20) DEFAULT NULL,
  `fk_c_currency_code` char(3) DEFAULT NULL,
  `s_contact_name` varchar(100) DEFAULT NULL,
  `s_contact_email` varchar(140) NOT NULL,
  `s_ip` varchar(64) NOT NULL DEFAULT '',
  `b_premium` tinyint(1) NOT NULL DEFAULT '0',
  `b_enabled` tinyint(1) NOT NULL DEFAULT '1',
  `b_active` tinyint(1) NOT NULL DEFAULT '0',
  `b_spam` tinyint(1) NOT NULL DEFAULT '0',
  `s_secret` varchar(40) DEFAULT NULL,
  `b_show_email` tinyint(1) DEFAULT NULL,
  `dt_expiration` datetime NOT NULL DEFAULT '9999-12-31 23:59:59'
) ENGINE=InnoDB DEFAULT CHARSET=utf8;

--
-- Дамп данных таблицы `oc_t_item`
--

INSERT INTO `oc_t_item` (`pk_i_id`, `fk_i_user_id`, `fk_i_category_id`, `dt_pub_date`, `dt_mod_date`, `f_price`, `i_price`, `fk_c_currency_code`, `s_contact_name`, `s_contact_email`, `s_ip`, `b_premium`, `b_enabled`, `b_active`, `b_spam`, `s_secret`, `b_show_email`, `dt_expiration`) VALUES
(12, NULL, 101, '2017-11-28 13:04:40', '2017-12-28 14:17:10', NULL, 7000000000000, 'RUB', 'Хижняк Максим Сергеевич ttt', 'xizhnyak1983@bk.ru', '127.0.0.1', 0, 1, 1, 0, '5RGfw8o6', 1, '9999-12-31 23:59:59'),
(14, NULL, 101, '2017-11-28 13:34:12', '2018-01-11 17:52:48', NULL, 6100000000000, 'RUB', 'Хижняк Максим Сергеевич', 'xizhnyak1983@bk.ru', '127.0.0.1', 0, 1, 1, 0, 'AAbAB85V', 1, '9999-12-31 23:59:59'),
(15, NULL, 101, '2017-11-28 15:06:38', '2018-02-03 22:34:52', NULL, 5450000000000, 'RUB', 'Сираева Гульнара Исмагиловна', 'guln7157@gmail.com', '127.0.0.1', 1, 1, 1, 0, 'HsSkyJ25', 1, '9999-12-31 23:59:59'),
(161, NULL, 101, '2017-11-28 15:51:18', '2018-01-30 13:25:39', NULL, 2150000000000, 'RUB', 'Грехов Олег Юрьевич', 'grehovo66@gmail.com', '127.0.0.1', 1, 1, 1, 0, 'brq1iehL', 1, '9999-12-31 23:59:59');

-- --------------------------------------------------------

--
-- Структура таблицы `oc_t_item_comment`
--

CREATE TABLE `oc_t_item_comment` (
  `pk_i_id` int(10) UNSIGNED NOT NULL,
  `fk_i_item_id` int(10) UNSIGNED NOT NULL,
  `dt_pub_date` datetime NOT NULL,
  `s_title` varchar(200) NOT NULL,
  `s_author_name` varchar(100) NOT NULL,
  `s_author_email` varchar(100) NOT NULL,
  `s_body` text NOT NULL,
  `b_enabled` tinyint(1) NOT NULL DEFAULT '1',
  `b_active` tinyint(1) NOT NULL DEFAULT '0',
  `b_spam` tinyint(1) NOT NULL DEFAULT '0',
  `fk_i_user_id` int(10) UNSIGNED DEFAULT NULL
) ENGINE=InnoDB DEFAULT CHARSET=utf8;

-- --------------------------------------------------------

--
-- Структура таблицы `oc_t_item_description`
--

CREATE TABLE `oc_t_item_description` (
  `fk_i_item_id` int(10) UNSIGNED NOT NULL,
  `fk_c_locale_code` char(5) NOT NULL,
  `s_title` varchar(100) NOT NULL,
  `s_description` mediumtext NOT NULL
) ENGINE=MyISAM DEFAULT CHARSET=utf8;

--
-- Дамп данных таблицы `oc_t_item_description`
--

INSERT INTO `oc_t_item_description` (`fk_i_item_id`, `fk_c_locale_code`, `s_title`, `s_description`) VALUES
(12, 'ru_RU', '4-комнатная квартира, 116 м2', 'Квартира + отдельное место в Паркинге Цена 1000, охранная сигнализация, при продаже вся встроенная\n            мебель остается\n        '),
(14, 'ru_RU', '3-комнатная квартира, 90 м2', 'При продаже остается все , очень качественная и дорогая быт. техника , панорамное окно\n        '),
(15, 'ru_RU', '4-комнатная квартира, 83 м2', ''),
(161, 'ru_RU', '1-комнатная квартира, 30 м2', 'Эксклюзивный договор');

-- --------------------------------------------------------

--
-- Структура таблицы `oc_t_item_house_attr`
--

CREATE TABLE `oc_t_item_house_attr` (
  `fk_i_item_id` int(10) UNSIGNED NOT NULL,
  `s_square_meters` int(6) UNSIGNED DEFAULT NULL,
  `i_num_rooms` int(2) UNSIGNED DEFAULT NULL,
  `i_num_bathrooms` int(2) UNSIGNED DEFAULT NULL,
  `e_type` enum('FOR RENT','FOR SALE') DEFAULT NULL,
  `e_status` enum('NEW CONSTRUCTION','TO RENOVATE','GOOD CONDITION') DEFAULT NULL,
  `i_num_floors` int(2) UNSIGNED DEFAULT NULL,
  `i_num_garages` int(2) UNSIGNED DEFAULT NULL,
  `b_heating` tinyint(1) DEFAULT NULL,
  `b_air_condition` tinyint(1) DEFAULT NULL,
  `b_elevator` tinyint(1) DEFAULT NULL,
  `b_terrace` tinyint(1) DEFAULT NULL,
  `b_parking` tinyint(1) DEFAULT NULL,
  `b_furnished` tinyint(1) DEFAULT NULL,
  `b_new` tinyint(1) DEFAULT NULL,
  `b_by_owner` tinyint(1) DEFAULT NULL,
  `s_condition` varchar(255) DEFAULT NULL,
  `i_year` varchar(4) DEFAULT NULL,
  `s_agency` varchar(255) DEFAULT NULL,
  `i_floor_number` int(3) UNSIGNED DEFAULT NULL,
  `i_plot_area` int(6) UNSIGNED DEFAULT NULL,
  `fk_i_property_type_id` int(2) UNSIGNED DEFAULT NULL
) ENGINE=InnoDB DEFAULT CHARSET=utf8;

--
-- Дамп данных таблицы `oc_t_item_house_attr`
--

INSERT INTO `oc_t_item_house_attr` (`fk_i_item_id`, `s_square_meters`, `i_num_rooms`, `i_num_bathrooms`, `e_type`, `e_status`, `i_num_floors`, `i_num_garages`, `b_heating`, `b_air_condition`, `b_elevator`, `b_terrace`, `b_parking`, `b_furnished`, `b_new`, `b_by_owner`, `s_condition`, `i_year`, `s_agency`, `i_floor_number`, `i_plot_area`, `fk_i_property_type_id`) VALUES
(12, 116, 4, 0, '', '', 0, 0, 0, 0, 0, 0, 0, 0, 0, 0, '', '', 'Агентство АН «Nord House»', 6, 0, 0),
(14, 90, 3, 0, '', '', 0, 0, 0, 0, 0, 0, 0, 0, 0, 0, '', '', 'Агентство АН «Nord House»', 6, 0, 0),
(15, 83, 4, 0, '', '', 0, 0, 0, 0, 0, 0, 0, 0, 0, 0, '', '', 'Агентство АН «Nord House»', 3, 0, 0),
(161, 30, 1, 0, '', '', 0, 0, 0, 0, 0, 0, 0, 0, 0, 0, '', '', 'Агентство АН «Nord House»', 3, 0, 0),
(12, 116, 4, 0, '', '', 0, 0, 0, 0, 0, 0, 0, 0, 0, 0, '', '', 'Агентство АН «Nord House»', 6, 0, 0),
(14, 90, 3, 0, '', '', 0, 0, 0, 0, 0, 0, 0, 0, 0, 0, '', '', 'Агентство АН «Nord House»', 6, 0, 0),
(15, 83, 4, 0, '', '', 0, 0, 0, 0, 0, 0, 0, 0, 0, 0, '', '', 'Агентство АН «Nord House»', 3, 0, 0),
(12, 116, 4, 0, '', '', 0, 0, 0, 0, 0, 0, 0, 0, 0, 0, '', '', 'Агентство АН «Nord House»', 6, 0, 0),
(14, 90, 3, 0, '', '', 0, 0, 0, 0, 0, 0, 0, 0, 0, 0, '', '', 'Агентство АН «Nord House»', 6, 0, 0),
(15, 83, 4, 0, '', '', 0, 0, 0, 0, 0, 0, 0, 0, 0, 0, '', '', 'Агентство АН «Nord House»', 3, 0, 0),
(161, 30, 1, 0, '', '', 0, 0, 0, 0, 0, 0, 0, 0, 0, 0, '', '', 'Агентство АН «Nord House»', 3, 0, 0),
(12, 116, 4, 0, '', '', 0, 0, 0, 0, 0, 0, 0, 0, 0, 0, '', '', 'Агентство АН «Nord House»', 6, 0, 0),
(12, 116, 4, 0, '', '', 0, 0, 0, 0, 0, 0, 0, 0, 0, 0, '', '', 'Агентство АН «Nord House»', 6, 0, 0),
(12, 116, 4, 0, '', '', 0, 0, 0, 0, 0, 0, 0, 0, 0, 0, '', '', 'Агентство АН «Nord House»', 6, 0, 0),
(12, 116, 4, 0, '', '', 0, 0, 0, 0, 0, 0, 0, 0, 0, 0, '', '', 'Агентство АН «Nord House»', 6, 0, 0),
(12, 116, 4, 0, '', '', 0, 0, 0, 0, 0, 0, 0, 0, 0, 0, '', '', 'Агентство АН «Nord House»', 6, 0, 0),
(12, 116, 4, 0, '', '', 0, 0, 0, 0, 0, 0, 0, 0, 0, 0, '', '', 'Агентство АН «Nord House»', 6, 0, 0),
(12, 116, 4, 0, '', '', 0, 0, 0, 0, 0, 0, 0, 0, 0, 0, '', '', 'Агентство АН «Nord House»', 6, 0, 0),
(12, 116, 4, 0, 'FOR RENT', 'NEW CONSTRUCTION', 0, 0, 0, 0, 0, 0, 0, 0, 0, 0, '', '', 'Агентство АН «Nord House»', 6, 0, 0),
(12, 116, 4, 0, 'FOR RENT', 'NEW CONSTRUCTION', 0, 0, 0, 0, 0, 0, 0, 0, 0, 0, '', '', 'Агентство АН «Nord House»', 6, 0, 0),
(12, 116, 4, 0, '', '', 0, 0, 0, 0, 0, 0, 0, 0, 0, 0, '', '', 'Агентство АН «Nord House»', 6, 0, 0),
(12, 116, 4, 0, '', '', 0, 0, 0, 0, 0, 0, 0, 0, 0, 0, '', '', 'Агентство АН «Nord House»', 6, 0, 0),
(12, 116, 4, 0, '', '', 0, 0, 0, 0, 0, 0, 0, 0, 0, 0, '', '', 'Агентство АН «Nord House»', 6, 0, 0),
(12, 116, 4, 0, '', '', 0, 0, 0, 0, 0, 0, 0, 0, 0, 0, '', '', 'Агентство АН «Nord House»', 6, 0, 0);

-- --------------------------------------------------------

--
-- Структура таблицы `oc_t_item_house_description_attr`
--

CREATE TABLE `oc_t_item_house_description_attr` (
  `fk_i_item_id` int(10) UNSIGNED NOT NULL,
  `fk_c_locale_code` char(5) NOT NULL,
  `s_transport` varchar(255) DEFAULT NULL,
  `s_zone` varchar(255) DEFAULT NULL
) ENGINE=InnoDB DEFAULT CHARSET=utf8;

--
-- Дамп данных таблицы `oc_t_item_house_description_attr`
--

INSERT INTO `oc_t_item_house_description_attr` (`fk_i_item_id`, `fk_c_locale_code`, `s_transport`, `s_zone`) VALUES
(12, 'ru_RU', '', ''),
(12, 'ru_RU', '', '');

-- --------------------------------------------------------

--
-- Структура таблицы `oc_t_item_house_property_type_attr`
--

CREATE TABLE `oc_t_item_house_property_type_attr` (
  `pk_i_id` int(2) UNSIGNED NOT NULL,
  `fk_c_locale_code` char(5) NOT NULL,
  `s_name` varchar(255) DEFAULT NULL
) ENGINE=InnoDB DEFAULT CHARSET=utf8;

-- --------------------------------------------------------

--
-- Структура таблицы `oc_t_item_location`
--

CREATE TABLE `oc_t_item_location` (
  `fk_i_item_id` int(10) UNSIGNED NOT NULL,
  `fk_c_country_code` char(2) DEFAULT NULL,
  `s_country` varchar(40) DEFAULT NULL,
  `s_address` varchar(100) DEFAULT NULL,
  `s_zip` varchar(15) DEFAULT NULL,
  `fk_i_region_id` int(10) UNSIGNED DEFAULT NULL,
  `s_region` varchar(100) DEFAULT NULL,
  `fk_i_city_id` int(10) UNSIGNED DEFAULT NULL,
  `s_city` varchar(100) DEFAULT NULL,
  `fk_i_city_area_id` int(10) UNSIGNED DEFAULT NULL,
  `s_city_area` varchar(200) DEFAULT NULL,
  `d_coord_lat` decimal(10,6) DEFAULT NULL,
  `d_coord_long` decimal(10,6) DEFAULT NULL
) ENGINE=InnoDB DEFAULT CHARSET=utf8;

--
-- Дамп данных таблицы `oc_t_item_location`
--

INSERT INTO `oc_t_item_location` (`fk_i_item_id`, `fk_c_country_code`, `s_country`, `s_address`, `s_zip`, `fk_i_region_id`, `s_region`, `fk_i_city_id`, `s_city`, `fk_i_city_area_id`, `s_city_area`, `d_coord_lat`, `d_coord_long`) VALUES
(12, 'RU', 'Russia', 'Югорская улица, 34', NULL, NULL, '', 409054, 'Сургут', NULL, '', '61.234301', '73.457322'),
(14, 'RU', 'Russia', 'Энергетиков улица, 33', NULL, NULL, '', 409054, 'Сургут', NULL, '', '61.243149', '73.397330'),
(15, 'RU', 'Russia', '30 лет Победы улица, 39', NULL, NULL, '', 409054, 'Сургут', NULL, '', '61.256017', '73.438521'),
(161, 'RU', 'Russia', 'Бахилова улица, 6', NULL, NULL, '', 409054, 'Сургут', NULL, '', '61.257072', '73.389398');

-- --------------------------------------------------------

--
-- Структура таблицы `oc_t_item_meta`
--

CREATE TABLE `oc_t_item_meta` (
  `fk_i_item_id` int(10) UNSIGNED NOT NULL,
  `fk_i_field_id` int(10) UNSIGNED NOT NULL,
  `s_value` text,
  `s_multi` varchar(20) NOT NULL DEFAULT ''
) ENGINE=InnoDB DEFAULT CHARSET=utf8;

-- --------------------------------------------------------

--
-- Структура таблицы `oc_t_item_resource`
--

CREATE TABLE `oc_t_item_resource` (
  `pk_i_id` int(10) UNSIGNED NOT NULL,
  `fk_i_item_id` int(10) UNSIGNED NOT NULL,
  `s_name` varchar(60) DEFAULT NULL,
  `s_extension` varchar(10) DEFAULT NULL,
  `s_content_type` varchar(40) DEFAULT NULL,
  `s_path` varchar(250) DEFAULT NULL
) ENGINE=InnoDB DEFAULT CHARSET=utf8;

--
-- Дамп данных таблицы `oc_t_item_resource`
--

INSERT INTO `oc_t_item_resource` (`pk_i_id`, `fk_i_item_id`, `s_name`, `s_extension`, `s_content_type`, `s_path`) VALUES
(4, 14, 'JuNn2SoK', 'jpg', 'image/jpeg', 'oc-content/uploads/0/'),
(5, 14, 'Ru5AhKmx', 'jpg', 'image/jpeg', 'oc-content/uploads/0/'),
(6, 15, '2YhpeLlK', 'jpg', 'image/jpeg', 'oc-content/uploads/0/'),
(7, 15, 'oHD1a4Pb', 'jpg', 'image/jpeg', 'oc-content/uploads/0/'),
(8, 161, 'NEvjGibC', 'jpg', 'image/jpeg', 'oc-content/uploads/1/'),
(9, 161, 'gqSoYsfv', 'jpg', 'image/jpeg', 'oc-content/uploads/1/'),
(10, 161, '1zJSBpiM', 'jpg', 'image/jpeg', 'oc-content/uploads/1/'),
(11, 161, 'K0HJyUrN', 'jpg', 'image/jpeg', 'oc-content/uploads/1/'),
(12, 161, 'NGMivNxL', 'jpg', 'image/jpeg', 'oc-content/uploads/1/'),
(13, 161, 'sFikgycR', 'jpg', 'image/jpeg', 'oc-content/uploads/1/'),
(17, 14, 'cyVbLzNc', 'jpg', 'image/jpeg', 'oc-content/uploads/0/'),
(18, 14, 'xn1d7U4J', 'jpg', 'image/jpeg', 'oc-content/uploads/0/'),
(19, 15, 'JdV56wUR', 'jpg', 'image/jpeg', 'oc-content/uploads/0/'),
(20, 15, 'WT5YZKu4', 'jpg', 'image/jpeg', 'oc-content/uploads/0/'),
(24, 14, 'Bpwlqcn1', 'jpg', 'image/jpeg', 'oc-content/uploads/0/'),
(25, 14, 'Dql1qGJ3', 'jpg', 'image/jpeg', 'oc-content/uploads/0/'),
(26, 15, 'gRpVVSEH', 'jpg', 'image/jpeg', 'oc-content/uploads/0/'),
(27, 15, 'cR0rpXUQ', 'jpg', 'image/jpeg', 'oc-content/uploads/0/'),
(28, 161, 'd69eiqgG', 'jpg', 'image/jpeg', 'oc-content/uploads/1/'),
(29, 161, 'Qp2A2aTE', 'jpg', 'image/jpeg', 'oc-content/uploads/1/'),
(30, 161, 'xuiXVnro', 'jpg', 'image/jpeg', 'oc-content/uploads/1/'),
(31, 161, 'jyBT7oAS', 'jpg', 'image/jpeg', 'oc-content/uploads/1/'),
(42, 12, 'nAZi0Nd3', 'jpg', 'image/jpeg', 'oc-content/uploads/0/'),
(43, 12, '3lR9H5jb', 'jpg', 'image/jpeg', 'oc-content/uploads/0/'),
(44, 12, '8etYjVHZ', 'jpg', 'image/jpeg', 'oc-content/uploads/0/');

-- --------------------------------------------------------

--
-- Структура таблицы `oc_t_item_stats`
--

CREATE TABLE `oc_t_item_stats` (
  `fk_i_item_id` int(10) UNSIGNED NOT NULL,
  `i_num_views` int(10) UNSIGNED NOT NULL DEFAULT '0',
  `i_num_spam` int(10) UNSIGNED NOT NULL DEFAULT '0',
  `i_num_repeated` int(10) UNSIGNED NOT NULL DEFAULT '0',
  `i_num_bad_classified` int(10) UNSIGNED NOT NULL DEFAULT '0',
  `i_num_offensive` int(10) UNSIGNED NOT NULL DEFAULT '0',
  `i_num_expired` int(10) UNSIGNED NOT NULL DEFAULT '0',
  `i_num_premium_views` int(10) UNSIGNED NOT NULL DEFAULT '0',
  `dt_date` date NOT NULL
) ENGINE=InnoDB DEFAULT CHARSET=utf8;

--
-- Дамп данных таблицы `oc_t_item_stats`
--

INSERT INTO `oc_t_item_stats` (`fk_i_item_id`, `i_num_views`, `i_num_spam`, `i_num_repeated`, `i_num_bad_classified`, `i_num_offensive`, `i_num_expired`, `i_num_premium_views`, `dt_date`) VALUES
(12, 0, 0, 0, 0, 0, 0, 0, '2018-02-24'),
(14, 0, 0, 0, 0, 0, 0, 0, '2018-02-24'),
(15, 0, 0, 0, 0, 0, 0, 0, '2018-02-24'),
(15, 0, 0, 0, 0, 0, 0, 10, '2018-02-28'),
(161, 0, 0, 0, 0, 0, 0, 0, '2018-02-24'),
(161, 0, 0, 0, 0, 0, 0, 12, '2018-02-28');

-- --------------------------------------------------------

--
-- Структура таблицы `oc_t_item_telephone`
--

CREATE TABLE `oc_t_item_telephone` (
  `fk_i_item_id` int(10) UNSIGNED NOT NULL,
  `s_telephone` varchar(60) DEFAULT NULL
) ENGINE=InnoDB DEFAULT CHARSET=utf8;

--
-- Дамп данных таблицы `oc_t_item_telephone`
--

INSERT INTO `oc_t_item_telephone` (`fk_i_item_id`, `s_telephone`) VALUES
(12, '89227792737'),
(14, '89227792737'),
(15, '89028569825'),
(161, '89227766118');

-- --------------------------------------------------------

--
-- Структура таблицы `oc_t_keywords`
--

CREATE TABLE `oc_t_keywords` (
  `s_md5` varchar(32) NOT NULL,
  `fk_c_locale_code` char(5) NOT NULL,
  `s_original_text` varchar(255) NOT NULL,
  `s_anchor_text` varchar(255) NOT NULL,
  `s_normalized_text` varchar(255) NOT NULL,
  `fk_i_category_id` int(10) UNSIGNED DEFAULT NULL,
  `fk_i_city_id` int(10) UNSIGNED DEFAULT NULL
) ENGINE=InnoDB DEFAULT CHARSET=utf8;

-- --------------------------------------------------------

--
-- Структура таблицы `oc_t_latest_searches`
--

CREATE TABLE `oc_t_latest_searches` (
  `d_date` datetime NOT NULL,
  `s_search` varchar(255) NOT NULL
) ENGINE=InnoDB DEFAULT CHARSET=utf8;

-- --------------------------------------------------------

--
-- Структура таблицы `oc_t_locale`
--

CREATE TABLE `oc_t_locale` (
  `pk_c_code` char(5) NOT NULL,
  `s_name` varchar(100) NOT NULL,
  `s_short_name` varchar(40) NOT NULL,
  `s_description` varchar(100) NOT NULL,
  `s_version` varchar(20) NOT NULL,
  `s_author_name` varchar(100) NOT NULL,
  `s_author_url` varchar(100) NOT NULL,
  `s_currency_format` varchar(50) NOT NULL,
  `s_dec_point` varchar(2) DEFAULT '.',
  `s_thousands_sep` varchar(2) DEFAULT '',
  `i_num_dec` tinyint(4) DEFAULT '2',
  `s_date_format` varchar(20) NOT NULL,
  `s_stop_words` text,
  `b_enabled` tinyint(1) NOT NULL DEFAULT '1',
  `b_enabled_bo` tinyint(1) NOT NULL DEFAULT '1'
) ENGINE=InnoDB DEFAULT CHARSET=utf8;

--
-- Дамп данных таблицы `oc_t_locale`
--

INSERT INTO `oc_t_locale` (`pk_c_code`, `s_name`, `s_short_name`, `s_description`, `s_version`, `s_author_name`, `s_author_url`, `s_currency_format`, `s_dec_point`, `s_thousands_sep`, `i_num_dec`, `s_date_format`, `s_stop_words`, `b_enabled`, `b_enabled_bo`) VALUES
('en_US', 'English (US)', 'English', 'American english translation', '2.3', 'Osclass', 'http://osclass.org/', '{NUMBER} {CURRENCY}', '.', '', 2, 'm/d/Y', 'i,a,about,an,are,as,at,be,by,com,for,from,how,in,is,it,of,on,or,that,the,this,to,was,what,when,where,who,will,with,the', 0, 0),
('ru_RU', 'Russian', 'Russian', 'Russian translation', 'Osclass 3.5.0', 'Osclass', 'http://osclass.org/', '{NUMBER} {CURRENCY}', '.', '', 0, 'm/d/Y', '', 1, 1);

-- --------------------------------------------------------

--
-- Структура таблицы `oc_t_locations_tmp`
--

CREATE TABLE `oc_t_locations_tmp` (
  `id_location` varchar(10) NOT NULL,
  `e_type` enum('COUNTRY','REGION','CITY') NOT NULL
) ENGINE=InnoDB DEFAULT CHARSET=utf8;

--
-- Дамп данных таблицы `oc_t_locations_tmp`
--

INSERT INTO `oc_t_locations_tmp` (`id_location`, `e_type`) VALUES
('407400', 'CITY'),
('407401', 'CITY'),
('407402', 'CITY'),
('407403', 'CITY'),
('407404', 'CITY'),
('407405', 'CITY'),
('407406', 'CITY'),
('407407', 'CITY'),
('407408', 'CITY'),
('407409', 'CITY'),
('407410', 'CITY'),
('407411', 'CITY'),
('407412', 'CITY'),
('407413', 'CITY'),
('407414', 'CITY'),
('407415', 'CITY'),
('407416', 'CITY'),
('407417', 'CITY'),
('407418', 'CITY'),
('407419', 'CITY'),
('407420', 'CITY'),
('407421', 'CITY'),
('407422', 'CITY'),
('407423', 'CITY'),
('407424', 'CITY'),
('407425', 'CITY'),
('407426', 'CITY'),
('407427', 'CITY'),
('407428', 'CITY'),
('407429', 'CITY'),
('407430', 'CITY'),
('407431', 'CITY'),
('407432', 'CITY'),
('407433', 'CITY'),
('407434', 'CITY'),
('407435', 'CITY'),
('407436', 'CITY'),
('407437', 'CITY'),
('407438', 'CITY'),
('407439', 'CITY'),
('407440', 'CITY'),
('407441', 'CITY'),
('407442', 'CITY'),
('407443', 'CITY'),
('407444', 'CITY'),
('407445', 'CITY'),
('407446', 'CITY'),
('407447', 'CITY'),
('407448', 'CITY'),
('407449', 'CITY'),
('407450', 'CITY'),
('407451', 'CITY'),
('407452', 'CITY'),
('407453', 'CITY'),
('407454', 'CITY'),
('407455', 'CITY'),
('407456', 'CITY'),
('407457', 'CITY'),
('407458', 'CITY'),
('407459', 'CITY'),
('407460', 'CITY'),
('407461', 'CITY'),
('407462', 'CITY'),
('407463', 'CITY'),
('407464', 'CITY'),
('407465', 'CITY'),
('407466', 'CITY'),
('407467', 'CITY'),
('407468', 'CITY'),
('407469', 'CITY'),
('407470', 'CITY'),
('407471', 'CITY'),
('407472', 'CITY'),
('407473', 'CITY'),
('407474', 'CITY'),
('407475', 'CITY'),
('407476', 'CITY'),
('407477', 'CITY'),
('407478', 'CITY'),
('407479', 'CITY'),
('407480', 'CITY'),
('407481', 'CITY'),
('407482', 'CITY'),
('407483', 'CITY'),
('407484', 'CITY'),
('407485', 'CITY'),
('407486', 'CITY'),
('407487', 'CITY'),
('407488', 'CITY'),
('407489', 'CITY'),
('407490', 'CITY'),
('407491', 'CITY'),
('407492', 'CITY'),
('407493', 'CITY'),
('407494', 'CITY'),
('407495', 'CITY'),
('407496', 'CITY'),
('407497', 'CITY'),
('407498', 'CITY'),
('407499', 'CITY'),
('407500', 'CITY'),
('407501', 'CITY'),
('407502', 'CITY'),
('407503', 'CITY'),
('407504', 'CITY'),
('407505', 'CITY'),
('407506', 'CITY'),
('407507', 'CITY'),
('407508', 'CITY'),
('407509', 'CITY'),
('407510', 'CITY'),
('407511', 'CITY'),
('407512', 'CITY'),
('407513', 'CITY'),
('407514', 'CITY'),
('407515', 'CITY'),
('407516', 'CITY'),
('407517', 'CITY'),
('407518', 'CITY'),
('407519', 'CITY'),
('407520', 'CITY'),
('407521', 'CITY'),
('407522', 'CITY'),
('407523', 'CITY'),
('407524', 'CITY'),
('407525', 'CITY'),
('407526', 'CITY'),
('407527', 'CITY'),
('407528', 'CITY'),
('407529', 'CITY'),
('407530', 'CITY'),
('407531', 'CITY'),
('407532', 'CITY'),
('407533', 'CITY'),
('407534', 'CITY'),
('407535', 'CITY'),
('407536', 'CITY'),
('407537', 'CITY'),
('407538', 'CITY'),
('407539', 'CITY'),
('407540', 'CITY'),
('407541', 'CITY'),
('407542', 'CITY'),
('407543', 'CITY'),
('407544', 'CITY'),
('407545', 'CITY'),
('407546', 'CITY'),
('407547', 'CITY'),
('407548', 'CITY'),
('407549', 'CITY'),
('407550', 'CITY'),
('407551', 'CITY'),
('407552', 'CITY'),
('407553', 'CITY'),
('407554', 'CITY'),
('407555', 'CITY'),
('407556', 'CITY'),
('407557', 'CITY'),
('407558', 'CITY'),
('407559', 'CITY'),
('407560', 'CITY'),
('407561', 'CITY'),
('407562', 'CITY'),
('407563', 'CITY'),
('407564', 'CITY'),
('407565', 'CITY'),
('407566', 'CITY'),
('407567', 'CITY'),
('407568', 'CITY'),
('407569', 'CITY'),
('407570', 'CITY'),
('407571', 'CITY'),
('407572', 'CITY'),
('407573', 'CITY'),
('407574', 'CITY'),
('407575', 'CITY'),
('407576', 'CITY'),
('407577', 'CITY'),
('407578', 'CITY'),
('407579', 'CITY'),
('407580', 'CITY'),
('407581', 'CITY'),
('407582', 'CITY'),
('407583', 'CITY'),
('407584', 'CITY'),
('407585', 'CITY'),
('407586', 'CITY'),
('407587', 'CITY'),
('407588', 'CITY'),
('407589', 'CITY'),
('407590', 'CITY'),
('407591', 'CITY'),
('407592', 'CITY'),
('407593', 'CITY'),
('407594', 'CITY'),
('407595', 'CITY'),
('407596', 'CITY'),
('407597', 'CITY'),
('407598', 'CITY'),
('407599', 'CITY'),
('407600', 'CITY'),
('407601', 'CITY'),
('407602', 'CITY'),
('407603', 'CITY'),
('407604', 'CITY'),
('407605', 'CITY'),
('407606', 'CITY'),
('407607', 'CITY'),
('407608', 'CITY'),
('407609', 'CITY'),
('407610', 'CITY'),
('407611', 'CITY'),
('407612', 'CITY'),
('407613', 'CITY'),
('407614', 'CITY'),
('407615', 'CITY'),
('407616', 'CITY'),
('407617', 'CITY'),
('407618', 'CITY'),
('407619', 'CITY'),
('407620', 'CITY'),
('407621', 'CITY'),
('407622', 'CITY'),
('407623', 'CITY'),
('407624', 'CITY'),
('407625', 'CITY'),
('407626', 'CITY'),
('407627', 'CITY'),
('407628', 'CITY'),
('407629', 'CITY'),
('407630', 'CITY'),
('407631', 'CITY'),
('407632', 'CITY'),
('407633', 'CITY'),
('407634', 'CITY'),
('407635', 'CITY'),
('407636', 'CITY'),
('407637', 'CITY'),
('407638', 'CITY'),
('407639', 'CITY'),
('407640', 'CITY'),
('407641', 'CITY'),
('407642', 'CITY'),
('407643', 'CITY'),
('407644', 'CITY'),
('407645', 'CITY'),
('407646', 'CITY'),
('407647', 'CITY'),
('407648', 'CITY'),
('407649', 'CITY'),
('407650', 'CITY'),
('407651', 'CITY'),
('407652', 'CITY'),
('407653', 'CITY'),
('407654', 'CITY'),
('407655', 'CITY'),
('407656', 'CITY'),
('407657', 'CITY'),
('407658', 'CITY'),
('407659', 'CITY'),
('407660', 'CITY'),
('407661', 'CITY'),
('407662', 'CITY'),
('407663', 'CITY'),
('407664', 'CITY'),
('407665', 'CITY'),
('407666', 'CITY'),
('407667', 'CITY'),
('407668', 'CITY'),
('407669', 'CITY'),
('407670', 'CITY'),
('407671', 'CITY'),
('407672', 'CITY'),
('407673', 'CITY'),
('407674', 'CITY'),
('407675', 'CITY'),
('407676', 'CITY'),
('407677', 'CITY'),
('407678', 'CITY'),
('407679', 'CITY'),
('407680', 'CITY'),
('407681', 'CITY'),
('407682', 'CITY'),
('407683', 'CITY'),
('407684', 'CITY'),
('407685', 'CITY'),
('407686', 'CITY'),
('407687', 'CITY'),
('407688', 'CITY'),
('407689', 'CITY'),
('407690', 'CITY'),
('407691', 'CITY'),
('407692', 'CITY'),
('407693', 'CITY'),
('407694', 'CITY'),
('407695', 'CITY'),
('407696', 'CITY'),
('407697', 'CITY'),
('407698', 'CITY'),
('407699', 'CITY'),
('407700', 'CITY'),
('407701', 'CITY'),
('407702', 'CITY'),
('407703', 'CITY'),
('407704', 'CITY'),
('407705', 'CITY'),
('407706', 'CITY'),
('407707', 'CITY'),
('407708', 'CITY'),
('407709', 'CITY'),
('407710', 'CITY'),
('407711', 'CITY'),
('407712', 'CITY'),
('407713', 'CITY'),
('407714', 'CITY'),
('407715', 'CITY'),
('407716', 'CITY'),
('407717', 'CITY'),
('407718', 'CITY'),
('407719', 'CITY'),
('407720', 'CITY'),
('407721', 'CITY'),
('407722', 'CITY'),
('407723', 'CITY'),
('407724', 'CITY'),
('407725', 'CITY'),
('407726', 'CITY'),
('407727', 'CITY'),
('407728', 'CITY'),
('407729', 'CITY'),
('407730', 'CITY'),
('407731', 'CITY'),
('407732', 'CITY'),
('407733', 'CITY'),
('407734', 'CITY'),
('407735', 'CITY'),
('407736', 'CITY'),
('407737', 'CITY'),
('407738', 'CITY'),
('407739', 'CITY'),
('407740', 'CITY'),
('407741', 'CITY'),
('407742', 'CITY'),
('407743', 'CITY'),
('407744', 'CITY'),
('407745', 'CITY'),
('407746', 'CITY'),
('407747', 'CITY'),
('407748', 'CITY'),
('407749', 'CITY'),
('407750', 'CITY'),
('407751', 'CITY'),
('407752', 'CITY'),
('407753', 'CITY'),
('407754', 'CITY'),
('407755', 'CITY'),
('407756', 'CITY'),
('407757', 'CITY'),
('407758', 'CITY'),
('407759', 'CITY'),
('407760', 'CITY'),
('407761', 'CITY'),
('407762', 'CITY'),
('407763', 'CITY'),
('407764', 'CITY'),
('407765', 'CITY'),
('407766', 'CITY'),
('407767', 'CITY'),
('407768', 'CITY'),
('407769', 'CITY'),
('407770', 'CITY'),
('407771', 'CITY'),
('407772', 'CITY'),
('407773', 'CITY'),
('407774', 'CITY'),
('407775', 'CITY'),
('407776', 'CITY'),
('407777', 'CITY'),
('407778', 'CITY'),
('407779', 'CITY'),
('407780', 'CITY'),
('407781', 'CITY'),
('407782', 'CITY'),
('407783', 'CITY'),
('407784', 'CITY'),
('407785', 'CITY'),
('407786', 'CITY'),
('407787', 'CITY'),
('407788', 'CITY'),
('407789', 'CITY'),
('407790', 'CITY'),
('407791', 'CITY'),
('407792', 'CITY'),
('407793', 'CITY'),
('407794', 'CITY'),
('407795', 'CITY'),
('407796', 'CITY'),
('407797', 'CITY'),
('407798', 'CITY'),
('407799', 'CITY'),
('407800', 'CITY'),
('407801', 'CITY'),
('407802', 'CITY'),
('407803', 'CITY'),
('407804', 'CITY'),
('407805', 'CITY'),
('407806', 'CITY'),
('407807', 'CITY'),
('407808', 'CITY'),
('407809', 'CITY'),
('407810', 'CITY'),
('407811', 'CITY'),
('407812', 'CITY'),
('407813', 'CITY'),
('407814', 'CITY'),
('407815', 'CITY'),
('407816', 'CITY'),
('407817', 'CITY'),
('407818', 'CITY'),
('407819', 'CITY'),
('407820', 'CITY'),
('407821', 'CITY'),
('407822', 'CITY'),
('407823', 'CITY'),
('407824', 'CITY'),
('407825', 'CITY'),
('407826', 'CITY'),
('407827', 'CITY'),
('407828', 'CITY'),
('407829', 'CITY'),
('407830', 'CITY'),
('407831', 'CITY'),
('407832', 'CITY'),
('407833', 'CITY'),
('407834', 'CITY'),
('407835', 'CITY'),
('407836', 'CITY'),
('407837', 'CITY'),
('407838', 'CITY'),
('407839', 'CITY'),
('407840', 'CITY'),
('407841', 'CITY'),
('407842', 'CITY'),
('407843', 'CITY'),
('407844', 'CITY'),
('407845', 'CITY'),
('407846', 'CITY'),
('407847', 'CITY'),
('407848', 'CITY'),
('407849', 'CITY'),
('407850', 'CITY'),
('407851', 'CITY'),
('407852', 'CITY'),
('407853', 'CITY'),
('407854', 'CITY'),
('407855', 'CITY'),
('407856', 'CITY'),
('407857', 'CITY'),
('407858', 'CITY'),
('407859', 'CITY'),
('407860', 'CITY'),
('407861', 'CITY'),
('407862', 'CITY'),
('407863', 'CITY'),
('407864', 'CITY'),
('407865', 'CITY'),
('407866', 'CITY'),
('407867', 'CITY'),
('407868', 'CITY'),
('407869', 'CITY'),
('407870', 'CITY'),
('407871', 'CITY'),
('407872', 'CITY'),
('407873', 'CITY'),
('407874', 'CITY'),
('407875', 'CITY'),
('407876', 'CITY'),
('407877', 'CITY'),
('407878', 'CITY'),
('407879', 'CITY'),
('407880', 'CITY'),
('407881', 'CITY'),
('407882', 'CITY'),
('407883', 'CITY'),
('407884', 'CITY'),
('407885', 'CITY'),
('407886', 'CITY'),
('407887', 'CITY'),
('407888', 'CITY'),
('407889', 'CITY'),
('407890', 'CITY'),
('407891', 'CITY'),
('407892', 'CITY'),
('407893', 'CITY'),
('407894', 'CITY'),
('407895', 'CITY'),
('407896', 'CITY'),
('407897', 'CITY'),
('407898', 'CITY'),
('407899', 'CITY'),
('407900', 'CITY'),
('407901', 'CITY'),
('407902', 'CITY'),
('407903', 'CITY'),
('407904', 'CITY'),
('407905', 'CITY'),
('407906', 'CITY'),
('407907', 'CITY'),
('407908', 'CITY'),
('407909', 'CITY'),
('407910', 'CITY'),
('407911', 'CITY'),
('407912', 'CITY'),
('407913', 'CITY'),
('407914', 'CITY'),
('407915', 'CITY'),
('407916', 'CITY'),
('407917', 'CITY'),
('407918', 'CITY'),
('407919', 'CITY'),
('407920', 'CITY'),
('407921', 'CITY'),
('407922', 'CITY'),
('407923', 'CITY'),
('407924', 'CITY'),
('407925', 'CITY'),
('407926', 'CITY'),
('407927', 'CITY'),
('407928', 'CITY'),
('407929', 'CITY'),
('407930', 'CITY'),
('407931', 'CITY'),
('407932', 'CITY'),
('407933', 'CITY'),
('407934', 'CITY'),
('407935', 'CITY'),
('407936', 'CITY'),
('407937', 'CITY'),
('407938', 'CITY'),
('407939', 'CITY'),
('407940', 'CITY'),
('407941', 'CITY'),
('407942', 'CITY'),
('407943', 'CITY'),
('407944', 'CITY'),
('407945', 'CITY'),
('407946', 'CITY'),
('407947', 'CITY'),
('407948', 'CITY'),
('407949', 'CITY'),
('407950', 'CITY'),
('407951', 'CITY'),
('407952', 'CITY'),
('407953', 'CITY'),
('407954', 'CITY'),
('407955', 'CITY'),
('407956', 'CITY'),
('407957', 'CITY'),
('407958', 'CITY'),
('407959', 'CITY'),
('407960', 'CITY'),
('407961', 'CITY'),
('407962', 'CITY'),
('407963', 'CITY'),
('407964', 'CITY'),
('407965', 'CITY'),
('407966', 'CITY'),
('407967', 'CITY'),
('407968', 'CITY'),
('407969', 'CITY'),
('407970', 'CITY'),
('407971', 'CITY'),
('407972', 'CITY'),
('407973', 'CITY'),
('407974', 'CITY'),
('407975', 'CITY'),
('407976', 'CITY'),
('407977', 'CITY'),
('407978', 'CITY'),
('407979', 'CITY'),
('407980', 'CITY'),
('407981', 'CITY'),
('407982', 'CITY'),
('407983', 'CITY'),
('407984', 'CITY'),
('407985', 'CITY'),
('407986', 'CITY'),
('407987', 'CITY'),
('407988', 'CITY'),
('407989', 'CITY'),
('407990', 'CITY'),
('407991', 'CITY'),
('407992', 'CITY'),
('407993', 'CITY'),
('407994', 'CITY'),
('407995', 'CITY'),
('407996', 'CITY'),
('407997', 'CITY'),
('407998', 'CITY'),
('407999', 'CITY'),
('408000', 'CITY'),
('408001', 'CITY'),
('408002', 'CITY'),
('408003', 'CITY'),
('408004', 'CITY'),
('408005', 'CITY'),
('408006', 'CITY'),
('408007', 'CITY'),
('408008', 'CITY'),
('408009', 'CITY'),
('408010', 'CITY'),
('408011', 'CITY'),
('408012', 'CITY'),
('408013', 'CITY'),
('408014', 'CITY'),
('408015', 'CITY'),
('408016', 'CITY'),
('408017', 'CITY'),
('408018', 'CITY'),
('408019', 'CITY'),
('408020', 'CITY'),
('408021', 'CITY'),
('408022', 'CITY'),
('408023', 'CITY'),
('408024', 'CITY'),
('408025', 'CITY'),
('408026', 'CITY'),
('408027', 'CITY'),
('408028', 'CITY'),
('408029', 'CITY'),
('408030', 'CITY'),
('408031', 'CITY'),
('408032', 'CITY'),
('408033', 'CITY'),
('408034', 'CITY'),
('408035', 'CITY'),
('408036', 'CITY'),
('408037', 'CITY'),
('408038', 'CITY'),
('408039', 'CITY'),
('408040', 'CITY'),
('408041', 'CITY'),
('408042', 'CITY'),
('408043', 'CITY'),
('408044', 'CITY'),
('408045', 'CITY'),
('408046', 'CITY'),
('408047', 'CITY'),
('408048', 'CITY'),
('408049', 'CITY'),
('408050', 'CITY'),
('408051', 'CITY'),
('408052', 'CITY'),
('408053', 'CITY'),
('408054', 'CITY'),
('408055', 'CITY'),
('408056', 'CITY'),
('408057', 'CITY'),
('408058', 'CITY'),
('408059', 'CITY'),
('408060', 'CITY'),
('408061', 'CITY'),
('408062', 'CITY'),
('408063', 'CITY'),
('408064', 'CITY'),
('408065', 'CITY'),
('408066', 'CITY'),
('408067', 'CITY'),
('408068', 'CITY'),
('408069', 'CITY'),
('408070', 'CITY'),
('408071', 'CITY'),
('408072', 'CITY'),
('408073', 'CITY'),
('408074', 'CITY'),
('408075', 'CITY'),
('408076', 'CITY'),
('408077', 'CITY'),
('408078', 'CITY'),
('408079', 'CITY'),
('408080', 'CITY'),
('408081', 'CITY'),
('408082', 'CITY'),
('408083', 'CITY'),
('408084', 'CITY'),
('408085', 'CITY'),
('408086', 'CITY'),
('408087', 'CITY'),
('408088', 'CITY'),
('408089', 'CITY'),
('408090', 'CITY'),
('408091', 'CITY'),
('408092', 'CITY'),
('408093', 'CITY'),
('408094', 'CITY'),
('408095', 'CITY'),
('408096', 'CITY'),
('408097', 'CITY'),
('408098', 'CITY'),
('408099', 'CITY'),
('408100', 'CITY'),
('408101', 'CITY'),
('408102', 'CITY'),
('408103', 'CITY'),
('408104', 'CITY'),
('408105', 'CITY'),
('408106', 'CITY'),
('408107', 'CITY'),
('408108', 'CITY'),
('408109', 'CITY'),
('408110', 'CITY'),
('408111', 'CITY'),
('408112', 'CITY'),
('408113', 'CITY'),
('408114', 'CITY'),
('408115', 'CITY'),
('408116', 'CITY'),
('408117', 'CITY'),
('408118', 'CITY'),
('408119', 'CITY'),
('408120', 'CITY'),
('408121', 'CITY'),
('408122', 'CITY'),
('408123', 'CITY'),
('408124', 'CITY'),
('408125', 'CITY'),
('408126', 'CITY'),
('408127', 'CITY'),
('408128', 'CITY'),
('408129', 'CITY'),
('408130', 'CITY'),
('408131', 'CITY'),
('408132', 'CITY'),
('408133', 'CITY'),
('408134', 'CITY'),
('408135', 'CITY'),
('408136', 'CITY'),
('408137', 'CITY'),
('408138', 'CITY'),
('408139', 'CITY'),
('408140', 'CITY'),
('408141', 'CITY'),
('408142', 'CITY'),
('408143', 'CITY'),
('408144', 'CITY'),
('408145', 'CITY'),
('408146', 'CITY'),
('408147', 'CITY'),
('408148', 'CITY'),
('408149', 'CITY'),
('408150', 'CITY'),
('408151', 'CITY'),
('408152', 'CITY'),
('408153', 'CITY'),
('408154', 'CITY'),
('408155', 'CITY'),
('408156', 'CITY'),
('408157', 'CITY'),
('408158', 'CITY'),
('408159', 'CITY'),
('408160', 'CITY'),
('408161', 'CITY'),
('408162', 'CITY'),
('408163', 'CITY'),
('408164', 'CITY'),
('408165', 'CITY'),
('408166', 'CITY'),
('408167', 'CITY'),
('408168', 'CITY'),
('408169', 'CITY'),
('408170', 'CITY'),
('408171', 'CITY'),
('408172', 'CITY'),
('408173', 'CITY'),
('408174', 'CITY'),
('408175', 'CITY'),
('408176', 'CITY'),
('408177', 'CITY'),
('408178', 'CITY'),
('408179', 'CITY'),
('408180', 'CITY'),
('408181', 'CITY'),
('408182', 'CITY'),
('408183', 'CITY'),
('408184', 'CITY'),
('408185', 'CITY'),
('408186', 'CITY'),
('408187', 'CITY'),
('408188', 'CITY'),
('408189', 'CITY'),
('408190', 'CITY'),
('408191', 'CITY'),
('408192', 'CITY'),
('408193', 'CITY'),
('408194', 'CITY'),
('408195', 'CITY'),
('408196', 'CITY'),
('408197', 'CITY'),
('408198', 'CITY'),
('408199', 'CITY'),
('408200', 'CITY'),
('408201', 'CITY'),
('408202', 'CITY'),
('408203', 'CITY'),
('408204', 'CITY'),
('408205', 'CITY'),
('408206', 'CITY'),
('408207', 'CITY'),
('408208', 'CITY'),
('408209', 'CITY'),
('408210', 'CITY'),
('408211', 'CITY'),
('408212', 'CITY'),
('408213', 'CITY'),
('408214', 'CITY'),
('408215', 'CITY'),
('408216', 'CITY'),
('408217', 'CITY'),
('408218', 'CITY'),
('408219', 'CITY'),
('408220', 'CITY'),
('408221', 'CITY'),
('408222', 'CITY'),
('408223', 'CITY'),
('408224', 'CITY'),
('408225', 'CITY'),
('408226', 'CITY'),
('408227', 'CITY'),
('408228', 'CITY'),
('408229', 'CITY'),
('408230', 'CITY'),
('408231', 'CITY'),
('408232', 'CITY'),
('408233', 'CITY'),
('408234', 'CITY'),
('408235', 'CITY'),
('408236', 'CITY'),
('408237', 'CITY'),
('408238', 'CITY'),
('408239', 'CITY'),
('408240', 'CITY'),
('408241', 'CITY'),
('408242', 'CITY'),
('408243', 'CITY'),
('408244', 'CITY'),
('408245', 'CITY'),
('408246', 'CITY'),
('408247', 'CITY'),
('408248', 'CITY'),
('408249', 'CITY'),
('408250', 'CITY'),
('408251', 'CITY'),
('408252', 'CITY'),
('408253', 'CITY'),
('408254', 'CITY'),
('408255', 'CITY'),
('408256', 'CITY'),
('408257', 'CITY'),
('408258', 'CITY'),
('408259', 'CITY'),
('408260', 'CITY'),
('408261', 'CITY'),
('408262', 'CITY'),
('408263', 'CITY'),
('408264', 'CITY'),
('408265', 'CITY'),
('408266', 'CITY'),
('408267', 'CITY'),
('408268', 'CITY'),
('408269', 'CITY'),
('408270', 'CITY'),
('408271', 'CITY'),
('408272', 'CITY'),
('408273', 'CITY'),
('408274', 'CITY'),
('408275', 'CITY'),
('408276', 'CITY'),
('408277', 'CITY'),
('408278', 'CITY'),
('408279', 'CITY'),
('408280', 'CITY'),
('408281', 'CITY'),
('408282', 'CITY'),
('408283', 'CITY'),
('408284', 'CITY'),
('408285', 'CITY'),
('408286', 'CITY'),
('408287', 'CITY'),
('408288', 'CITY'),
('408289', 'CITY'),
('408290', 'CITY'),
('408291', 'CITY'),
('408292', 'CITY'),
('408293', 'CITY'),
('408294', 'CITY'),
('408295', 'CITY'),
('408296', 'CITY'),
('408297', 'CITY'),
('408298', 'CITY'),
('408299', 'CITY'),
('408300', 'CITY'),
('408301', 'CITY'),
('408302', 'CITY'),
('408303', 'CITY'),
('408304', 'CITY'),
('408305', 'CITY'),
('408306', 'CITY'),
('408307', 'CITY'),
('408308', 'CITY'),
('408309', 'CITY'),
('408310', 'CITY'),
('408311', 'CITY'),
('408312', 'CITY'),
('408313', 'CITY'),
('408314', 'CITY'),
('408315', 'CITY'),
('408316', 'CITY'),
('408317', 'CITY'),
('408318', 'CITY'),
('408319', 'CITY'),
('408320', 'CITY'),
('408321', 'CITY'),
('408322', 'CITY'),
('408323', 'CITY'),
('408324', 'CITY'),
('408325', 'CITY'),
('408326', 'CITY'),
('408327', 'CITY'),
('408328', 'CITY'),
('408329', 'CITY'),
('408330', 'CITY'),
('408331', 'CITY'),
('408332', 'CITY'),
('408333', 'CITY'),
('408334', 'CITY'),
('408335', 'CITY'),
('408336', 'CITY'),
('408337', 'CITY'),
('408338', 'CITY'),
('408339', 'CITY'),
('408340', 'CITY'),
('408341', 'CITY'),
('408342', 'CITY'),
('408343', 'CITY'),
('408344', 'CITY'),
('408345', 'CITY'),
('408346', 'CITY'),
('408347', 'CITY'),
('408348', 'CITY'),
('408349', 'CITY'),
('408350', 'CITY'),
('408351', 'CITY'),
('408352', 'CITY'),
('408353', 'CITY'),
('408354', 'CITY'),
('408355', 'CITY'),
('408356', 'CITY'),
('408357', 'CITY'),
('408358', 'CITY'),
('408359', 'CITY'),
('408360', 'CITY'),
('408361', 'CITY'),
('408362', 'CITY'),
('408363', 'CITY'),
('408364', 'CITY'),
('408365', 'CITY'),
('408366', 'CITY'),
('408367', 'CITY'),
('408368', 'CITY'),
('408369', 'CITY'),
('408370', 'CITY'),
('408371', 'CITY'),
('408372', 'CITY'),
('408373', 'CITY'),
('408374', 'CITY'),
('408375', 'CITY'),
('408376', 'CITY'),
('408377', 'CITY'),
('408378', 'CITY'),
('408379', 'CITY'),
('408380', 'CITY'),
('408381', 'CITY'),
('408382', 'CITY'),
('408383', 'CITY'),
('408384', 'CITY'),
('408385', 'CITY'),
('408386', 'CITY'),
('408387', 'CITY'),
('408388', 'CITY'),
('408389', 'CITY'),
('408390', 'CITY'),
('408391', 'CITY'),
('408392', 'CITY'),
('408393', 'CITY'),
('408394', 'CITY'),
('408395', 'CITY'),
('408396', 'CITY'),
('408397', 'CITY'),
('408398', 'CITY'),
('408399', 'CITY'),
('408400', 'CITY'),
('408401', 'CITY'),
('408402', 'CITY'),
('408403', 'CITY'),
('408404', 'CITY'),
('408405', 'CITY'),
('408406', 'CITY'),
('408407', 'CITY'),
('408408', 'CITY'),
('408409', 'CITY'),
('408410', 'CITY'),
('408411', 'CITY'),
('408412', 'CITY'),
('408413', 'CITY'),
('408414', 'CITY'),
('408415', 'CITY'),
('408416', 'CITY'),
('408417', 'CITY'),
('408418', 'CITY'),
('408419', 'CITY'),
('408420', 'CITY'),
('408421', 'CITY'),
('408422', 'CITY'),
('408423', 'CITY'),
('408424', 'CITY'),
('408425', 'CITY'),
('408426', 'CITY'),
('408427', 'CITY'),
('408428', 'CITY'),
('408429', 'CITY'),
('408430', 'CITY'),
('408431', 'CITY'),
('408432', 'CITY'),
('408433', 'CITY'),
('408434', 'CITY'),
('408435', 'CITY'),
('408436', 'CITY'),
('408437', 'CITY'),
('408438', 'CITY'),
('408439', 'CITY'),
('408440', 'CITY'),
('408441', 'CITY'),
('408442', 'CITY'),
('408443', 'CITY'),
('408444', 'CITY'),
('408445', 'CITY'),
('408446', 'CITY'),
('408447', 'CITY'),
('408448', 'CITY'),
('408449', 'CITY'),
('408450', 'CITY'),
('408451', 'CITY'),
('408452', 'CITY'),
('408453', 'CITY'),
('408454', 'CITY'),
('408455', 'CITY'),
('408456', 'CITY'),
('408457', 'CITY'),
('408458', 'CITY'),
('408459', 'CITY'),
('408460', 'CITY'),
('408461', 'CITY'),
('408462', 'CITY'),
('408463', 'CITY'),
('408464', 'CITY'),
('408465', 'CITY'),
('408466', 'CITY'),
('408467', 'CITY'),
('408468', 'CITY'),
('408469', 'CITY'),
('408470', 'CITY'),
('408471', 'CITY'),
('408472', 'CITY'),
('408473', 'CITY'),
('408474', 'CITY'),
('408475', 'CITY'),
('408476', 'CITY'),
('408477', 'CITY'),
('408478', 'CITY'),
('408479', 'CITY'),
('408480', 'CITY'),
('408481', 'CITY'),
('408482', 'CITY'),
('408483', 'CITY'),
('408484', 'CITY'),
('408485', 'CITY'),
('408486', 'CITY'),
('408487', 'CITY'),
('408488', 'CITY'),
('408489', 'CITY'),
('408490', 'CITY'),
('408491', 'CITY'),
('408492', 'CITY'),
('408493', 'CITY'),
('408494', 'CITY'),
('408495', 'CITY'),
('408496', 'CITY'),
('408497', 'CITY'),
('408498', 'CITY'),
('408499', 'CITY'),
('408500', 'CITY'),
('408501', 'CITY'),
('408502', 'CITY'),
('408503', 'CITY'),
('408504', 'CITY'),
('408505', 'CITY'),
('408506', 'CITY'),
('408507', 'CITY'),
('408508', 'CITY'),
('408509', 'CITY'),
('408510', 'CITY'),
('408511', 'CITY'),
('408512', 'CITY'),
('408513', 'CITY'),
('408514', 'CITY'),
('408515', 'CITY'),
('408516', 'CITY'),
('408517', 'CITY'),
('408518', 'CITY'),
('408519', 'CITY'),
('408520', 'CITY'),
('408521', 'CITY'),
('408522', 'CITY'),
('408523', 'CITY'),
('408524', 'CITY'),
('408525', 'CITY'),
('408526', 'CITY'),
('408527', 'CITY'),
('408528', 'CITY'),
('408529', 'CITY'),
('408530', 'CITY'),
('408531', 'CITY'),
('408532', 'CITY'),
('408533', 'CITY'),
('408534', 'CITY'),
('408535', 'CITY'),
('408536', 'CITY'),
('408537', 'CITY'),
('408538', 'CITY'),
('408539', 'CITY'),
('408540', 'CITY'),
('408541', 'CITY'),
('408542', 'CITY'),
('408543', 'CITY'),
('408544', 'CITY'),
('408545', 'CITY'),
('408546', 'CITY'),
('408547', 'CITY'),
('408548', 'CITY'),
('408549', 'CITY'),
('408550', 'CITY'),
('408551', 'CITY'),
('408552', 'CITY'),
('408553', 'CITY'),
('408554', 'CITY'),
('408555', 'CITY'),
('408556', 'CITY'),
('408557', 'CITY'),
('408558', 'CITY'),
('408559', 'CITY'),
('408560', 'CITY'),
('408561', 'CITY'),
('408562', 'CITY'),
('408563', 'CITY'),
('408564', 'CITY'),
('408565', 'CITY'),
('408566', 'CITY'),
('408567', 'CITY'),
('408568', 'CITY'),
('408569', 'CITY'),
('408570', 'CITY'),
('408571', 'CITY'),
('408572', 'CITY'),
('408573', 'CITY'),
('408574', 'CITY'),
('408575', 'CITY'),
('408576', 'CITY'),
('408577', 'CITY'),
('408578', 'CITY'),
('408579', 'CITY'),
('408580', 'CITY'),
('408581', 'CITY'),
('408582', 'CITY'),
('408583', 'CITY'),
('408584', 'CITY'),
('408585', 'CITY'),
('408586', 'CITY'),
('408587', 'CITY'),
('408588', 'CITY'),
('408589', 'CITY'),
('408590', 'CITY'),
('408591', 'CITY'),
('408592', 'CITY'),
('408593', 'CITY'),
('408594', 'CITY'),
('408595', 'CITY'),
('408596', 'CITY'),
('408597', 'CITY'),
('408598', 'CITY'),
('408599', 'CITY'),
('408600', 'CITY'),
('408601', 'CITY'),
('408602', 'CITY'),
('408603', 'CITY'),
('408604', 'CITY'),
('408605', 'CITY'),
('408606', 'CITY'),
('408607', 'CITY'),
('408608', 'CITY'),
('408609', 'CITY'),
('408610', 'CITY'),
('408611', 'CITY'),
('408612', 'CITY'),
('408613', 'CITY'),
('408614', 'CITY'),
('408615', 'CITY'),
('408616', 'CITY'),
('408617', 'CITY'),
('408618', 'CITY'),
('408619', 'CITY'),
('408620', 'CITY'),
('408621', 'CITY'),
('408622', 'CITY'),
('408623', 'CITY'),
('408624', 'CITY'),
('408625', 'CITY'),
('408626', 'CITY'),
('408627', 'CITY'),
('408628', 'CITY'),
('408629', 'CITY'),
('408630', 'CITY'),
('408631', 'CITY'),
('408632', 'CITY'),
('408633', 'CITY'),
('408634', 'CITY'),
('408635', 'CITY'),
('408636', 'CITY'),
('408637', 'CITY'),
('408638', 'CITY'),
('408639', 'CITY'),
('408640', 'CITY'),
('408641', 'CITY'),
('408642', 'CITY'),
('408643', 'CITY'),
('408644', 'CITY'),
('408645', 'CITY'),
('408646', 'CITY'),
('408647', 'CITY'),
('408648', 'CITY'),
('408649', 'CITY'),
('408650', 'CITY'),
('408651', 'CITY'),
('408652', 'CITY'),
('408653', 'CITY'),
('408654', 'CITY'),
('408655', 'CITY'),
('408656', 'CITY'),
('408658', 'CITY'),
('408659', 'CITY'),
('408660', 'CITY'),
('408661', 'CITY'),
('408662', 'CITY'),
('408663', 'CITY'),
('408664', 'CITY'),
('408665', 'CITY'),
('408666', 'CITY'),
('408667', 'CITY'),
('408668', 'CITY'),
('408669', 'CITY'),
('408670', 'CITY'),
('408671', 'CITY'),
('408672', 'CITY'),
('408673', 'CITY'),
('408674', 'CITY'),
('408675', 'CITY'),
('408676', 'CITY'),
('408677', 'CITY'),
('408678', 'CITY'),
('408679', 'CITY'),
('408680', 'CITY'),
('408681', 'CITY'),
('408682', 'CITY'),
('408683', 'CITY'),
('408684', 'CITY'),
('408685', 'CITY'),
('408686', 'CITY'),
('408687', 'CITY'),
('408688', 'CITY'),
('408689', 'CITY'),
('408690', 'CITY'),
('408691', 'CITY'),
('408692', 'CITY'),
('408693', 'CITY'),
('408694', 'CITY'),
('408695', 'CITY'),
('408696', 'CITY'),
('408697', 'CITY'),
('408698', 'CITY'),
('408699', 'CITY'),
('408700', 'CITY'),
('408701', 'CITY'),
('408702', 'CITY'),
('408703', 'CITY'),
('408704', 'CITY'),
('408705', 'CITY'),
('408706', 'CITY'),
('408707', 'CITY'),
('408708', 'CITY'),
('408709', 'CITY'),
('408710', 'CITY'),
('408711', 'CITY'),
('408712', 'CITY'),
('408713', 'CITY'),
('408714', 'CITY'),
('408715', 'CITY'),
('408716', 'CITY'),
('408717', 'CITY'),
('408718', 'CITY'),
('408719', 'CITY'),
('408720', 'CITY'),
('408721', 'CITY'),
('408722', 'CITY'),
('408723', 'CITY'),
('408724', 'CITY'),
('408725', 'CITY'),
('408726', 'CITY'),
('408727', 'CITY'),
('408728', 'CITY'),
('408729', 'CITY'),
('408730', 'CITY'),
('408731', 'CITY'),
('408732', 'CITY'),
('408733', 'CITY'),
('408734', 'CITY'),
('408735', 'CITY'),
('408736', 'CITY'),
('408737', 'CITY'),
('408738', 'CITY'),
('408739', 'CITY'),
('408740', 'CITY'),
('408741', 'CITY'),
('408742', 'CITY'),
('408743', 'CITY'),
('408744', 'CITY'),
('408745', 'CITY'),
('408746', 'CITY'),
('408747', 'CITY'),
('408748', 'CITY'),
('408749', 'CITY'),
('408750', 'CITY'),
('408751', 'CITY'),
('408752', 'CITY'),
('408753', 'CITY'),
('408754', 'CITY'),
('408755', 'CITY'),
('408756', 'CITY'),
('408757', 'CITY'),
('408758', 'CITY'),
('408759', 'CITY'),
('408760', 'CITY'),
('408761', 'CITY'),
('408762', 'CITY'),
('408763', 'CITY'),
('408764', 'CITY'),
('408765', 'CITY'),
('408766', 'CITY'),
('408767', 'CITY'),
('408768', 'CITY'),
('408769', 'CITY'),
('408770', 'CITY'),
('408771', 'CITY'),
('408772', 'CITY'),
('408773', 'CITY'),
('408774', 'CITY'),
('408775', 'CITY'),
('408776', 'CITY'),
('408777', 'CITY'),
('408778', 'CITY'),
('408779', 'CITY'),
('408780', 'CITY'),
('408781', 'CITY'),
('408782', 'CITY'),
('408783', 'CITY'),
('408784', 'CITY'),
('408785', 'CITY'),
('408786', 'CITY'),
('408787', 'CITY'),
('408788', 'CITY'),
('408789', 'CITY'),
('408790', 'CITY'),
('408791', 'CITY'),
('408792', 'CITY'),
('408793', 'CITY'),
('408794', 'CITY'),
('408795', 'CITY'),
('408796', 'CITY'),
('408797', 'CITY'),
('408798', 'CITY'),
('408799', 'CITY'),
('408800', 'CITY'),
('408801', 'CITY'),
('408802', 'CITY'),
('408803', 'CITY'),
('408804', 'CITY'),
('408805', 'CITY'),
('408806', 'CITY'),
('408807', 'CITY'),
('408808', 'CITY'),
('408809', 'CITY'),
('408810', 'CITY'),
('408811', 'CITY'),
('408812', 'CITY'),
('408813', 'CITY'),
('408814', 'CITY'),
('408815', 'CITY'),
('408816', 'CITY'),
('408817', 'CITY'),
('408818', 'CITY'),
('408819', 'CITY'),
('408820', 'CITY'),
('408821', 'CITY'),
('408822', 'CITY'),
('408823', 'CITY'),
('408824', 'CITY'),
('408825', 'CITY'),
('408826', 'CITY'),
('408827', 'CITY'),
('408828', 'CITY'),
('408829', 'CITY'),
('408830', 'CITY'),
('408831', 'CITY'),
('408832', 'CITY'),
('408833', 'CITY'),
('408834', 'CITY'),
('408835', 'CITY'),
('408836', 'CITY'),
('408837', 'CITY'),
('408838', 'CITY'),
('408839', 'CITY'),
('408840', 'CITY'),
('408841', 'CITY'),
('408842', 'CITY'),
('408843', 'CITY'),
('408844', 'CITY'),
('408845', 'CITY'),
('408846', 'CITY'),
('408847', 'CITY'),
('408848', 'CITY'),
('408849', 'CITY'),
('408850', 'CITY'),
('408851', 'CITY'),
('408852', 'CITY'),
('408853', 'CITY'),
('408854', 'CITY'),
('408855', 'CITY'),
('408856', 'CITY'),
('408857', 'CITY'),
('408858', 'CITY'),
('408859', 'CITY'),
('408860', 'CITY'),
('408861', 'CITY'),
('408862', 'CITY'),
('408863', 'CITY'),
('408864', 'CITY'),
('408865', 'CITY'),
('408866', 'CITY'),
('408867', 'CITY'),
('408868', 'CITY'),
('408869', 'CITY'),
('408870', 'CITY'),
('408871', 'CITY'),
('408872', 'CITY'),
('408873', 'CITY'),
('408874', 'CITY'),
('408875', 'CITY'),
('408876', 'CITY'),
('408877', 'CITY'),
('408878', 'CITY'),
('408879', 'CITY'),
('408880', 'CITY'),
('408881', 'CITY'),
('408882', 'CITY'),
('408883', 'CITY'),
('408884', 'CITY'),
('408885', 'CITY'),
('408886', 'CITY'),
('408887', 'CITY'),
('408888', 'CITY'),
('408889', 'CITY'),
('408890', 'CITY'),
('408891', 'CITY'),
('408892', 'CITY'),
('408893', 'CITY'),
('408894', 'CITY'),
('408895', 'CITY'),
('408896', 'CITY'),
('408897', 'CITY'),
('408898', 'CITY'),
('408899', 'CITY'),
('408900', 'CITY'),
('408901', 'CITY'),
('408902', 'CITY'),
('408903', 'CITY'),
('408904', 'CITY'),
('408905', 'CITY'),
('408906', 'CITY'),
('408907', 'CITY'),
('408908', 'CITY'),
('408909', 'CITY'),
('408910', 'CITY'),
('408911', 'CITY'),
('408912', 'CITY'),
('408913', 'CITY'),
('408914', 'CITY'),
('408915', 'CITY'),
('408916', 'CITY'),
('408917', 'CITY'),
('408918', 'CITY'),
('408919', 'CITY'),
('408920', 'CITY'),
('408921', 'CITY'),
('408922', 'CITY'),
('408923', 'CITY'),
('408924', 'CITY'),
('408925', 'CITY'),
('408926', 'CITY'),
('408927', 'CITY'),
('408928', 'CITY'),
('408929', 'CITY'),
('408930', 'CITY'),
('408931', 'CITY'),
('408932', 'CITY'),
('408933', 'CITY'),
('408934', 'CITY'),
('408935', 'CITY'),
('408936', 'CITY'),
('408937', 'CITY'),
('408938', 'CITY'),
('408939', 'CITY'),
('408940', 'CITY'),
('408941', 'CITY'),
('408942', 'CITY'),
('408943', 'CITY'),
('408944', 'CITY'),
('408945', 'CITY'),
('408946', 'CITY'),
('408947', 'CITY'),
('408948', 'CITY'),
('408949', 'CITY'),
('408950', 'CITY'),
('408951', 'CITY'),
('408952', 'CITY'),
('408953', 'CITY'),
('408954', 'CITY'),
('408955', 'CITY'),
('408956', 'CITY'),
('408957', 'CITY'),
('408958', 'CITY'),
('408959', 'CITY'),
('408960', 'CITY'),
('408961', 'CITY'),
('408962', 'CITY'),
('408963', 'CITY'),
('408964', 'CITY'),
('408965', 'CITY'),
('408966', 'CITY'),
('408967', 'CITY'),
('408968', 'CITY'),
('408969', 'CITY'),
('408970', 'CITY'),
('408971', 'CITY'),
('408972', 'CITY'),
('408973', 'CITY'),
('408974', 'CITY'),
('408975', 'CITY'),
('408976', 'CITY'),
('408977', 'CITY'),
('408978', 'CITY'),
('408979', 'CITY'),
('408980', 'CITY'),
('408981', 'CITY'),
('408982', 'CITY'),
('408983', 'CITY'),
('408984', 'CITY'),
('408985', 'CITY'),
('408986', 'CITY'),
('408987', 'CITY'),
('408988', 'CITY'),
('408989', 'CITY'),
('408990', 'CITY'),
('408991', 'CITY'),
('408992', 'CITY'),
('408993', 'CITY'),
('408994', 'CITY'),
('408995', 'CITY'),
('408996', 'CITY'),
('408997', 'CITY'),
('408998', 'CITY'),
('408999', 'CITY'),
('409000', 'CITY'),
('409001', 'CITY'),
('409002', 'CITY'),
('409003', 'CITY'),
('409004', 'CITY'),
('409005', 'CITY'),
('409006', 'CITY'),
('409007', 'CITY'),
('409008', 'CITY'),
('409009', 'CITY'),
('409010', 'CITY'),
('409011', 'CITY'),
('409012', 'CITY'),
('409013', 'CITY'),
('409014', 'CITY'),
('409015', 'CITY'),
('409016', 'CITY'),
('409017', 'CITY'),
('409018', 'CITY'),
('409019', 'CITY'),
('409020', 'CITY'),
('409021', 'CITY'),
('409022', 'CITY'),
('409023', 'CITY'),
('409024', 'CITY'),
('409025', 'CITY'),
('409026', 'CITY'),
('409027', 'CITY'),
('409028', 'CITY'),
('409029', 'CITY'),
('409030', 'CITY'),
('409031', 'CITY'),
('409032', 'CITY'),
('409033', 'CITY'),
('409034', 'CITY'),
('409035', 'CITY'),
('409036', 'CITY'),
('409037', 'CITY'),
('409038', 'CITY'),
('409039', 'CITY'),
('409040', 'CITY'),
('409041', 'CITY'),
('409042', 'CITY'),
('409043', 'CITY'),
('409044', 'CITY'),
('409045', 'CITY'),
('409046', 'CITY'),
('409047', 'CITY'),
('409048', 'CITY'),
('409049', 'CITY'),
('409050', 'CITY'),
('409051', 'CITY'),
('409052', 'CITY'),
('409053', 'CITY'),
('409054', 'CITY'),
('409055', 'CITY'),
('409056', 'CITY'),
('409057', 'CITY'),
('409058', 'CITY'),
('409059', 'CITY'),
('409060', 'CITY'),
('409061', 'CITY'),
('409062', 'CITY'),
('409063', 'CITY'),
('409064', 'CITY'),
('409065', 'CITY'),
('409066', 'CITY'),
('409067', 'CITY'),
('409068', 'CITY'),
('409069', 'CITY'),
('409070', 'CITY'),
('409071', 'CITY'),
('409072', 'CITY'),
('409073', 'CITY'),
('409074', 'CITY'),
('409075', 'CITY'),
('409076', 'CITY'),
('409077', 'CITY'),
('409078', 'CITY'),
('409079', 'CITY'),
('409080', 'CITY'),
('409081', 'CITY'),
('409082', 'CITY'),
('409083', 'CITY'),
('409084', 'CITY'),
('409085', 'CITY'),
('409086', 'CITY'),
('409087', 'CITY'),
('409088', 'CITY'),
('409089', 'CITY'),
('409090', 'CITY'),
('409091', 'CITY'),
('409092', 'CITY'),
('409093', 'CITY'),
('409094', 'CITY'),
('409095', 'CITY'),
('409096', 'CITY'),
('409097', 'CITY'),
('409098', 'CITY'),
('409099', 'CITY'),
('409100', 'CITY'),
('409101', 'CITY'),
('409102', 'CITY'),
('409103', 'CITY'),
('409104', 'CITY'),
('409105', 'CITY'),
('409106', 'CITY'),
('409107', 'CITY'),
('409108', 'CITY'),
('409109', 'CITY'),
('409110', 'CITY'),
('409111', 'CITY'),
('409112', 'CITY'),
('409113', 'CITY'),
('409114', 'CITY'),
('409115', 'CITY'),
('409116', 'CITY'),
('409117', 'CITY'),
('409118', 'CITY'),
('409119', 'CITY'),
('409120', 'CITY'),
('409121', 'CITY'),
('409122', 'CITY'),
('409123', 'CITY'),
('409124', 'CITY'),
('409125', 'CITY'),
('409126', 'CITY'),
('409127', 'CITY'),
('409128', 'CITY'),
('409129', 'CITY'),
('409130', 'CITY'),
('409131', 'CITY'),
('409132', 'CITY'),
('409133', 'CITY'),
('409134', 'CITY'),
('409135', 'CITY'),
('409136', 'CITY'),
('409137', 'CITY'),
('409138', 'CITY'),
('409139', 'CITY'),
('409140', 'CITY'),
('409141', 'CITY'),
('409142', 'CITY'),
('409143', 'CITY'),
('409144', 'CITY'),
('409145', 'CITY'),
('409146', 'CITY'),
('409147', 'CITY'),
('409148', 'CITY'),
('409149', 'CITY'),
('409150', 'CITY'),
('409151', 'CITY'),
('409152', 'CITY'),
('409153', 'CITY'),
('409154', 'CITY'),
('409155', 'CITY'),
('409156', 'CITY'),
('409157', 'CITY'),
('409158', 'CITY'),
('409159', 'CITY'),
('409160', 'CITY'),
('409161', 'CITY'),
('409162', 'CITY'),
('409163', 'CITY'),
('409164', 'CITY'),
('409165', 'CITY'),
('409166', 'CITY'),
('409167', 'CITY'),
('409168', 'CITY'),
('409169', 'CITY'),
('409170', 'CITY'),
('409171', 'CITY'),
('409172', 'CITY'),
('409173', 'CITY'),
('409174', 'CITY'),
('409175', 'CITY'),
('409176', 'CITY'),
('409177', 'CITY'),
('409178', 'CITY'),
('409179', 'CITY'),
('409180', 'CITY'),
('409181', 'CITY'),
('409182', 'CITY'),
('409183', 'CITY'),
('409184', 'CITY'),
('409185', 'CITY'),
('409186', 'CITY'),
('409187', 'CITY'),
('409188', 'CITY'),
('409189', 'CITY'),
('409190', 'CITY'),
('409191', 'CITY'),
('409192', 'CITY'),
('409193', 'CITY'),
('409194', 'CITY'),
('409195', 'CITY'),
('409196', 'CITY'),
('409197', 'CITY'),
('781839', 'REGION'),
('781840', 'REGION'),
('781841', 'REGION'),
('781842', 'REGION'),
('781843', 'REGION'),
('781844', 'REGION'),
('781845', 'REGION'),
('781846', 'REGION'),
('781847', 'REGION'),
('781848', 'REGION'),
('781849', 'REGION'),
('781850', 'REGION'),
('781851', 'REGION'),
('781852', 'REGION'),
('781853', 'REGION'),
('781854', 'REGION'),
('781855', 'REGION'),
('781856', 'REGION'),
('781857', 'REGION'),
('781858', 'REGION'),
('781859', 'REGION'),
('781860', 'REGION'),
('781861', 'REGION'),
('781862', 'REGION'),
('781863', 'REGION'),
('781864', 'REGION'),
('781865', 'REGION'),
('781866', 'REGION'),
('781867', 'REGION'),
('781868', 'REGION'),
('781869', 'REGION'),
('781870', 'REGION'),
('781871', 'REGION'),
('781872', 'REGION'),
('781873', 'REGION'),
('781874', 'REGION'),
('781875', 'REGION'),
('781876', 'REGION'),
('781877', 'REGION'),
('781878', 'REGION'),
('781879', 'REGION'),
('781880', 'REGION'),
('781881', 'REGION'),
('781882', 'REGION'),
('781883', 'REGION'),
('781884', 'REGION'),
('781885', 'REGION'),
('781886', 'REGION'),
('781887', 'REGION'),
('781888', 'REGION'),
('781889', 'REGION'),
('781890', 'REGION'),
('781891', 'REGION'),
('781892', 'REGION'),
('781893', 'REGION'),
('781894', 'REGION'),
('781895', 'REGION'),
('781896', 'REGION'),
('781897', 'REGION'),
('781898', 'REGION'),
('781899', 'REGION'),
('781900', 'REGION'),
('781901', 'REGION'),
('781902', 'REGION'),
('781903', 'REGION'),
('781904', 'REGION'),
('781905', 'REGION'),
('781906', 'REGION'),
('781907', 'REGION'),
('781908', 'REGION'),
('781909', 'REGION'),
('781910', 'REGION'),
('781911', 'REGION'),
('781912', 'REGION'),
('781913', 'REGION'),
('781914', 'REGION'),
('781915', 'REGION'),
('781916', 'REGION'),
('781917', 'REGION'),
('781918', 'REGION'),
('781919', 'REGION'),
('781920', 'REGION'),
('781921', 'REGION'),
('781922', 'REGION'),
('781923', 'REGION'),
('781924', 'REGION'),
('781925', 'REGION'),
('RU', 'COUNTRY');

-- --------------------------------------------------------

--
-- Структура таблицы `oc_t_log`
--

CREATE TABLE `oc_t_log` (
  `dt_date` datetime NOT NULL,
  `s_section` varchar(50) NOT NULL,
  `s_action` varchar(50) NOT NULL,
  `fk_i_id` int(10) UNSIGNED NOT NULL,
  `s_data` varchar(250) NOT NULL,
  `s_ip` varchar(50) NOT NULL,
  `s_who` varchar(50) NOT NULL,
  `fk_i_who_id` int(10) UNSIGNED NOT NULL
) ENGINE=InnoDB DEFAULT CHARSET=utf8;

--
-- Дамп данных таблицы `oc_t_log`
--

INSERT INTO `oc_t_log` (`dt_date`, `s_section`, `s_action`, `fk_i_id`, `s_data`, `s_ip`, `s_who`, `fk_i_who_id`) VALUES
('2017-10-31 09:09:12', 'item', 'add', 1, 'Example Ad', '127.0.0.1', 'admin', 1),
('2018-01-15 15:06:46', 'itemActions', 'deleteResourcesFromHD', 1, '1', '127.0.0.1', 'admin', 1),
('2018-01-15 15:06:46', 'itemActions', 'deleteResourcesFromHD', 1, '', '127.0.0.1', 'admin', 1),
('2018-01-16 12:45:28', 'item', 'add', 1, 'Новая вилла в Марбейе', '127.0.0.1', 'admin', 1),
('2018-01-16 12:53:00', 'item', 'edit', 1, 'Новая вилла в Марбейе', '127.0.0.1', 'admin', 1),
('2018-01-16 13:42:29', 'item', 'edit', 1, 'Новая вилла в Марбейе', '127.0.0.1', 'admin', 1),
('2018-01-16 13:48:46', 'item', 'edit', 1, 'Новая вилла в Марбейе', '127.0.0.1', 'admin', 1),
('2018-01-16 13:49:26', 'item', 'edit', 1, 'Новая вилла в Марбейе', '127.0.0.1', 'admin', 1),
('2018-01-16 15:12:48', 'item', 'edit', 1, 'Новая вилла в Марбейе', '127.0.0.1', 'admin', 1),
('2018-01-16 15:28:07', 'item', 'add', 2, 'Вилла в Бенидорме', '127.0.0.1', 'admin', 1),
('2018-01-16 16:11:47', 'item', 'add', 3, 'Роскошная вилла в Марбейе', '127.0.0.1', 'admin', 1),
('2018-01-17 15:30:00', 'item', 'edit', 3, 'Роскошная вилла в Марбейе', '127.0.0.1', 'admin', 1),
('2018-01-17 15:34:01', 'item', 'edit', 3, 'Роскошная вилла в Марбейе', '127.0.0.1', 'admin', 1),
('2018-01-22 11:20:02', 'item', 'add', 4, 'Цум 1в2/2/4 евролюкс новая не кто не жил', '127.0.0.1', 'admin', 1),
('2018-01-22 12:12:24', 'item', 'add', 5, 'Ц5 3/1/4 евролюкс фото реально', '127.0.0.1', 'admin', 1),
('2018-01-22 12:19:50', 'item', 'delete', 4, 'Цум 1в2/2/4 евролюкс новая не кто не жил', '127.0.0.1', 'admin', 1),
('2018-01-22 12:19:51', 'itemActions', 'deleteResourcesFromHD', 4, '4', '127.0.0.1', 'admin', 1),
('2018-01-22 12:19:51', 'item', 'delete resource', 5, '5', '127.0.0.1', 'admin', 1),
('2018-01-22 12:19:51', 'item', 'delete resource backtrace', 5, '#0 osc_deleteResource called@ [/home/ivan/domains/nord/oc-includes/osclass/ItemActions.php:813] / #1 deleteResourcesFromHD called@ [/home/ivan/domains/nord/oc-includes/osclass/model/Item.php:967] / #2 deleteByPrimaryKey called@ [/home/ivan/domains/no', '127.0.0.1', 'admin', 1),
('2018-01-22 12:19:51', 'itemActions', 'deleteResourcesFromHD', 4, '5,', '127.0.0.1', 'admin', 1),
('2018-01-22 12:19:54', 'item', 'delete', 3, 'Роскошная вилла в Марбейе', '127.0.0.1', 'admin', 1),
('2018-01-22 12:19:54', 'itemActions', 'deleteResourcesFromHD', 3, '3', '127.0.0.1', 'admin', 1),
('2018-01-22 12:19:54', 'item', 'delete resource', 4, '4', '127.0.0.1', 'admin', 1),
('2018-01-22 12:19:54', 'item', 'delete resource backtrace', 4, '#0 osc_deleteResource called@ [/home/ivan/domains/nord/oc-includes/osclass/ItemActions.php:813] / #1 deleteResourcesFromHD called@ [/home/ivan/domains/nord/oc-includes/osclass/model/Item.php:967] / #2 deleteByPrimaryKey called@ [/home/ivan/domains/no', '127.0.0.1', 'admin', 1),
('2018-01-22 12:19:54', 'itemActions', 'deleteResourcesFromHD', 3, '4,', '127.0.0.1', 'admin', 1),
('2018-01-22 12:19:58', 'item', 'delete', 2, 'Вилла в Бенидорме', '127.0.0.1', 'admin', 1),
('2018-01-22 12:19:58', 'itemActions', 'deleteResourcesFromHD', 2, '2', '127.0.0.1', 'admin', 1),
('2018-01-22 12:19:58', 'item', 'delete resource', 2, '2', '127.0.0.1', 'admin', 1),
('2018-01-22 12:19:58', 'item', 'delete resource backtrace', 2, '#0 osc_deleteResource called@ [/home/ivan/domains/nord/oc-includes/osclass/ItemActions.php:813] / #1 deleteResourcesFromHD called@ [/home/ivan/domains/nord/oc-includes/osclass/model/Item.php:967] / #2 deleteByPrimaryKey called@ [/home/ivan/domains/no', '127.0.0.1', 'admin', 1),
('2018-01-22 12:19:58', 'item', 'delete resource', 3, '3', '127.0.0.1', 'admin', 1),
('2018-01-22 12:19:58', 'item', 'delete resource backtrace', 3, '#0 osc_deleteResource called@ [/home/ivan/domains/nord/oc-includes/osclass/ItemActions.php:813] / #1 deleteResourcesFromHD called@ [/home/ivan/domains/nord/oc-includes/osclass/model/Item.php:967] / #2 deleteByPrimaryKey called@ [/home/ivan/domains/no', '127.0.0.1', 'admin', 1),
('2018-01-22 12:19:58', 'itemActions', 'deleteResourcesFromHD', 2, '2,3,', '127.0.0.1', 'admin', 1),
('2018-01-22 12:20:01', 'item', 'delete', 1, 'Новая вилла в Марбейе', '127.0.0.1', 'admin', 1),
('2018-01-22 12:20:01', 'itemActions', 'deleteResourcesFromHD', 1, '1', '127.0.0.1', 'admin', 1),
('2018-01-22 12:20:01', 'item', 'delete resource', 1, '1', '127.0.0.1', 'admin', 1),
('2018-01-22 12:20:01', 'item', 'delete resource backtrace', 1, '#0 osc_deleteResource called@ [/home/ivan/domains/nord/oc-includes/osclass/ItemActions.php:813] / #1 deleteResourcesFromHD called@ [/home/ivan/domains/nord/oc-includes/osclass/model/Item.php:967] / #2 deleteByPrimaryKey called@ [/home/ivan/domains/no', '127.0.0.1', 'admin', 1),
('2018-01-22 12:20:01', 'itemActions', 'deleteResourcesFromHD', 1, '1,', '127.0.0.1', 'admin', 1),
('2018-01-22 12:20:21', 'item', 'delete resource', 6, '6', '127.0.0.1', 'user', 0),
('2018-01-22 12:20:21', 'item', 'delete resource backtrace', 6, '#0 osc_deleteResource called@ [/home/ivan/domains/nord/oc-includes/osclass/controller/ajax.php:147] / #1 doModel called@ [/home/ivan/domains/nord/index.php:117] / ', '127.0.0.1', 'user', 0),
('2018-01-22 12:20:21', 'ajax', 'deleteimage', 6, '6', '127.0.0.1', 'user', 0),
('2018-01-22 12:20:29', 'item', 'edit', 5, 'Ц5 3/1/4 евролюкс фото реально', '127.0.0.1', 'admin', 1),
('2018-01-22 12:23:31', 'item', 'add', 6, 'Евро квартиры с мебелью и техникой', '127.0.0.1', 'admin', 1),
('2018-01-22 12:25:04', 'item', 'add', 7, 'Продается 2/1/2 Зоопарк, монетный двор', '127.0.0.1', 'admin', 1),
('2018-01-22 12:27:01', 'item', 'add', 8, 'Чиланзар 26кв 3/2/5 кирпич балкон 2х6 раздельно срочно продаю', '127.0.0.1', 'admin', 1),
('2018-01-22 12:27:38', 'item', 'edit', 8, 'Чиланзар 26кв 3/2/5 кирпич балкон 2х6 раздельно срочно продаю', '127.0.0.1', 'admin', 1),
('2018-01-22 12:51:13', 'item', 'edit', 8, 'Чиланзар 26кв 3/2/5 кирпич балкон 2х6 раздельно срочно продаю', '127.0.0.1', 'admin', 1),
('2018-01-22 13:01:09', 'item', 'add', 9, '2/5/7 Ц-1 Новостройка Габус ул. Садика Азимова', '127.0.0.1', 'admin', 1),
('2018-01-22 13:33:36', 'item', 'add', 10, '3 ком кирпич 70м2 Буюк Ипак Йули Аптека 36,6', '127.0.0.1', 'admin', 1),
('2018-01-22 13:34:54', 'item', 'edit', 10, '3 ком кирпич 70м2 Буюк Ипак Йули Аптека 36,6', '127.0.0.1', 'admin', 1),
('2018-01-22 13:45:06', 'item', 'add', 11, 'Продается квартира на Паркентском', '127.0.0.1', 'admin', 1),
('2018-01-22 13:49:31', 'item', 'add', 12, 'Продам квартиру на Ц5', '127.0.0.1', 'admin', 1),
('2018-01-22 15:16:53', 'item', 'edit', 12, 'Продам квартиру на Ц5', '127.0.0.1', 'admin', 1),
('2018-01-24 15:23:46', 'item', 'edit', 12, 'Продам квартиру на Ц5', '127.0.0.1', 'admin', 1),
('2018-01-29 15:12:40', 'item', 'add', 13, 'Своя 3-х переделанная в 4-х комнатную (центр города, спальный район)', '127.0.0.1', 'admin', 1),
('2018-01-29 15:14:18', 'item', 'add', 14, 'Евролюкс размещение в центре! Парочкам не звонить', '127.0.0.1', 'admin', 1),
('2018-01-29 15:15:25', 'item', 'edit', 12, 'Продам квартиру на Ц5', '127.0.0.1', 'admin', 1),
('2018-01-30 12:13:58', 'item', 'edit', 14, 'Евролюкс размещение в центре! Парочкам не звонить', '127.0.0.1', 'admin', 1),
('2018-01-30 13:25:01', 'item', 'edit', 14, 'Евролюкс размещение в центре! Парочкам не звонить', '127.0.0.1', 'admin', 1),
('2018-01-31 10:18:24', 'item', 'edit', 14, 'Евролюкс размещение в центре! Парочкам не звонить', '127.0.0.1', 'admin', 1),
('2018-01-31 10:33:39', 'item', 'edit', 14, 'Евролюкс размещение в центре! Парочкам не звонить', '127.0.0.1', 'admin', 1),
('2018-01-31 12:14:11', 'item', 'edit', 14, 'Евролюкс размещение в центре! Парочкам не звонить', '127.0.0.1', 'admin', 1),
('2018-01-31 12:16:31', 'item', 'delete resource', 20, '20', '127.0.0.1', 'user', 0),
('2018-01-31 12:16:31', 'item', 'delete resource backtrace', 20, '#0 osc_deleteResource called@ [/home/ivan/domains/nord/oc-includes/osclass/controller/ajax.php:147] / #1 doModel called@ [/home/ivan/domains/nord/index.php:117] / ', '127.0.0.1', 'user', 0),
('2018-01-31 12:16:31', 'ajax', 'deleteimage', 20, '20', '127.0.0.1', 'user', 0),
('2018-01-31 12:17:10', 'item', 'edit', 14, 'Евролюкс размещение в центре! Парочкам не звонить', '127.0.0.1', 'admin', 1),
('2018-01-31 12:18:53', 'item', 'delete resource', 18, '18', '127.0.0.1', 'user', 0),
('2018-01-31 12:18:53', 'item', 'delete resource backtrace', 18, '#0 osc_deleteResource called@ [/home/ivan/domains/nord/oc-includes/osclass/controller/ajax.php:147] / #1 doModel called@ [/home/ivan/domains/nord/index.php:117] / ', '127.0.0.1', 'user', 0),
('2018-01-31 12:18:53', 'ajax', 'deleteimage', 18, '18', '127.0.0.1', 'user', 0),
('2018-01-31 12:18:57', 'item', 'delete resource', 22, '22', '127.0.0.1', 'user', 0),
('2018-01-31 12:18:57', 'item', 'delete resource backtrace', 22, '#0 osc_deleteResource called@ [/home/ivan/domains/nord/oc-includes/osclass/controller/ajax.php:147] / #1 doModel called@ [/home/ivan/domains/nord/index.php:117] / ', '127.0.0.1', 'user', 0),
('2018-01-31 12:18:57', 'ajax', 'deleteimage', 22, '22', '127.0.0.1', 'user', 0),
('2018-01-31 12:19:12', 'item', 'edit', 14, 'Евролюкс размещение в центре! Парочкам не звонить', '127.0.0.1', 'admin', 1),
('2018-01-31 14:07:37', 'item', 'edit', 14, 'Евролюкс размещение в центре! Парочкам не звонить', '127.0.0.1', 'admin', 1),
('2018-01-31 14:09:06', 'item', 'edit', 14, 'Евролюкс размещение в центре! Парочкам не звонить', '127.0.0.1', 'admin', 1),
('2018-01-31 14:34:25', 'item', 'edit', 14, 'Евролюкс размещение в центре! Парочкам не звонить', '127.0.0.1', 'admin', 1),
('2018-01-31 14:37:12', 'item', 'edit', 14, 'Евролюкс размещение в центре! Парочкам не звонить', '127.0.0.1', 'admin', 1),
('2018-02-14 11:24:12', 'item', 'edit', 14, 'Евролюкс размещение в центре! Парочкам не звонить', '127.0.0.1', 'admin', 1),
('2018-02-20 15:21:58', 'item', 'add', 121, '0', '127.0.0.1', 'admin', 1),
('2018-02-21 12:32:58', 'item', 'edit', 121, '0', '127.0.0.1', 'admin', 1),
('2018-02-21 12:34:47', 'item', 'edit', 121, '0', '127.0.0.1', 'admin', 1),
('2018-02-21 14:21:13', 'item', 'edit', 121, '0', '127.0.0.1', 'admin', 1),
('2018-02-21 14:41:11', 'item', 'delete', 14, 'Евролюкс размещение в центре! Парочкам не звонить', '127.0.0.1', 'admin', 1),
('2018-02-21 14:41:11', 'itemActions', 'deleteResourcesFromHD', 14, '14', '127.0.0.1', 'admin', 1),
('2018-02-21 14:41:11', 'item', 'delete resource', 16, '16', '127.0.0.1', 'admin', 1),
('2018-02-21 14:41:11', 'item', 'delete resource backtrace', 16, '#0 osc_deleteResource called@ [/home/ivan/domains/nord/oc-includes/osclass/ItemActions.php:869] / #1 deleteResourcesFromHD called@ [/home/ivan/domains/nord/oc-includes/osclass/model/Item.php:1017] / #2 deleteByPrimaryKey called@ [/home/ivan/domains/n', '127.0.0.1', 'admin', 1),
('2018-02-21 14:41:11', 'item', 'delete resource', 17, '17', '127.0.0.1', 'admin', 1),
('2018-02-21 14:41:12', 'item', 'delete resource backtrace', 17, '#0 osc_deleteResource called@ [/home/ivan/domains/nord/oc-includes/osclass/ItemActions.php:869] / #1 deleteResourcesFromHD called@ [/home/ivan/domains/nord/oc-includes/osclass/model/Item.php:1017] / #2 deleteByPrimaryKey called@ [/home/ivan/domains/n', '127.0.0.1', 'admin', 1),
('2018-02-21 14:41:12', 'item', 'delete resource', 19, '19', '127.0.0.1', 'admin', 1),
('2018-02-21 14:41:12', 'item', 'delete resource backtrace', 19, '#0 osc_deleteResource called@ [/home/ivan/domains/nord/oc-includes/osclass/ItemActions.php:869] / #1 deleteResourcesFromHD called@ [/home/ivan/domains/nord/oc-includes/osclass/model/Item.php:1017] / #2 deleteByPrimaryKey called@ [/home/ivan/domains/n', '127.0.0.1', 'admin', 1),
('2018-02-21 14:41:12', 'item', 'delete resource', 21, '21', '127.0.0.1', 'admin', 1),
('2018-02-21 14:41:12', 'item', 'delete resource backtrace', 21, '#0 osc_deleteResource called@ [/home/ivan/domains/nord/oc-includes/osclass/ItemActions.php:869] / #1 deleteResourcesFromHD called@ [/home/ivan/domains/nord/oc-includes/osclass/model/Item.php:1017] / #2 deleteByPrimaryKey called@ [/home/ivan/domains/n', '127.0.0.1', 'admin', 1),
('2018-02-21 14:41:12', 'item', 'delete resource', 23, '23', '127.0.0.1', 'admin', 1),
('2018-02-21 14:41:12', 'item', 'delete resource backtrace', 23, '#0 osc_deleteResource called@ [/home/ivan/domains/nord/oc-includes/osclass/ItemActions.php:869] / #1 deleteResourcesFromHD called@ [/home/ivan/domains/nord/oc-includes/osclass/model/Item.php:1017] / #2 deleteByPrimaryKey called@ [/home/ivan/domains/n', '127.0.0.1', 'admin', 1),
('2018-02-21 14:41:12', 'item', 'delete resource', 24, '24', '127.0.0.1', 'admin', 1),
('2018-02-21 14:41:12', 'item', 'delete resource backtrace', 24, '#0 osc_deleteResource called@ [/home/ivan/domains/nord/oc-includes/osclass/ItemActions.php:869] / #1 deleteResourcesFromHD called@ [/home/ivan/domains/nord/oc-includes/osclass/model/Item.php:1017] / #2 deleteByPrimaryKey called@ [/home/ivan/domains/n', '127.0.0.1', 'admin', 1),
('2018-02-21 14:41:12', 'itemActions', 'deleteResourcesFromHD', 14, '16,17,19,21,23,24,', '127.0.0.1', 'admin', 1),
('2018-02-21 14:41:12', 'item', 'delete', 13, 'Своя 3-х переделанная в 4-х комнатную (центр города, спальный район)', '127.0.0.1', 'admin', 1),
('2018-02-21 14:41:12', 'itemActions', 'deleteResourcesFromHD', 13, '13', '127.0.0.1', 'admin', 1),
('2018-02-21 14:41:12', 'item', 'delete resource', 15, '15', '127.0.0.1', 'admin', 1),
('2018-02-21 14:41:12', 'item', 'delete resource backtrace', 15, '#0 osc_deleteResource called@ [/home/ivan/domains/nord/oc-includes/osclass/ItemActions.php:869] / #1 deleteResourcesFromHD called@ [/home/ivan/domains/nord/oc-includes/osclass/model/Item.php:1017] / #2 deleteByPrimaryKey called@ [/home/ivan/domains/n', '127.0.0.1', 'admin', 1),
('2018-02-21 14:41:12', 'itemActions', 'deleteResourcesFromHD', 13, '15,', '127.0.0.1', 'admin', 1),
('2018-02-21 14:41:13', 'item', 'delete', 12, 'Продам квартиру на Ц5', '127.0.0.1', 'admin', 1),
('2018-02-21 14:41:13', 'itemActions', 'deleteResourcesFromHD', 12, '12', '127.0.0.1', 'admin', 1),
('2018-02-21 14:41:13', 'item', 'delete resource', 14, '14', '127.0.0.1', 'admin', 1),
('2018-02-21 14:41:13', 'item', 'delete resource backtrace', 14, '#0 osc_deleteResource called@ [/home/ivan/domains/nord/oc-includes/osclass/ItemActions.php:869] / #1 deleteResourcesFromHD called@ [/home/ivan/domains/nord/oc-includes/osclass/model/Item.php:1017] / #2 deleteByPrimaryKey called@ [/home/ivan/domains/n', '127.0.0.1', 'admin', 1),
('2018-02-21 14:41:13', 'itemActions', 'deleteResourcesFromHD', 12, '14,', '127.0.0.1', 'admin', 1),
('2018-02-21 14:41:13', 'item', 'delete', 11, 'Продается квартира на Паркентском', '127.0.0.1', 'admin', 1),
('2018-02-21 14:41:14', 'itemActions', 'deleteResourcesFromHD', 11, '11', '127.0.0.1', 'admin', 1),
('2018-02-21 14:41:14', 'item', 'delete resource', 13, '13', '127.0.0.1', 'admin', 1),
('2018-02-21 14:41:14', 'item', 'delete resource backtrace', 13, '#0 osc_deleteResource called@ [/home/ivan/domains/nord/oc-includes/osclass/ItemActions.php:869] / #1 deleteResourcesFromHD called@ [/home/ivan/domains/nord/oc-includes/osclass/model/Item.php:1017] / #2 deleteByPrimaryKey called@ [/home/ivan/domains/n', '127.0.0.1', 'admin', 1),
('2018-02-21 14:41:14', 'itemActions', 'deleteResourcesFromHD', 11, '13,', '127.0.0.1', 'admin', 1),
('2018-02-21 14:41:14', 'item', 'delete', 10, '3 ком кирпич 70м2 Буюк Ипак Йули Аптека 36,6', '127.0.0.1', 'admin', 1),
('2018-02-21 14:41:14', 'itemActions', 'deleteResourcesFromHD', 10, '10', '127.0.0.1', 'admin', 1),
('2018-02-21 14:41:14', 'item', 'delete resource', 12, '12', '127.0.0.1', 'admin', 1),
('2018-02-21 14:41:14', 'item', 'delete resource backtrace', 12, '#0 osc_deleteResource called@ [/home/ivan/domains/nord/oc-includes/osclass/ItemActions.php:869] / #1 deleteResourcesFromHD called@ [/home/ivan/domains/nord/oc-includes/osclass/model/Item.php:1017] / #2 deleteByPrimaryKey called@ [/home/ivan/domains/n', '127.0.0.1', 'admin', 1),
('2018-02-21 14:41:14', 'itemActions', 'deleteResourcesFromHD', 10, '12,', '127.0.0.1', 'admin', 1),
('2018-02-21 14:41:14', 'item', 'delete', 9, '2/5/7 Ц-1 Новостройка Габус ул. Садика Азимова', '127.0.0.1', 'admin', 1),
('2018-02-21 14:41:15', 'itemActions', 'deleteResourcesFromHD', 9, '9', '127.0.0.1', 'admin', 1),
('2018-02-21 14:41:15', 'item', 'delete resource', 11, '11', '127.0.0.1', 'admin', 1),
('2018-02-21 14:41:15', 'item', 'delete resource backtrace', 11, '#0 osc_deleteResource called@ [/home/ivan/domains/nord/oc-includes/osclass/ItemActions.php:869] / #1 deleteResourcesFromHD called@ [/home/ivan/domains/nord/oc-includes/osclass/model/Item.php:1017] / #2 deleteByPrimaryKey called@ [/home/ivan/domains/n', '127.0.0.1', 'admin', 1),
('2018-02-21 14:41:15', 'itemActions', 'deleteResourcesFromHD', 9, '11,', '127.0.0.1', 'admin', 1),
('2018-02-21 14:41:15', 'item', 'delete', 8, 'Чиланзар 26кв 3/2/5 кирпич балкон 2х6 раздельно срочно продаю', '127.0.0.1', 'admin', 1),
('2018-02-21 14:41:15', 'itemActions', 'deleteResourcesFromHD', 8, '8', '127.0.0.1', 'admin', 1),
('2018-02-21 14:41:15', 'item', 'delete resource', 10, '10', '127.0.0.1', 'admin', 1),
('2018-02-21 14:41:15', 'item', 'delete resource backtrace', 10, '#0 osc_deleteResource called@ [/home/ivan/domains/nord/oc-includes/osclass/ItemActions.php:869] / #1 deleteResourcesFromHD called@ [/home/ivan/domains/nord/oc-includes/osclass/model/Item.php:1017] / #2 deleteByPrimaryKey called@ [/home/ivan/domains/n', '127.0.0.1', 'admin', 1),
('2018-02-21 14:41:15', 'itemActions', 'deleteResourcesFromHD', 8, '10,', '127.0.0.1', 'admin', 1),
('2018-02-21 14:41:15', 'item', 'delete', 7, 'Продается 2/1/2 Зоопарк, монетный двор', '127.0.0.1', 'admin', 1),
('2018-02-21 14:41:16', 'itemActions', 'deleteResourcesFromHD', 7, '7', '127.0.0.1', 'admin', 1),
('2018-02-21 14:41:16', 'item', 'delete resource', 9, '9', '127.0.0.1', 'admin', 1),
('2018-02-21 14:41:16', 'item', 'delete resource backtrace', 9, '#0 osc_deleteResource called@ [/home/ivan/domains/nord/oc-includes/osclass/ItemActions.php:869] / #1 deleteResourcesFromHD called@ [/home/ivan/domains/nord/oc-includes/osclass/model/Item.php:1017] / #2 deleteByPrimaryKey called@ [/home/ivan/domains/n', '127.0.0.1', 'admin', 1),
('2018-02-21 14:41:16', 'itemActions', 'deleteResourcesFromHD', 7, '9,', '127.0.0.1', 'admin', 1),
('2018-02-21 14:41:16', 'item', 'delete', 6, 'Евро квартиры с мебелью и техникой', '127.0.0.1', 'admin', 1),
('2018-02-21 14:41:16', 'itemActions', 'deleteResourcesFromHD', 6, '6', '127.0.0.1', 'admin', 1),
('2018-02-21 14:41:16', 'item', 'delete resource', 8, '8', '127.0.0.1', 'admin', 1),
('2018-02-21 14:41:16', 'item', 'delete resource backtrace', 8, '#0 osc_deleteResource called@ [/home/ivan/domains/nord/oc-includes/osclass/ItemActions.php:869] / #1 deleteResourcesFromHD called@ [/home/ivan/domains/nord/oc-includes/osclass/model/Item.php:1017] / #2 deleteByPrimaryKey called@ [/home/ivan/domains/n', '127.0.0.1', 'admin', 1),
('2018-02-21 14:41:16', 'itemActions', 'deleteResourcesFromHD', 6, '8,', '127.0.0.1', 'admin', 1),
('2018-02-21 14:41:16', 'item', 'delete', 5, 'Ц5 3/1/4 евролюкс фото реально', '127.0.0.1', 'admin', 1),
('2018-02-21 14:41:17', 'itemActions', 'deleteResourcesFromHD', 5, '5', '127.0.0.1', 'admin', 1),
('2018-02-21 14:41:17', 'item', 'delete resource', 7, '7', '127.0.0.1', 'admin', 1),
('2018-02-21 14:41:17', 'item', 'delete resource backtrace', 7, '#0 osc_deleteResource called@ [/home/ivan/domains/nord/oc-includes/osclass/ItemActions.php:869] / #1 deleteResourcesFromHD called@ [/home/ivan/domains/nord/oc-includes/osclass/model/Item.php:1017] / #2 deleteByPrimaryKey called@ [/home/ivan/domains/n', '127.0.0.1', 'admin', 1),
('2018-02-21 14:41:17', 'itemActions', 'deleteResourcesFromHD', 5, '7,', '127.0.0.1', 'admin', 1),
('2018-02-21 14:41:22', 'item', 'delete', 121, '4-комнатная квартира, 116 м2', '127.0.0.1', 'admin', 1),
('2018-02-21 14:41:22', 'itemActions', 'deleteResourcesFromHD', 121, '121', '127.0.0.1', 'admin', 1),
('2018-02-21 14:41:22', 'item', 'delete resource', 25, '25', '127.0.0.1', 'admin', 1),
('2018-02-21 14:41:22', 'item', 'delete resource backtrace', 25, '#0 osc_deleteResource called@ [/home/ivan/domains/nord/oc-includes/osclass/ItemActions.php:869] / #1 deleteResourcesFromHD called@ [/home/ivan/domains/nord/oc-includes/osclass/model/Item.php:1017] / #2 deleteByPrimaryKey called@ [/home/ivan/domains/n', '127.0.0.1', 'admin', 1),
('2018-02-21 14:41:22', 'item', 'delete resource', 26, '26', '127.0.0.1', 'admin', 1),
('2018-02-21 14:41:22', 'item', 'delete resource backtrace', 26, '#0 osc_deleteResource called@ [/home/ivan/domains/nord/oc-includes/osclass/ItemActions.php:869] / #1 deleteResourcesFromHD called@ [/home/ivan/domains/nord/oc-includes/osclass/model/Item.php:1017] / #2 deleteByPrimaryKey called@ [/home/ivan/domains/n', '127.0.0.1', 'admin', 1),
('2018-02-21 14:41:23', 'item', 'delete resource', 27, '27', '127.0.0.1', 'admin', 1),
('2018-02-21 14:41:23', 'item', 'delete resource backtrace', 27, '#0 osc_deleteResource called@ [/home/ivan/domains/nord/oc-includes/osclass/ItemActions.php:869] / #1 deleteResourcesFromHD called@ [/home/ivan/domains/nord/oc-includes/osclass/model/Item.php:1017] / #2 deleteByPrimaryKey called@ [/home/ivan/domains/n', '127.0.0.1', 'admin', 1),
('2018-02-21 14:41:23', 'item', 'delete resource', 28, '28', '127.0.0.1', 'admin', 1),
('2018-02-21 14:41:23', 'item', 'delete resource backtrace', 28, '#0 osc_deleteResource called@ [/home/ivan/domains/nord/oc-includes/osclass/ItemActions.php:869] / #1 deleteResourcesFromHD called@ [/home/ivan/domains/nord/oc-includes/osclass/model/Item.php:1017] / #2 deleteByPrimaryKey called@ [/home/ivan/domains/n', '127.0.0.1', 'admin', 1),
('2018-02-21 14:41:23', 'item', 'delete resource', 29, '29', '127.0.0.1', 'admin', 1),
('2018-02-21 14:41:23', 'item', 'delete resource backtrace', 29, '#0 osc_deleteResource called@ [/home/ivan/domains/nord/oc-includes/osclass/ItemActions.php:869] / #1 deleteResourcesFromHD called@ [/home/ivan/domains/nord/oc-includes/osclass/model/Item.php:1017] / #2 deleteByPrimaryKey called@ [/home/ivan/domains/n', '127.0.0.1', 'admin', 1),
('2018-02-21 14:41:23', 'item', 'delete resource', 30, '30', '127.0.0.1', 'admin', 1),
('2018-02-21 14:41:23', 'item', 'delete resource backtrace', 30, '#0 osc_deleteResource called@ [/home/ivan/domains/nord/oc-includes/osclass/ItemActions.php:869] / #1 deleteResourcesFromHD called@ [/home/ivan/domains/nord/oc-includes/osclass/model/Item.php:1017] / #2 deleteByPrimaryKey called@ [/home/ivan/domains/n', '127.0.0.1', 'admin', 1),
('2018-02-21 14:41:23', 'item', 'delete resource', 31, '31', '127.0.0.1', 'admin', 1),
('2018-02-21 14:41:23', 'item', 'delete resource backtrace', 31, '#0 osc_deleteResource called@ [/home/ivan/domains/nord/oc-includes/osclass/ItemActions.php:869] / #1 deleteResourcesFromHD called@ [/home/ivan/domains/nord/oc-includes/osclass/model/Item.php:1017] / #2 deleteByPrimaryKey called@ [/home/ivan/domains/n', '127.0.0.1', 'admin', 1),
('2018-02-21 14:41:23', 'item', 'delete resource', 32, '32', '127.0.0.1', 'admin', 1),
('2018-02-21 14:41:23', 'item', 'delete resource backtrace', 32, '#0 osc_deleteResource called@ [/home/ivan/domains/nord/oc-includes/osclass/ItemActions.php:869] / #1 deleteResourcesFromHD called@ [/home/ivan/domains/nord/oc-includes/osclass/model/Item.php:1017] / #2 deleteByPrimaryKey called@ [/home/ivan/domains/n', '127.0.0.1', 'admin', 1),
('2018-02-21 14:41:23', 'item', 'delete resource', 33, '33', '127.0.0.1', 'admin', 1),
('2018-02-21 14:41:23', 'item', 'delete resource backtrace', 33, '#0 osc_deleteResource called@ [/home/ivan/domains/nord/oc-includes/osclass/ItemActions.php:869] / #1 deleteResourcesFromHD called@ [/home/ivan/domains/nord/oc-includes/osclass/model/Item.php:1017] / #2 deleteByPrimaryKey called@ [/home/ivan/domains/n', '127.0.0.1', 'admin', 1),
('2018-02-21 14:41:23', 'item', 'delete resource', 34, '34', '127.0.0.1', 'admin', 1),
('2018-02-21 14:41:23', 'item', 'delete resource backtrace', 34, '#0 osc_deleteResource called@ [/home/ivan/domains/nord/oc-includes/osclass/ItemActions.php:869] / #1 deleteResourcesFromHD called@ [/home/ivan/domains/nord/oc-includes/osclass/model/Item.php:1017] / #2 deleteByPrimaryKey called@ [/home/ivan/domains/n', '127.0.0.1', 'admin', 1),
('2018-02-21 14:41:23', 'itemActions', 'deleteResourcesFromHD', 121, '25,26,27,28,29,30,31,32,33,34,', '127.0.0.1', 'admin', 1),
('2018-02-21 15:13:46', 'item', 'add', 12, '0', '127.0.0.1', 'admin', 1),
('2018-02-21 15:13:51', 'item', 'add', 14, '0', '127.0.0.1', 'admin', 1),
('2018-02-21 15:14:15', 'item', 'add', 15, '0', '127.0.0.1', 'admin', 1),
('2018-02-21 15:25:07', 'item', 'delete resource', 7, '7', '127.0.0.1', 'user', 0),
('2018-02-21 15:25:07', 'item', 'delete resource backtrace', 7, '#0 osc_deleteResource called@ [/home/ivan/domains/nord/oc-includes/osclass/controller/ajax.php:147] / #1 doModel called@ [/home/ivan/domains/nord/index.php:117] / ', '127.0.0.1', 'user', 0),
('2018-02-21 15:25:07', 'ajax', 'deleteimage', 7, '7', '127.0.0.1', 'user', 0),
('2018-02-21 15:26:37', 'item', 'edit', 15, '4-комнатная квартира, 83 м2', '127.0.0.1', 'admin', 1),
('2018-02-22 08:22:46', 'item', 'edit', 12, '0', '127.0.0.1', 'admin', 1),
('2018-02-22 08:23:10', 'item', 'edit', 14, '0', '127.0.0.1', 'admin', 1),
('2018-02-22 08:23:35', 'item', 'edit', 15, '0', '127.0.0.1', 'admin', 1),
('2018-02-22 08:24:53', 'item', 'edit', 12, '0', '127.0.0.1', 'admin', 1),
('2018-02-22 08:25:17', 'item', 'edit', 14, '0', '127.0.0.1', 'admin', 1),
('2018-02-22 08:25:41', 'item', 'edit', 15, '0', '127.0.0.1', 'admin', 1),
('2018-02-22 08:32:27', 'item', 'edit', 12, '0', '127.0.0.1', 'admin', 1),
('2018-02-22 08:32:31', 'item', 'edit', 14, '0', '127.0.0.1', 'admin', 1),
('2018-02-22 08:32:56', 'item', 'edit', 15, '0', '127.0.0.1', 'admin', 1),
('2018-02-23 14:39:19', 'item', 'edit', 12, '0', '127.0.0.1', 'admin', 1),
('2018-02-23 14:39:23', 'item', 'edit', 14, '0', '127.0.0.1', 'admin', 1),
('2018-02-23 14:39:28', 'item', 'edit', 15, '0', '127.0.0.1', 'admin', 1),
('2018-02-24 12:18:09', 'item', 'delete', 15, 'Квартиры в Сургут', '127.0.0.1', 'admin', 1),
('2018-02-24 12:18:09', 'itemActions', 'deleteResourcesFromHD', 15, '15', '127.0.0.1', 'admin', 1),
('2018-02-24 12:18:09', 'item', 'delete resource', 6, '6', '127.0.0.1', 'admin', 1),
('2018-02-24 12:18:09', 'item', 'delete resource backtrace', 6, '#0 osc_deleteResource called@ [/home/ivan/domains/nord/oc-includes/osclass/ItemActions.php:869] / #1 deleteResourcesFromHD called@ [/home/ivan/domains/nord/oc-includes/osclass/model/Item.php:1017] / #2 deleteByPrimaryKey called@ [/home/ivan/domains/n', '127.0.0.1', 'admin', 1),
('2018-02-24 12:18:09', 'item', 'delete resource', 12, '12', '127.0.0.1', 'admin', 1),
('2018-02-24 12:18:09', 'item', 'delete resource backtrace', 12, '#0 osc_deleteResource called@ [/home/ivan/domains/nord/oc-includes/osclass/ItemActions.php:869] / #1 deleteResourcesFromHD called@ [/home/ivan/domains/nord/oc-includes/osclass/model/Item.php:1017] / #2 deleteByPrimaryKey called@ [/home/ivan/domains/n', '127.0.0.1', 'admin', 1),
('2018-02-24 12:18:09', 'item', 'delete resource', 13, '13', '127.0.0.1', 'admin', 1),
('2018-02-24 12:18:09', 'item', 'delete resource backtrace', 13, '#0 osc_deleteResource called@ [/home/ivan/domains/nord/oc-includes/osclass/ItemActions.php:869] / #1 deleteResourcesFromHD called@ [/home/ivan/domains/nord/oc-includes/osclass/model/Item.php:1017] / #2 deleteByPrimaryKey called@ [/home/ivan/domains/n', '127.0.0.1', 'admin', 1),
('2018-02-24 12:18:10', 'item', 'delete resource', 19, '19', '127.0.0.1', 'admin', 1),
('2018-02-24 12:18:10', 'item', 'delete resource backtrace', 19, '#0 osc_deleteResource called@ [/home/ivan/domains/nord/oc-includes/osclass/ItemActions.php:869] / #1 deleteResourcesFromHD called@ [/home/ivan/domains/nord/oc-includes/osclass/model/Item.php:1017] / #2 deleteByPrimaryKey called@ [/home/ivan/domains/n', '127.0.0.1', 'admin', 1),
('2018-02-24 12:18:10', 'item', 'delete resource', 20, '20', '127.0.0.1', 'admin', 1),
('2018-02-24 12:18:10', 'item', 'delete resource backtrace', 20, '#0 osc_deleteResource called@ [/home/ivan/domains/nord/oc-includes/osclass/ItemActions.php:869] / #1 deleteResourcesFromHD called@ [/home/ivan/domains/nord/oc-includes/osclass/model/Item.php:1017] / #2 deleteByPrimaryKey called@ [/home/ivan/domains/n', '127.0.0.1', 'admin', 1),
('2018-02-24 12:18:10', 'item', 'delete resource', 24, '24', '127.0.0.1', 'admin', 1),
('2018-02-24 12:18:10', 'item', 'delete resource backtrace', 24, '#0 osc_deleteResource called@ [/home/ivan/domains/nord/oc-includes/osclass/ItemActions.php:869] / #1 deleteResourcesFromHD called@ [/home/ivan/domains/nord/oc-includes/osclass/model/Item.php:1017] / #2 deleteByPrimaryKey called@ [/home/ivan/domains/n', '127.0.0.1', 'admin', 1),
('2018-02-24 12:18:10', 'item', 'delete resource', 25, '25', '127.0.0.1', 'admin', 1),
('2018-02-24 12:18:10', 'item', 'delete resource backtrace', 25, '#0 osc_deleteResource called@ [/home/ivan/domains/nord/oc-includes/osclass/ItemActions.php:869] / #1 deleteResourcesFromHD called@ [/home/ivan/domains/nord/oc-includes/osclass/model/Item.php:1017] / #2 deleteByPrimaryKey called@ [/home/ivan/domains/n', '127.0.0.1', 'admin', 1),
('2018-02-24 12:18:10', 'item', 'delete resource', 28, '28', '127.0.0.1', 'admin', 1),
('2018-02-24 12:18:10', 'item', 'delete resource backtrace', 28, '#0 osc_deleteResource called@ [/home/ivan/domains/nord/oc-includes/osclass/ItemActions.php:869] / #1 deleteResourcesFromHD called@ [/home/ivan/domains/nord/oc-includes/osclass/model/Item.php:1017] / #2 deleteByPrimaryKey called@ [/home/ivan/domains/n', '127.0.0.1', 'admin', 1),
('2018-02-24 12:18:10', 'item', 'delete resource', 29, '29', '127.0.0.1', 'admin', 1),
('2018-02-24 12:18:10', 'item', 'delete resource backtrace', 29, '#0 osc_deleteResource called@ [/home/ivan/domains/nord/oc-includes/osclass/ItemActions.php:869] / #1 deleteResourcesFromHD called@ [/home/ivan/domains/nord/oc-includes/osclass/model/Item.php:1017] / #2 deleteByPrimaryKey called@ [/home/ivan/domains/n', '127.0.0.1', 'admin', 1),
('2018-02-24 12:18:10', 'itemActions', 'deleteResourcesFromHD', 15, '6,12,13,19,20,24,25,28,29,', '127.0.0.1', 'admin', 1),
('2018-02-24 12:18:10', 'item', 'delete', 14, '3-комнатная квартира, 90 м2', '127.0.0.1', 'admin', 1),
('2018-02-24 12:18:11', 'itemActions', 'deleteResourcesFromHD', 14, '14', '127.0.0.1', 'admin', 1),
('2018-02-24 12:18:11', 'item', 'delete resource', 4, '4', '127.0.0.1', 'admin', 1),
('2018-02-24 12:18:11', 'item', 'delete resource backtrace', 4, '#0 osc_deleteResource called@ [/home/ivan/domains/nord/oc-includes/osclass/ItemActions.php:869] / #1 deleteResourcesFromHD called@ [/home/ivan/domains/nord/oc-includes/osclass/model/Item.php:1017] / #2 deleteByPrimaryKey called@ [/home/ivan/domains/n', '127.0.0.1', 'admin', 1),
('2018-02-24 12:18:11', 'item', 'delete resource', 5, '5', '127.0.0.1', 'admin', 1),
('2018-02-24 12:18:11', 'item', 'delete resource backtrace', 5, '#0 osc_deleteResource called@ [/home/ivan/domains/nord/oc-includes/osclass/ItemActions.php:869] / #1 deleteResourcesFromHD called@ [/home/ivan/domains/nord/oc-includes/osclass/model/Item.php:1017] / #2 deleteByPrimaryKey called@ [/home/ivan/domains/n', '127.0.0.1', 'admin', 1),
('2018-02-24 12:18:11', 'item', 'delete resource', 10, '10', '127.0.0.1', 'admin', 1),
('2018-02-24 12:18:11', 'item', 'delete resource backtrace', 10, '#0 osc_deleteResource called@ [/home/ivan/domains/nord/oc-includes/osclass/ItemActions.php:869] / #1 deleteResourcesFromHD called@ [/home/ivan/domains/nord/oc-includes/osclass/model/Item.php:1017] / #2 deleteByPrimaryKey called@ [/home/ivan/domains/n', '127.0.0.1', 'admin', 1),
('2018-02-24 12:18:11', 'item', 'delete resource', 11, '11', '127.0.0.1', 'admin', 1),
('2018-02-24 12:18:11', 'item', 'delete resource backtrace', 11, '#0 osc_deleteResource called@ [/home/ivan/domains/nord/oc-includes/osclass/ItemActions.php:869] / #1 deleteResourcesFromHD called@ [/home/ivan/domains/nord/oc-includes/osclass/model/Item.php:1017] / #2 deleteByPrimaryKey called@ [/home/ivan/domains/n', '127.0.0.1', 'admin', 1),
('2018-02-24 12:18:11', 'item', 'delete resource', 17, '17', '127.0.0.1', 'admin', 1),
('2018-02-24 12:18:11', 'item', 'delete resource backtrace', 17, '#0 osc_deleteResource called@ [/home/ivan/domains/nord/oc-includes/osclass/ItemActions.php:869] / #1 deleteResourcesFromHD called@ [/home/ivan/domains/nord/oc-includes/osclass/model/Item.php:1017] / #2 deleteByPrimaryKey called@ [/home/ivan/domains/n', '127.0.0.1', 'admin', 1),
('2018-02-24 12:18:11', 'item', 'delete resource', 18, '18', '127.0.0.1', 'admin', 1),
('2018-02-24 12:18:11', 'item', 'delete resource backtrace', 18, '#0 osc_deleteResource called@ [/home/ivan/domains/nord/oc-includes/osclass/ItemActions.php:869] / #1 deleteResourcesFromHD called@ [/home/ivan/domains/nord/oc-includes/osclass/model/Item.php:1017] / #2 deleteByPrimaryKey called@ [/home/ivan/domains/n', '127.0.0.1', 'admin', 1),
('2018-02-24 12:18:11', 'item', 'delete resource', 22, '22', '127.0.0.1', 'admin', 1),
('2018-02-24 12:18:11', 'item', 'delete resource backtrace', 22, '#0 osc_deleteResource called@ [/home/ivan/domains/nord/oc-includes/osclass/ItemActions.php:869] / #1 deleteResourcesFromHD called@ [/home/ivan/domains/nord/oc-includes/osclass/model/Item.php:1017] / #2 deleteByPrimaryKey called@ [/home/ivan/domains/n', '127.0.0.1', 'admin', 1),
('2018-02-24 12:18:11', 'item', 'delete resource', 23, '23', '127.0.0.1', 'admin', 1),
('2018-02-24 12:18:11', 'item', 'delete resource backtrace', 23, '#0 osc_deleteResource called@ [/home/ivan/domains/nord/oc-includes/osclass/ItemActions.php:869] / #1 deleteResourcesFromHD called@ [/home/ivan/domains/nord/oc-includes/osclass/model/Item.php:1017] / #2 deleteByPrimaryKey called@ [/home/ivan/domains/n', '127.0.0.1', 'admin', 1),
('2018-02-24 12:18:11', 'item', 'delete resource', 26, '26', '127.0.0.1', 'admin', 1),
('2018-02-24 12:18:11', 'item', 'delete resource backtrace', 26, '#0 osc_deleteResource called@ [/home/ivan/domains/nord/oc-includes/osclass/ItemActions.php:869] / #1 deleteResourcesFromHD called@ [/home/ivan/domains/nord/oc-includes/osclass/model/Item.php:1017] / #2 deleteByPrimaryKey called@ [/home/ivan/domains/n', '127.0.0.1', 'admin', 1),
('2018-02-24 12:18:11', 'item', 'delete resource', 27, '27', '127.0.0.1', 'admin', 1),
('2018-02-24 12:18:12', 'item', 'delete resource backtrace', 27, '#0 osc_deleteResource called@ [/home/ivan/domains/nord/oc-includes/osclass/ItemActions.php:869] / #1 deleteResourcesFromHD called@ [/home/ivan/domains/nord/oc-includes/osclass/model/Item.php:1017] / #2 deleteByPrimaryKey called@ [/home/ivan/domains/n', '127.0.0.1', 'admin', 1),
('2018-02-24 12:18:12', 'itemActions', 'deleteResourcesFromHD', 14, '4,5,10,11,17,18,22,23,26,27,', '127.0.0.1', 'admin', 1),
('2018-02-24 12:18:12', 'item', 'delete', 12, '4-комнатная квартира, 116 м2', '127.0.0.1', 'admin', 1),
('2018-02-24 12:18:12', 'itemActions', 'deleteResourcesFromHD', 12, '12', '127.0.0.1', 'admin', 1),
('2018-02-24 12:18:12', 'item', 'delete resource', 1, '1', '127.0.0.1', 'admin', 1),
('2018-02-24 12:18:12', 'item', 'delete resource backtrace', 1, '#0 osc_deleteResource called@ [/home/ivan/domains/nord/oc-includes/osclass/ItemActions.php:869] / #1 deleteResourcesFromHD called@ [/home/ivan/domains/nord/oc-includes/osclass/model/Item.php:1017] / #2 deleteByPrimaryKey called@ [/home/ivan/domains/n', '127.0.0.1', 'admin', 1),
('2018-02-24 12:18:12', 'item', 'delete resource', 2, '2', '127.0.0.1', 'admin', 1),
('2018-02-24 12:18:12', 'item', 'delete resource backtrace', 2, '#0 osc_deleteResource called@ [/home/ivan/domains/nord/oc-includes/osclass/ItemActions.php:869] / #1 deleteResourcesFromHD called@ [/home/ivan/domains/nord/oc-includes/osclass/model/Item.php:1017] / #2 deleteByPrimaryKey called@ [/home/ivan/domains/n', '127.0.0.1', 'admin', 1),
('2018-02-24 12:18:12', 'item', 'delete resource', 3, '3', '127.0.0.1', 'admin', 1),
('2018-02-24 12:18:12', 'item', 'delete resource backtrace', 3, '#0 osc_deleteResource called@ [/home/ivan/domains/nord/oc-includes/osclass/ItemActions.php:869] / #1 deleteResourcesFromHD called@ [/home/ivan/domains/nord/oc-includes/osclass/model/Item.php:1017] / #2 deleteByPrimaryKey called@ [/home/ivan/domains/n', '127.0.0.1', 'admin', 1),
('2018-02-24 12:18:12', 'item', 'delete resource', 7, '7', '127.0.0.1', 'admin', 1),
('2018-02-24 12:18:12', 'item', 'delete resource backtrace', 7, '#0 osc_deleteResource called@ [/home/ivan/domains/nord/oc-includes/osclass/ItemActions.php:869] / #1 deleteResourcesFromHD called@ [/home/ivan/domains/nord/oc-includes/osclass/model/Item.php:1017] / #2 deleteByPrimaryKey called@ [/home/ivan/domains/n', '127.0.0.1', 'admin', 1),
('2018-02-24 12:18:12', 'item', 'delete resource', 8, '8', '127.0.0.1', 'admin', 1),
('2018-02-24 12:18:12', 'item', 'delete resource backtrace', 8, '#0 osc_deleteResource called@ [/home/ivan/domains/nord/oc-includes/osclass/ItemActions.php:869] / #1 deleteResourcesFromHD called@ [/home/ivan/domains/nord/oc-includes/osclass/model/Item.php:1017] / #2 deleteByPrimaryKey called@ [/home/ivan/domains/n', '127.0.0.1', 'admin', 1),
('2018-02-24 12:18:12', 'item', 'delete resource', 9, '9', '127.0.0.1', 'admin', 1),
('2018-02-24 12:18:12', 'item', 'delete resource backtrace', 9, '#0 osc_deleteResource called@ [/home/ivan/domains/nord/oc-includes/osclass/ItemActions.php:869] / #1 deleteResourcesFromHD called@ [/home/ivan/domains/nord/oc-includes/osclass/model/Item.php:1017] / #2 deleteByPrimaryKey called@ [/home/ivan/domains/n', '127.0.0.1', 'admin', 1),
('2018-02-24 12:18:12', 'item', 'delete resource', 14, '14', '127.0.0.1', 'admin', 1),
('2018-02-24 12:18:13', 'item', 'delete resource backtrace', 14, '#0 osc_deleteResource called@ [/home/ivan/domains/nord/oc-includes/osclass/ItemActions.php:869] / #1 deleteResourcesFromHD called@ [/home/ivan/domains/nord/oc-includes/osclass/model/Item.php:1017] / #2 deleteByPrimaryKey called@ [/home/ivan/domains/n', '127.0.0.1', 'admin', 1),
('2018-02-24 12:18:13', 'item', 'delete resource', 15, '15', '127.0.0.1', 'admin', 1),
('2018-02-24 12:18:13', 'item', 'delete resource backtrace', 15, '#0 osc_deleteResource called@ [/home/ivan/domains/nord/oc-includes/osclass/ItemActions.php:869] / #1 deleteResourcesFromHD called@ [/home/ivan/domains/nord/oc-includes/osclass/model/Item.php:1017] / #2 deleteByPrimaryKey called@ [/home/ivan/domains/n', '127.0.0.1', 'admin', 1),
('2018-02-24 12:18:13', 'item', 'delete resource', 16, '16', '127.0.0.1', 'admin', 1),
('2018-02-24 12:18:13', 'item', 'delete resource backtrace', 16, '#0 osc_deleteResource called@ [/home/ivan/domains/nord/oc-includes/osclass/ItemActions.php:869] / #1 deleteResourcesFromHD called@ [/home/ivan/domains/nord/oc-includes/osclass/model/Item.php:1017] / #2 deleteByPrimaryKey called@ [/home/ivan/domains/n', '127.0.0.1', 'admin', 1),
('2018-02-24 12:18:13', 'item', 'delete resource', 21, '21', '127.0.0.1', 'admin', 1),
('2018-02-24 12:18:13', 'item', 'delete resource backtrace', 21, '#0 osc_deleteResource called@ [/home/ivan/domains/nord/oc-includes/osclass/ItemActions.php:869] / #1 deleteResourcesFromHD called@ [/home/ivan/domains/nord/oc-includes/osclass/model/Item.php:1017] / #2 deleteByPrimaryKey called@ [/home/ivan/domains/n', '127.0.0.1', 'admin', 1),
('2018-02-24 12:18:13', 'itemActions', 'deleteResourcesFromHD', 12, '1,2,3,7,8,9,14,15,16,21,', '127.0.0.1', 'admin', 1),
('2018-02-24 13:33:09', 'item', 'add', 12, '0', '127.0.0.1', 'admin', 1),
('2018-02-24 13:33:15', 'item', 'add', 14, '0', '127.0.0.1', 'admin', 1),
('2018-02-24 13:33:20', 'item', 'add', 15, '0', '127.0.0.1', 'admin', 1),
('2018-02-24 13:38:16', 'item', 'add', 161, '0', '127.0.0.1', 'admin', 1),
('2018-02-24 14:02:11', 'item', 'add', 171, '0', '127.0.0.1', 'admin', 1),
('2018-02-24 14:23:15', 'item', 'delete', 171, 'Квартиры в Сургут', '127.0.0.1', 'admin', 1),
('2018-02-24 14:23:15', 'itemActions', 'deleteResourcesFromHD', 171, '171', '127.0.0.1', 'admin', 1),
('2018-02-24 14:23:15', 'item', 'delete resource', 43, '43', '127.0.0.1', 'admin', 1),
('2018-02-24 14:23:15', 'item', 'delete resource backtrace', 43, '#0 osc_deleteResource called@ [/home/ivan/domains/nord/oc-includes/osclass/ItemActions.php:869] / #1 deleteResourcesFromHD called@ [/home/ivan/domains/nord/oc-includes/osclass/model/Item.php:1017] / #2 deleteByPrimaryKey called@ [/home/ivan/domains/n', '127.0.0.1', 'admin', 1),
('2018-02-24 14:23:15', 'item', 'delete resource', 44, '44', '127.0.0.1', 'admin', 1),
('2018-02-24 14:23:15', 'item', 'delete resource backtrace', 44, '#0 osc_deleteResource called@ [/home/ivan/domains/nord/oc-includes/osclass/ItemActions.php:869] / #1 deleteResourcesFromHD called@ [/home/ivan/domains/nord/oc-includes/osclass/model/Item.php:1017] / #2 deleteByPrimaryKey called@ [/home/ivan/domains/n', '127.0.0.1', 'admin', 1),
('2018-02-24 14:23:15', 'item', 'delete resource', 45, '45', '127.0.0.1', 'admin', 1),
('2018-02-24 14:23:15', 'item', 'delete resource backtrace', 45, '#0 osc_deleteResource called@ [/home/ivan/domains/nord/oc-includes/osclass/ItemActions.php:869] / #1 deleteResourcesFromHD called@ [/home/ivan/domains/nord/oc-includes/osclass/model/Item.php:1017] / #2 deleteByPrimaryKey called@ [/home/ivan/domains/n', '127.0.0.1', 'admin', 1),
('2018-02-24 14:23:16', 'item', 'delete resource', 46, '46', '127.0.0.1', 'admin', 1),
('2018-02-24 14:23:16', 'item', 'delete resource backtrace', 46, '#0 osc_deleteResource called@ [/home/ivan/domains/nord/oc-includes/osclass/ItemActions.php:869] / #1 deleteResourcesFromHD called@ [/home/ivan/domains/nord/oc-includes/osclass/model/Item.php:1017] / #2 deleteByPrimaryKey called@ [/home/ivan/domains/n', '127.0.0.1', 'admin', 1),
('2018-02-24 14:23:16', 'item', 'delete resource', 47, '47', '127.0.0.1', 'admin', 1),
('2018-02-24 14:23:16', 'item', 'delete resource backtrace', 47, '#0 osc_deleteResource called@ [/home/ivan/domains/nord/oc-includes/osclass/ItemActions.php:869] / #1 deleteResourcesFromHD called@ [/home/ivan/domains/nord/oc-includes/osclass/model/Item.php:1017] / #2 deleteByPrimaryKey called@ [/home/ivan/domains/n', '127.0.0.1', 'admin', 1),
('2018-02-24 14:23:16', 'item', 'delete resource', 48, '48', '127.0.0.1', 'admin', 1),
('2018-02-24 14:23:16', 'item', 'delete resource backtrace', 48, '#0 osc_deleteResource called@ [/home/ivan/domains/nord/oc-includes/osclass/ItemActions.php:869] / #1 deleteResourcesFromHD called@ [/home/ivan/domains/nord/oc-includes/osclass/model/Item.php:1017] / #2 deleteByPrimaryKey called@ [/home/ivan/domains/n', '127.0.0.1', 'admin', 1),
('2018-02-24 14:23:16', 'item', 'delete resource', 49, '49', '127.0.0.1', 'admin', 1),
('2018-02-24 14:23:16', 'item', 'delete resource backtrace', 49, '#0 osc_deleteResource called@ [/home/ivan/domains/nord/oc-includes/osclass/ItemActions.php:869] / #1 deleteResourcesFromHD called@ [/home/ivan/domains/nord/oc-includes/osclass/model/Item.php:1017] / #2 deleteByPrimaryKey called@ [/home/ivan/domains/n', '127.0.0.1', 'admin', 1),
('2018-02-24 14:23:16', 'item', 'delete resource', 50, '50', '127.0.0.1', 'admin', 1),
('2018-02-24 14:23:16', 'item', 'delete resource backtrace', 50, '#0 osc_deleteResource called@ [/home/ivan/domains/nord/oc-includes/osclass/ItemActions.php:869] / #1 deleteResourcesFromHD called@ [/home/ivan/domains/nord/oc-includes/osclass/model/Item.php:1017] / #2 deleteByPrimaryKey called@ [/home/ivan/domains/n', '127.0.0.1', 'admin', 1),
('2018-02-24 14:23:16', 'item', 'delete resource', 51, '51', '127.0.0.1', 'admin', 1),
('2018-02-24 14:23:16', 'item', 'delete resource backtrace', 51, '#0 osc_deleteResource called@ [/home/ivan/domains/nord/oc-includes/osclass/ItemActions.php:869] / #1 deleteResourcesFromHD called@ [/home/ivan/domains/nord/oc-includes/osclass/model/Item.php:1017] / #2 deleteByPrimaryKey called@ [/home/ivan/domains/n', '127.0.0.1', 'admin', 1),
('2018-02-24 14:23:16', 'item', 'delete resource', 52, '52', '127.0.0.1', 'admin', 1),
('2018-02-24 14:23:16', 'item', 'delete resource backtrace', 52, '#0 osc_deleteResource called@ [/home/ivan/domains/nord/oc-includes/osclass/ItemActions.php:869] / #1 deleteResourcesFromHD called@ [/home/ivan/domains/nord/oc-includes/osclass/model/Item.php:1017] / #2 deleteByPrimaryKey called@ [/home/ivan/domains/n', '127.0.0.1', 'admin', 1),
('2018-02-24 14:23:16', 'itemActions', 'deleteResourcesFromHD', 171, '43,44,45,46,47,48,49,50,51,52,', '127.0.0.1', 'admin', 1),
('2018-02-24 14:23:16', 'item', 'delete', 161, '1-комнатная квартира, 30 м2', '127.0.0.1', 'admin', 1),
('2018-02-24 14:23:17', 'itemActions', 'deleteResourcesFromHD', 161, '161', '127.0.0.1', 'admin', 1),
('2018-02-24 14:23:17', 'item', 'delete resource', 37, '37', '127.0.0.1', 'admin', 1),
('2018-02-24 14:23:17', 'item', 'delete resource backtrace', 37, '#0 osc_deleteResource called@ [/home/ivan/domains/nord/oc-includes/osclass/ItemActions.php:869] / #1 deleteResourcesFromHD called@ [/home/ivan/domains/nord/oc-includes/osclass/model/Item.php:1017] / #2 deleteByPrimaryKey called@ [/home/ivan/domains/n', '127.0.0.1', 'admin', 1),
('2018-02-24 14:23:17', 'item', 'delete resource', 38, '38', '127.0.0.1', 'admin', 1),
('2018-02-24 14:23:17', 'item', 'delete resource backtrace', 38, '#0 osc_deleteResource called@ [/home/ivan/domains/nord/oc-includes/osclass/ItemActions.php:869] / #1 deleteResourcesFromHD called@ [/home/ivan/domains/nord/oc-includes/osclass/model/Item.php:1017] / #2 deleteByPrimaryKey called@ [/home/ivan/domains/n', '127.0.0.1', 'admin', 1),
('2018-02-24 14:23:17', 'item', 'delete resource', 39, '39', '127.0.0.1', 'admin', 1),
('2018-02-24 14:23:17', 'item', 'delete resource backtrace', 39, '#0 osc_deleteResource called@ [/home/ivan/domains/nord/oc-includes/osclass/ItemActions.php:869] / #1 deleteResourcesFromHD called@ [/home/ivan/domains/nord/oc-includes/osclass/model/Item.php:1017] / #2 deleteByPrimaryKey called@ [/home/ivan/domains/n', '127.0.0.1', 'admin', 1),
('2018-02-24 14:23:17', 'item', 'delete resource', 40, '40', '127.0.0.1', 'admin', 1),
('2018-02-24 14:23:17', 'item', 'delete resource backtrace', 40, '#0 osc_deleteResource called@ [/home/ivan/domains/nord/oc-includes/osclass/ItemActions.php:869] / #1 deleteResourcesFromHD called@ [/home/ivan/domains/nord/oc-includes/osclass/model/Item.php:1017] / #2 deleteByPrimaryKey called@ [/home/ivan/domains/n', '127.0.0.1', 'admin', 1),
('2018-02-24 14:23:17', 'item', 'delete resource', 41, '41', '127.0.0.1', 'admin', 1),
('2018-02-24 14:23:17', 'item', 'delete resource backtrace', 41, '#0 osc_deleteResource called@ [/home/ivan/domains/nord/oc-includes/osclass/ItemActions.php:869] / #1 deleteResourcesFromHD called@ [/home/ivan/domains/nord/oc-includes/osclass/model/Item.php:1017] / #2 deleteByPrimaryKey called@ [/home/ivan/domains/n', '127.0.0.1', 'admin', 1),
('2018-02-24 14:23:17', 'item', 'delete resource', 42, '42', '127.0.0.1', 'admin', 1),
('2018-02-24 14:23:17', 'item', 'delete resource backtrace', 42, '#0 osc_deleteResource called@ [/home/ivan/domains/nord/oc-includes/osclass/ItemActions.php:869] / #1 deleteResourcesFromHD called@ [/home/ivan/domains/nord/oc-includes/osclass/model/Item.php:1017] / #2 deleteByPrimaryKey called@ [/home/ivan/domains/n', '127.0.0.1', 'admin', 1),
('2018-02-24 14:23:17', 'itemActions', 'deleteResourcesFromHD', 161, '37,38,39,40,41,42,', '127.0.0.1', 'admin', 1),
('2018-02-24 14:23:17', 'item', 'delete', 15, 'Квартиры в Сургут', '127.0.0.1', 'admin', 1),
('2018-02-24 14:23:18', 'itemActions', 'deleteResourcesFromHD', 15, '15', '127.0.0.1', 'admin', 1),
('2018-02-24 14:23:18', 'item', 'delete resource', 35, '35', '127.0.0.1', 'admin', 1),
('2018-02-24 14:23:18', 'item', 'delete resource backtrace', 35, '#0 osc_deleteResource called@ [/home/ivan/domains/nord/oc-includes/osclass/ItemActions.php:869] / #1 deleteResourcesFromHD called@ [/home/ivan/domains/nord/oc-includes/osclass/model/Item.php:1017] / #2 deleteByPrimaryKey called@ [/home/ivan/domains/n', '127.0.0.1', 'admin', 1),
('2018-02-24 14:23:18', 'item', 'delete resource', 36, '36', '127.0.0.1', 'admin', 1),
('2018-02-24 14:23:18', 'item', 'delete resource backtrace', 36, '#0 osc_deleteResource called@ [/home/ivan/domains/nord/oc-includes/osclass/ItemActions.php:869] / #1 deleteResourcesFromHD called@ [/home/ivan/domains/nord/oc-includes/osclass/model/Item.php:1017] / #2 deleteByPrimaryKey called@ [/home/ivan/domains/n', '127.0.0.1', 'admin', 1),
('2018-02-24 14:23:18', 'itemActions', 'deleteResourcesFromHD', 15, '35,36,', '127.0.0.1', 'admin', 1),
('2018-02-24 14:23:18', 'item', 'delete', 14, '3-комнатная квартира, 90 м2', '127.0.0.1', 'admin', 1),
('2018-02-24 14:23:18', 'itemActions', 'deleteResourcesFromHD', 14, '14', '127.0.0.1', 'admin', 1),
('2018-02-24 14:23:18', 'item', 'delete resource', 33, '33', '127.0.0.1', 'admin', 1),
('2018-02-24 14:23:18', 'item', 'delete resource backtrace', 33, '#0 osc_deleteResource called@ [/home/ivan/domains/nord/oc-includes/osclass/ItemActions.php:869] / #1 deleteResourcesFromHD called@ [/home/ivan/domains/nord/oc-includes/osclass/model/Item.php:1017] / #2 deleteByPrimaryKey called@ [/home/ivan/domains/n', '127.0.0.1', 'admin', 1),
('2018-02-24 14:23:18', 'item', 'delete resource', 34, '34', '127.0.0.1', 'admin', 1),
('2018-02-24 14:23:18', 'item', 'delete resource backtrace', 34, '#0 osc_deleteResource called@ [/home/ivan/domains/nord/oc-includes/osclass/ItemActions.php:869] / #1 deleteResourcesFromHD called@ [/home/ivan/domains/nord/oc-includes/osclass/model/Item.php:1017] / #2 deleteByPrimaryKey called@ [/home/ivan/domains/n', '127.0.0.1', 'admin', 1),
('2018-02-24 14:23:18', 'itemActions', 'deleteResourcesFromHD', 14, '33,34,', '127.0.0.1', 'admin', 1),
('2018-02-24 14:23:19', 'item', 'delete', 12, '4-комнатная квартира, 116 м2', '127.0.0.1', 'admin', 1),
('2018-02-24 14:23:19', 'itemActions', 'deleteResourcesFromHD', 12, '12', '127.0.0.1', 'admin', 1),
('2018-02-24 14:23:19', 'item', 'delete resource', 30, '30', '127.0.0.1', 'admin', 1),
('2018-02-24 14:23:19', 'item', 'delete resource backtrace', 30, '#0 osc_deleteResource called@ [/home/ivan/domains/nord/oc-includes/osclass/ItemActions.php:869] / #1 deleteResourcesFromHD called@ [/home/ivan/domains/nord/oc-includes/osclass/model/Item.php:1017] / #2 deleteByPrimaryKey called@ [/home/ivan/domains/n', '127.0.0.1', 'admin', 1),
('2018-02-24 14:23:19', 'item', 'delete resource', 31, '31', '127.0.0.1', 'admin', 1);
INSERT INTO `oc_t_log` (`dt_date`, `s_section`, `s_action`, `fk_i_id`, `s_data`, `s_ip`, `s_who`, `fk_i_who_id`) VALUES
('2018-02-24 14:23:19', 'item', 'delete resource backtrace', 31, '#0 osc_deleteResource called@ [/home/ivan/domains/nord/oc-includes/osclass/ItemActions.php:869] / #1 deleteResourcesFromHD called@ [/home/ivan/domains/nord/oc-includes/osclass/model/Item.php:1017] / #2 deleteByPrimaryKey called@ [/home/ivan/domains/n', '127.0.0.1', 'admin', 1),
('2018-02-24 14:23:19', 'item', 'delete resource', 32, '32', '127.0.0.1', 'admin', 1),
('2018-02-24 14:23:19', 'item', 'delete resource backtrace', 32, '#0 osc_deleteResource called@ [/home/ivan/domains/nord/oc-includes/osclass/ItemActions.php:869] / #1 deleteResourcesFromHD called@ [/home/ivan/domains/nord/oc-includes/osclass/model/Item.php:1017] / #2 deleteByPrimaryKey called@ [/home/ivan/domains/n', '127.0.0.1', 'admin', 1),
('2018-02-24 14:23:19', 'itemActions', 'deleteResourcesFromHD', 12, '30,31,32,', '127.0.0.1', 'admin', 1),
('2018-02-24 16:56:02', 'item', 'add', 12, '0', '127.0.0.1', 'admin', 1),
('2018-02-24 16:56:06', 'item', 'add', 14, '0', '127.0.0.1', 'admin', 1),
('2018-02-24 16:56:11', 'item', 'add', 15, '0', '127.0.0.1', 'admin', 1),
('2018-02-24 17:00:57', 'item', 'add', 161, '0', '127.0.0.1', 'admin', 1),
('2018-02-24 17:07:11', 'item', 'edit', 12, '0', '127.0.0.1', 'admin', 1),
('2018-02-24 17:07:15', 'item', 'edit', 14, '0', '127.0.0.1', 'admin', 1),
('2018-02-24 17:07:20', 'item', 'edit', 15, '0', '127.0.0.1', 'admin', 1),
('2018-02-24 17:08:37', 'item', 'edit', 12, '0', '127.0.0.1', 'admin', 0),
('2018-02-24 17:08:41', 'item', 'edit', 14, '0', '127.0.0.1', 'admin', 0),
('2018-02-24 17:08:45', 'item', 'edit', 15, '0', '127.0.0.1', 'admin', 0),
('2018-02-24 17:13:11', 'item', 'edit', 161, '0', '127.0.0.1', 'admin', 0),
('2018-02-24 19:11:53', 'item', 'edit', 12, '0', '127.0.0.1', 'admin', 0),
('2018-02-25 08:54:18', 'item', 'edit', 12, '0', '127.0.0.1', 'admin', 1),
('2018-02-25 08:54:25', 'item', 'edit', 12, '0', '127.0.0.1', 'admin', 0),
('2018-02-25 09:01:59', 'item', 'edit', 12, '0', '127.0.0.1', 'admin', 1),
('2018-02-25 09:06:03', 'item', 'edit', 12, '0', '127.0.0.1', 'admin', 1),
('2018-02-25 12:52:11', 'item', 'edit', 12, '0', '127.0.0.1', 'admin', 0),
('2018-02-25 13:51:56', 'item', 'edit', 12, '0', '127.0.0.1', 'admin', 0),
('2018-02-25 13:55:00', 'item', 'delete resource', 32, '32', '127.0.0.1', 'user', 0),
('2018-02-25 13:55:00', 'item', 'delete resource backtrace', 32, '#0 osc_deleteResource called@ [/home/ivan/domains/nord/oc-includes/osclass/controller/ajax.php:147] / #1 doModel called@ [/home/ivan/domains/nord/index.php:117] / ', '127.0.0.1', 'user', 0),
('2018-02-25 13:55:00', 'ajax', 'deleteimage', 32, '32', '127.0.0.1', 'user', 0),
('2018-02-25 13:55:03', 'item', 'delete resource', 23, '23', '127.0.0.1', 'user', 0),
('2018-02-25 13:55:03', 'item', 'delete resource backtrace', 23, '#0 osc_deleteResource called@ [/home/ivan/domains/nord/oc-includes/osclass/controller/ajax.php:147] / #1 doModel called@ [/home/ivan/domains/nord/index.php:117] / ', '127.0.0.1', 'user', 0),
('2018-02-25 13:55:03', 'ajax', 'deleteimage', 23, '23', '127.0.0.1', 'user', 0),
('2018-02-25 13:55:05', 'item', 'delete resource', 22, '22', '127.0.0.1', 'user', 0),
('2018-02-25 13:55:05', 'item', 'delete resource backtrace', 22, '#0 osc_deleteResource called@ [/home/ivan/domains/nord/oc-includes/osclass/controller/ajax.php:147] / #1 doModel called@ [/home/ivan/domains/nord/index.php:117] / ', '127.0.0.1', 'user', 0),
('2018-02-25 13:55:05', 'ajax', 'deleteimage', 22, '22', '127.0.0.1', 'user', 0),
('2018-02-25 13:55:08', 'item', 'delete resource', 21, '21', '127.0.0.1', 'user', 0),
('2018-02-25 13:55:08', 'item', 'delete resource backtrace', 21, '#0 osc_deleteResource called@ [/home/ivan/domains/nord/oc-includes/osclass/controller/ajax.php:147] / #1 doModel called@ [/home/ivan/domains/nord/index.php:117] / ', '127.0.0.1', 'user', 0),
('2018-02-25 13:55:08', 'ajax', 'deleteimage', 21, '21', '127.0.0.1', 'user', 0),
('2018-02-25 13:55:12', 'item', 'delete resource', 16, '16', '127.0.0.1', 'user', 0),
('2018-02-25 13:55:12', 'item', 'delete resource backtrace', 16, '#0 osc_deleteResource called@ [/home/ivan/domains/nord/oc-includes/osclass/controller/ajax.php:147] / #1 doModel called@ [/home/ivan/domains/nord/index.php:117] / ', '127.0.0.1', 'user', 0),
('2018-02-25 13:55:12', 'ajax', 'deleteimage', 16, '16', '127.0.0.1', 'user', 0),
('2018-02-25 13:55:15', 'item', 'delete resource', 15, '15', '127.0.0.1', 'user', 0),
('2018-02-25 13:55:15', 'item', 'delete resource backtrace', 15, '#0 osc_deleteResource called@ [/home/ivan/domains/nord/oc-includes/osclass/controller/ajax.php:147] / #1 doModel called@ [/home/ivan/domains/nord/index.php:117] / ', '127.0.0.1', 'user', 0),
('2018-02-25 13:55:15', 'ajax', 'deleteimage', 15, '15', '127.0.0.1', 'user', 0),
('2018-02-25 13:55:18', 'item', 'delete resource', 14, '14', '127.0.0.1', 'user', 0),
('2018-02-25 13:55:18', 'item', 'delete resource backtrace', 14, '#0 osc_deleteResource called@ [/home/ivan/domains/nord/oc-includes/osclass/controller/ajax.php:147] / #1 doModel called@ [/home/ivan/domains/nord/index.php:117] / ', '127.0.0.1', 'user', 0),
('2018-02-25 13:55:19', 'ajax', 'deleteimage', 14, '14', '127.0.0.1', 'user', 0),
('2018-02-25 13:55:21', 'item', 'delete resource', 3, '3', '127.0.0.1', 'user', 0),
('2018-02-25 13:55:21', 'item', 'delete resource backtrace', 3, '#0 osc_deleteResource called@ [/home/ivan/domains/nord/oc-includes/osclass/controller/ajax.php:147] / #1 doModel called@ [/home/ivan/domains/nord/index.php:117] / ', '127.0.0.1', 'user', 0),
('2018-02-25 13:55:21', 'ajax', 'deleteimage', 3, '3', '127.0.0.1', 'user', 0),
('2018-02-25 13:55:24', 'item', 'delete resource', 2, '2', '127.0.0.1', 'user', 0),
('2018-02-25 13:55:24', 'item', 'delete resource backtrace', 2, '#0 osc_deleteResource called@ [/home/ivan/domains/nord/oc-includes/osclass/controller/ajax.php:147] / #1 doModel called@ [/home/ivan/domains/nord/index.php:117] / ', '127.0.0.1', 'user', 0),
('2018-02-25 13:55:24', 'ajax', 'deleteimage', 2, '2', '127.0.0.1', 'user', 0),
('2018-02-25 13:55:30', 'item', 'edit', 12, '4-комнатная квартира, 116 м2', '127.0.0.1', 'admin', 1),
('2018-02-25 14:01:47', 'item', 'edit', 12, '4-комнатная квартира, 116 м2', '127.0.0.1', 'admin', 1),
('2018-02-25 14:56:02', 'itemActions', 'deleteResourcesFromHD', 12, '12', '127.0.0.1', 'user', 0),
('2018-02-25 14:56:02', 'item', 'delete resource', 1, '1', '127.0.0.1', 'user', 0),
('2018-02-25 14:56:02', 'item', 'delete resource backtrace', 1, '#0 osc_deleteResource called@ [/home/ivan/domains/nord/oc-includes/osclass/ItemActions.php:867] / #1 deleteResourcesFromHD called@ [/home/ivan/domains/nord/oc-content/plugins/importer/index.php:259] / #2 adimporter_ad called@ [/home/ivan/domains/nord', '127.0.0.1', 'user', 0),
('2018-02-25 14:56:02', 'itemActions', 'deleteResourcesFromHD', 12, '1,', '127.0.0.1', 'user', 0),
('2018-02-25 14:56:03', 'item', 'edit', 12, '0', '127.0.0.1', 'admin', 0),
('2018-02-25 15:13:13', 'itemActions', 'deleteResourcesFromHD', 12, '12', '127.0.0.1', 'user', 0),
('2018-02-25 15:13:13', 'item', 'delete resource', 33, '33', '127.0.0.1', 'user', 0),
('2018-02-25 15:13:13', 'item', 'delete resource backtrace', 33, '#0 osc_deleteResource called@ [/home/ivan/domains/nord/oc-includes/osclass/ItemActions.php:867] / #1 deleteResourcesFromHD called@ [/home/ivan/domains/nord/oc-content/plugins/importer/index.php:259] / #2 adimporter_ad called@ [/home/ivan/domains/nord', '127.0.0.1', 'user', 0),
('2018-02-25 15:13:13', 'item', 'delete resource', 34, '34', '127.0.0.1', 'user', 0),
('2018-02-25 15:13:13', 'item', 'delete resource backtrace', 34, '#0 osc_deleteResource called@ [/home/ivan/domains/nord/oc-includes/osclass/ItemActions.php:867] / #1 deleteResourcesFromHD called@ [/home/ivan/domains/nord/oc-content/plugins/importer/index.php:259] / #2 adimporter_ad called@ [/home/ivan/domains/nord', '127.0.0.1', 'user', 0),
('2018-02-25 15:13:13', 'item', 'delete resource', 35, '35', '127.0.0.1', 'user', 0),
('2018-02-25 15:13:13', 'item', 'delete resource backtrace', 35, '#0 osc_deleteResource called@ [/home/ivan/domains/nord/oc-includes/osclass/ItemActions.php:867] / #1 deleteResourcesFromHD called@ [/home/ivan/domains/nord/oc-content/plugins/importer/index.php:259] / #2 adimporter_ad called@ [/home/ivan/domains/nord', '127.0.0.1', 'user', 0),
('2018-02-25 15:13:13', 'itemActions', 'deleteResourcesFromHD', 12, '33,34,35,', '127.0.0.1', 'user', 0),
('2018-02-25 15:13:14', 'item', 'edit', 12, '0', '127.0.0.1', 'admin', 1),
('2018-02-25 15:59:10', 'itemActions', 'deleteResourcesFromHD', 12, '12', '127.0.0.1', 'user', 0),
('2018-02-25 15:59:10', 'itemActions', 'deleteResourcesFromHD', 12, '', '127.0.0.1', 'user', 0),
('2018-02-25 15:59:11', 'item', 'edit', 12, '0', '127.0.0.1', 'admin', 0),
('2018-02-26 10:06:09', 'itemActions', 'deleteResourcesFromHD', 12, '12', '127.0.0.1', 'user', 0),
('2018-02-26 10:06:09', 'itemActions', 'deleteResourcesFromHD', 12, '', '127.0.0.1', 'user', 0),
('2018-02-26 10:06:09', 'item', 'edit', 12, '0', '127.0.0.1', 'admin', 0);

-- --------------------------------------------------------

--
-- Структура таблицы `oc_t_meta_categories`
--

CREATE TABLE `oc_t_meta_categories` (
  `fk_i_category_id` int(10) UNSIGNED NOT NULL,
  `fk_i_field_id` int(10) UNSIGNED NOT NULL
) ENGINE=InnoDB DEFAULT CHARSET=utf8;

-- --------------------------------------------------------

--
-- Структура таблицы `oc_t_meta_fields`
--

CREATE TABLE `oc_t_meta_fields` (
  `pk_i_id` int(10) UNSIGNED NOT NULL,
  `s_name` varchar(255) NOT NULL,
  `s_slug` varchar(255) NOT NULL,
  `e_type` enum('TEXT','TEXTAREA','DROPDOWN','RADIO','CHECKBOX','URL','DATE','DATEINTERVAL') NOT NULL DEFAULT 'TEXT',
  `s_options` varchar(2048) DEFAULT NULL,
  `b_required` tinyint(1) NOT NULL DEFAULT '0',
  `b_searchable` tinyint(1) NOT NULL DEFAULT '0'
) ENGINE=InnoDB DEFAULT CHARSET=utf8;

-- --------------------------------------------------------

--
-- Структура таблицы `oc_t_pages`
--

CREATE TABLE `oc_t_pages` (
  `pk_i_id` int(10) UNSIGNED NOT NULL,
  `s_internal_name` varchar(50) DEFAULT NULL,
  `b_indelible` tinyint(1) NOT NULL DEFAULT '0',
  `b_link` tinyint(1) NOT NULL DEFAULT '1',
  `dt_pub_date` datetime NOT NULL,
  `dt_mod_date` datetime DEFAULT NULL,
  `i_order` int(3) NOT NULL DEFAULT '0',
  `s_meta` text
) ENGINE=InnoDB DEFAULT CHARSET=utf8;

--
-- Дамп данных таблицы `oc_t_pages`
--

INSERT INTO `oc_t_pages` (`pk_i_id`, `s_internal_name`, `b_indelible`, `b_link`, `dt_pub_date`, `dt_mod_date`, `i_order`, `s_meta`) VALUES
(1, 'email_item_inquiry', 1, 1, '2017-10-31 11:09:11', NULL, 0, NULL),
(2, 'email_user_validation', 1, 1, '2017-10-31 11:09:11', NULL, 0, NULL),
(3, 'email_user_registration', 1, 1, '2017-10-31 11:09:11', NULL, 0, NULL),
(4, 'email_send_friend', 1, 1, '2017-10-31 11:09:11', NULL, 0, NULL),
(5, 'alert_email_hourly', 1, 1, '2017-10-31 11:09:11', NULL, 0, NULL),
(6, 'alert_email_daily', 1, 1, '2017-10-31 11:09:11', NULL, 0, NULL),
(7, 'alert_email_weekly', 1, 1, '2017-10-31 11:09:11', NULL, 0, NULL),
(8, 'alert_email_instant', 1, 1, '2017-10-31 11:09:11', NULL, 0, NULL),
(9, 'email_new_comment_admin', 1, 1, '2017-10-31 11:09:11', NULL, 0, NULL),
(10, 'email_new_item_non_register_user', 1, 1, '2017-10-31 11:09:11', NULL, 0, NULL),
(11, 'email_item_validation', 1, 1, '2017-10-31 11:09:11', NULL, 0, NULL),
(12, 'email_admin_new_item', 1, 1, '2017-10-31 11:09:11', NULL, 0, NULL),
(13, 'email_user_forgot_password', 1, 1, '2017-10-31 11:09:11', NULL, 0, NULL),
(14, 'email_new_email', 1, 1, '2017-10-31 11:09:11', NULL, 0, NULL),
(15, 'email_alert_validation', 1, 1, '2017-10-31 11:09:11', NULL, 0, NULL),
(16, 'email_comment_validated', 1, 1, '2017-10-31 11:09:12', NULL, 0, NULL),
(17, 'email_item_validation_non_register_user', 1, 1, '2017-10-31 11:09:12', NULL, 0, NULL),
(18, 'email_admin_new_user', 1, 1, '2017-10-31 11:09:12', NULL, 0, NULL),
(19, 'email_contact_user', 1, 1, '2017-10-31 11:09:12', NULL, 0, NULL),
(20, 'email_new_comment_user', 1, 1, '2017-10-31 11:09:12', NULL, 0, NULL),
(21, 'email_new_admin', 1, 1, '2017-10-31 11:09:12', NULL, 0, NULL),
(22, 'email_warn_expiration', 1, 1, '2017-10-31 11:09:12', NULL, 0, NULL),
(24, 'about', 0, 1, '2018-01-13 11:12:11', '2018-01-13 11:12:56', 1, '\"\"'),
(25, 'contacts', 0, 1, '2018-01-13 15:17:51', '2018-01-15 14:00:30', 2, '\"\"'),
(26, 'sotrudnichestvo-s-nami', 0, 1, '2018-01-15 14:03:45', '2018-01-15 14:03:45', 3, '\"\"'),
(27, 'usloviya-ispolzovaniya-sajta', 0, 1, '2018-01-15 14:04:16', '2018-01-15 14:04:16', 4, '\"\"'),
(28, 'zakaz-i-dostavka', 0, 1, '2018-01-15 14:04:52', '2018-01-15 14:04:52', 5, '\"\"'),
(29, 'oplata-i-vozvrat', 0, 1, '2018-01-15 14:05:22', '2018-01-15 14:05:22', 6, '\"\"'),
(30, 'catalog', 0, 0, '2018-01-24 11:59:01', '2018-01-26 13:34:44', 7, '\"\"');

-- --------------------------------------------------------

--
-- Структура таблицы `oc_t_pages_description`
--

CREATE TABLE `oc_t_pages_description` (
  `fk_i_pages_id` int(10) UNSIGNED NOT NULL,
  `fk_c_locale_code` char(5) NOT NULL,
  `s_title` varchar(255) NOT NULL,
  `s_text` text
) ENGINE=InnoDB DEFAULT CHARSET=utf8;

--
-- Дамп данных таблицы `oc_t_pages_description`
--

INSERT INTO `oc_t_pages_description` (`fk_i_pages_id`, `fk_c_locale_code`, `s_title`, `s_text`) VALUES
(1, 'en_US', '{WEB_TITLE} - Someone has a question about your listing', '<p>Hi {CONTACT_NAME}!</p><p>{USER_NAME} ({USER_EMAIL}, {USER_PHONE}) left you a message about your listing <a href=\"{ITEM_URL}\">{ITEM_TITLE}</a>:</p><p>{COMMENT}</p><p>Regards,</p><p>{WEB_LINK}</p>'),
(1, 'ru_RU', '{WEB_TITLE} - У кого-то есть вопрос о вашем объявлении', '<p>Привет {CONTACT_NAME}!</p><p>{USER_NAME} ({USER_EMAIL}, {USER_PHONE}) написал сообщение по поводу Вашего объявления <a href=\"{ITEM_URL}\">{ITEM_TITLE}</a>:</p><p>{COMMENT}</p><p>С уважением,</p><p>{WEB_LINK}</p>'),
(2, 'en_US', 'Please validate your {WEB_TITLE} account', '<p>Hi {USER_NAME},</p><p>Please validate your registration by clicking on the following link: {VALIDATION_LINK}</p><p>Thank you!</p><p>Regards,</p><p>{WEB_LINK}</p>'),
(2, 'ru_RU', 'Подтверждение регистрации на сайте {WEB_TITLE}', '<p>Привет {USER_NAME},</p><p>Просьба подтвердить Вашу регистрацию, нажав на следующую ссылку: {VALIDATION_LINK}</p><p>Спасибо!</p><p>С уважением,</p><p>{WEB_LINK}</p>'),
(3, 'en_US', '{WEB_TITLE} - Registration successful!', '<p>Hi {USER_NAME},</p><p>You\'ve successfully registered for {WEB_LINK}.</p><p>Thank you!</p><p>Regards,</p><p>{WEB_LINK}</p>'),
(3, 'ru_RU', '{WEB_TITLE} - Успешная регистрация!', '<p>Hi {USER_NAME},</p><p>You\'ve successfully registered for {WEB_LINK}.</p><p>Thank you!</p><p>Regards,</p><p>{WEB_LINK}</p>'),
(4, 'en_US', 'Look at what I discovered on {WEB_TITLE}', '<p>Hi {FRIEND_NAME},</p><p>Your friend {USER_NAME} wants to share this listing with you <a href=\"{ITEM_URL}\">{ITEM_TITLE}</a>.</p><p>Message:</p><p>{COMMENT}</p><p>Regards,</p><p>{WEB_TITLE}</p>'),
(4, 'ru_RU', 'Посмотри, что я обнаружил на {WEB_TITLE}', '<p>Привет {FRIEND_NAME},</p><p>Ваш друг {USER_NAME} хочет поделиться с Вами информацией <a href=\"{ITEM_URL}\">{ITEM_TITLE}</a>.</p><p>Сообщение:</p><p>{COMMENT}</p><p>С уважением,</p><p>{WEB_TITLE}</p>'),
(5, 'en_US', '{WEB_TITLE} - New listings in the last hour', '<p>Hi {USER_NAME},</p><p>New listings have been published in the last hour. Take a look at them:</p><p>{ADS}</p><p>-------------</p><p>To unsubscribe from this alert, click on: {UNSUB_LINK}</p><p>{WEB_LINK}</p>'),
(5, 'ru_RU', '{WEB_TITLE} - Новое объявление in the last hour', '<p>Привет {USER_NAME},</p><p>Новые объявления опубликованные за последний час. Взгляните на них:</p><p>{ADS}</p><p>-------------</p><p>Чтобы отписаться от этой рассылки , перейдите по ссылке: {UNSUB_LINK}</p><p>{WEB_LINK}</p>'),
(6, 'en_US', '{WEB_TITLE} - New listings in the last day', '<p>Hi {USER_NAME},</p><p>New listings have been published in the last day. Take a look at them:</p><p>{ADS}</p><p>-------------</p><p>To unsubscribe from this alert, click on: {UNSUB_LINK}</p><p>{WEB_LINK}</p>'),
(6, 'ru_RU', '{WEB_TITLE} - Новое объявление in the last day', '<p>Привет {USER_NAME},</p><p>Новые объявления за прошедший день. Взгляните на них:</p><p>{ADS}</p><p>-------------</p><p>Чтобы отписаться от этой рассылки, перейдите по ссылке: {UNSUB_LINK}</p><p>{WEB_LINK}</p>'),
(7, 'en_US', '{WEB_TITLE} - New listings in the last week', '<p>Hi {USER_NAME},</p><p>New listings have been published in the last week. Take a look at them:</p><p>{ADS}</p><p>-------------</p><p>To unsubscribe from this alert, click on: {UNSUB_LINK}</p><p>{WEB_LINK}</p>'),
(7, 'ru_RU', '{WEB_TITLE} - Новое объявление in the last week', '<p>Привет {USER_NAME},</p><p>Новые объявления опубликованные на прошлой неделе. Взгляните на них:</p><p>{ADS}</p><p>-------------</p><p>Чтобы отписаться от этой рассылки, перейдите по ссылке: {UNSUB_LINK}</p><p>{WEB_LINK}</p>'),
(8, 'en_US', '{WEB_TITLE} - New listings', '<p>Hi {USER_NAME},</p><p>A new listing has been published, check it out!</p><p>{ADS}</p><p>-------------</p><p>To unsubscribe from this alert, click on: {UNSUB_LINK}</p><p>{WEB_LINK}</p>'),
(8, 'ru_RU', '{WEB_TITLE} - Новое объявление', '<p>Привет {USER_NAME},</p><p>Опубликовано новое объявление!</p><p>{ADS}</p><p>-------------</p><p>Для того чтобы отписаться от этой рассылки, перейдите по ссылке: {UNSUB_LINK}</p><p>{WEB_LINK}</p>'),
(9, 'en_US', '{WEB_TITLE} - New comment', '<p>Someone commented on the listing <a href=\"{ITEM_URL}\">{ITEM_TITLE}</a>.</p><p>Commenter: {COMMENT_AUTHOR}<br />Commenter\'s email: {COMMENT_EMAIL}<br />Title: {COMMENT_TITLE}<br />Comment: {COMMENT_TEXT}</p>'),
(9, 'ru_RU', '{WEB_TITLE} - Новый комментарий', '<p>Someone commented on the listing <a href=\"{ITEM_URL}\">{ITEM_TITLE}</a>.</p><p>Commenter: {COMMENT_AUTHOR}<br />Commenter\'s email: {COMMENT_EMAIL}<br />Title: {COMMENT_TITLE}<br />Comment: {COMMENT_TEXT}</p>'),
(10, 'en_US', '{WEB_TITLE} - Edit options for the listing {ITEM_TITLE}', '<p>Hi {USER_NAME},</p><p>You\'re not registered at {WEB_LINK}, but you can still edit or delete the listing <a href=\"{ITEM_URL}\">{ITEM_TITLE}</a> for a short period of time.</p><p>You can edit your listing by following this link: {EDIT_LINK}</p><p>You can delete your listing by following this link: {DELETE_LINK}</p><p>If you register as a user, you will have full access to editing options.</p><p>Regards,</p><p>{WEB_LINK}</p>'),
(10, 'ru_RU', '{WEB_TITLE} - Возможности редактирования для объявления {ITEM_TITLE}', '<p>Hi {USER_NAME},</p><p>You\'re not registered at {WEB_LINK}, but you can still edit or delete the listing <a href=\"{ITEM_URL}\">{ITEM_TITLE}</a> for a short period of time.</p><p>You can edit your listing by following this link: {EDIT_LINK}</p><p>You can delete your listing by following this link: {DELETE_LINK}</p><p>If you register as a user, you will have full access to editing options.</p><p>Regards,</p><p>{WEB_LINK}</p>'),
(11, 'en_US', '{WEB_TITLE} - Validate your listing', '<p>Hi {USER_NAME},</p><p>You\'re receiving this e-mail because a listing has been published at {WEB_LINK}. Please validate this listing by clicking on the following link: {VALIDATION_LINK}. If you didn\'t publish this listing, please ignore this email.</p><p>Listing details:</p><p>Contact name: {USER_NAME}<br />Contact e-mail: {USER_EMAIL}</p><p>{ITEM_DESCRIPTION}</p><p>Url: {ITEM_URL}</p><p>Regards,</p><p>{WEB_LINK}</p>'),
(11, 'ru_RU', '{WEB_TITLE} - Подтверждение объявления', '<p>Hi {USER_NAME},</p><p>You\'re receiving this e-mail because a listing has been published at {WEB_LINK}. Please validate this listing by clicking on the following link: {VALIDATION_LINK}. If you didn\'t publish this listing, please ignore this email.</p><p>Listing details:</p><p>Contact name: {USER_NAME}<br />Contact e-mail: {USER_EMAIL}</p><p>{ITEM_DESCRIPTION}</p><p>Url: {ITEM_URL}</p><p>Regards,</p><p>{WEB_LINK}</p>'),
(12, 'en_US', '{WEB_TITLE} - A new listing has been published', '<p>Dear {WEB_TITLE} admin,</p><p>You\'re receiving this email because a listing has been published at {WEB_LINK}.</p><p>Listing details:</p><p>Contact name: {USER_NAME}<br />Contact email: {USER_EMAIL}</p><p>{ITEM_DESCRIPTION}</p><p>Url: {ITEM_URL}</p><p>You can edit this listing by clicking on the following link: {EDIT_LINK}</p><p>Regards,</p><p>{WEB_LINK}</p>'),
(12, 'ru_RU', '{WEB_TITLE} - Опубликовано новое объявление', '<p>Dear {WEB_TITLE} admin,</p><p>You\'re receiving this email because a listing has been published at {WEB_LINK}.</p><p>Listing details:</p><p>Contact name: {USER_NAME}<br />Contact email: {USER_EMAIL}</p><p>{ITEM_DESCRIPTION}</p><p>Url: {ITEM_URL}</p><p>You can edit this listing by clicking on the following link: {EDIT_LINK}</p><p>Regards,</p><p>{WEB_LINK}</p>'),
(13, 'en_US', '{WEB_TITLE} - Recover your password', '<p>Hi {USER_NAME},</p><p>We\'ve sent you this e-mail because you\'ve requested a password reminder. Follow this link to recover it: {PASSWORD_LINK}</p><p>The link will be deactivated in 24 hours.</p><p>If you didn\'t request a password reminder, please ignore this message. This request was made from IP {IP_ADDRESS} on {DATE_TIME}</p><p>Regards,</p><p>{WEB_LINK}</p>'),
(13, 'ru_RU', '{WEB_TITLE} - Восстановления пароля', '<p>Hi {USER_NAME},</p><p>We\'ve sent you this e-mail because you\'ve requested a password reminder. Follow this link to recover it: {PASSWORD_LINK}</p><p>The link will be deactivated in 24 hours.</p><p>If you didn\'t request a password reminder, please ignore this message. This request was made from IP {IP_ADDRESS} on {DATE_TIME}</p><p>Regards,</p><p>{WEB_LINK}</p>'),
(14, 'en_US', '{WEB_TITLE} - You requested an email change', '<p>Hi {USER_NAME}</p><p>You\'re receiving this e-mail because you requested an e-mail change. Please confirm this new e-mail address by clicking on the following validation link: {VALIDATION_LINK}</p><p>Regards,</p><p>{WEB_LINK}</p>'),
(14, 'ru_RU', '{WEB_TITLE} - Запрос на смену адреса почты', '<p>Hi {USER_NAME}</p><p>You\'re receiving this e-mail because you requested an e-mail change. Please confirm this new e-mail address by clicking on the following validation link: {VALIDATION_LINK}</p><p>Regards,</p><p>{WEB_LINK}</p>'),
(15, 'en_US', '{WEB_TITLE} - Please validate your alert', '<p>Hi {USER_NAME},</p><p>Please validate your alert registration by clicking on the following link: {VALIDATION_LINK}</p><p>Thank you!</p><p>Regards,</p><p>{WEB_LINK}</p>'),
(15, 'ru_RU', '{WEB_TITLE} - Пожалуйста, подтвердите подписку', '<p>Привет {USER_NAME},</p><p> подтвердите регистрацию, нажав на следующую ссылку: {VALIDATION_LINK}</p><p>Спасибо!</p><p>С уважением,</p><p>{WEB_LINK}</p>'),
(16, 'en_US', '{WEB_TITLE} - Your comment has been approved', '<p>Hi {COMMENT_AUTHOR},</p><p>Your comment on <a href=\"{ITEM_URL}\">{ITEM_TITLE}</a> has been approved.</p><p>Regards,</p><p>{WEB_LINK}</p>'),
(16, 'ru_RU', '{WEB_TITLE} - Ваш комментарий одобрен', '<p>Привет {COMMENT_AUTHOR},</p><p>Ваш комментарий на <a href=\"{ITEM_URL}\">{ITEM_TITLE}</a> успешно утвержден.</p><p>С уважением,</p><p>{WEB_LINK}</p>'),
(17, 'en_US', '{WEB_TITLE} - Validate your listing', '<p>Hi {USER_NAME},</p><p>You\'re receiving this e-mail because you’ve published a listing at {WEB_LINK}. Please validate this listing by clicking on the following link: {VALIDATION_LINK}. If you didn\'t publish this listing, please ignore this e-mail.</p><p>Listing details:</p><p>Contact name: {USER_NAME}<br />Contact e-mail: {USER_EMAIL}</p><p>{ITEM_DESCRIPTION}</p><p>Url: {ITEM_URL}</p><p>Even if you\'re not registered at {WEB_LINK}, you can still edit or delete your listing:</p><p>You can edit your listing by following this link: {EDIT_LINK}</p><p>You can delete your listing by following this link: {DELETE_LINK}</p><p>Regards,</p><p>{WEB_LINK}</p>'),
(17, 'ru_RU', '{WEB_TITLE} - Подтверждение объявления', '<p>Hi {USER_NAME},</p><p>You\'re receiving this e-mail because you’ve published a listing at {WEB_LINK}. Please validate this listing by clicking on the following link: {VALIDATION_LINK}. If you didn\'t publish this listing, please ignore this e-mail.</p><p>Listing details:</p><p>Contact name: {USER_NAME}<br />Contact e-mail: {USER_EMAIL}</p><p>{ITEM_DESCRIPTION}</p><p>Url: {ITEM_URL}</p><p>Even if you\'re not registered at {WEB_LINK}, you can still edit or delete your listing:</p><p>You can edit your listing by following this link: {EDIT_LINK}</p><p>You can delete your listing by following this link: {DELETE_LINK}</p><p>Regards,</p><p>{WEB_LINK}</p>'),
(18, 'en_US', '{WEB_TITLE} - A new user has registered', '<p>Dear {WEB_TITLE} admin,</p><p>You\'re receiving this email because a new user has been created at {WEB_LINK}.</p><p>User details:</p><p>Name: {USER_NAME}<br />E-mail: {USER_EMAIL}</p><p>Regards,</p><p>{WEB_LINK}</p>'),
(18, 'ru_RU', '{WEB_TITLE} - Регистрация нового пользователя', '<p>Dear {WEB_TITLE} admin,</p><p>You\'re receiving this email because a new user has been created at {WEB_LINK}.</p><p>User details:</p><p>Name: {USER_NAME}<br />E-mail: {USER_EMAIL}</p><p>Regards,</p><p>{WEB_LINK}</p>'),
(19, 'en_US', '{WEB_TITLE} - Someone has a question for you', '<p>Hi {CONTACT_NAME}!</p><p>{USER_NAME} ({USER_EMAIL}, {USER_PHONE}) left you a message:</p><p>{COMMENT}</p><p>Regards,</p><p>{WEB_LINK}</p>'),
(19, 'ru_RU', '{WEB_TITLE} - У кого то есть вопрос к Вам', '<p>Привет {CONTACT_NAME}!</p><p>{USER_NAME} ({USER_EMAIL}, {USER_PHONE}) оставил Вам сообщение:</p><p>{COMMENT}</p><p>С уважением,</p><p>{WEB_LINK}</p>'),
(20, 'en_US', '{WEB_TITLE} - Someone has commented on your listing', '<p>There\'s a new comment on the listing: <a href=\"{ITEM_URL}\">{ITEM_TITLE}</a>.</p><p>Author: {COMMENT_AUTHOR}<br />Author\'s email: {COMMENT_EMAIL}<br />Title: {COMMENT_TITLE}<br />Comment: {COMMENT_TEXT}</p><p>{WEB_LINK}</p>'),
(20, 'ru_RU', '{WEB_TITLE} - Кто то оставил комментарий на Ваше объявление', '<p>There\'s a new comment on the listing: <a href=\"{ITEM_URL}\">{ITEM_TITLE}</a>.</p><p>Author: {COMMENT_AUTHOR}<br />Author\'s email: {COMMENT_EMAIL}<br />Title: {COMMENT_TITLE}<br />Comment: {COMMENT_TEXT}</p><p>{WEB_LINK}</p>'),
(21, 'en_US', '{WEB_TITLE} - Success creating admin account!', '<p>Hi {ADMIN_NAME},</p><p>The admin of {WEB_LINK} has created an account for you,</p><ul><li>Username: {USERNAME}</li><li>Password: {PASSWORD}</li></ul><p>You can access the admin panel here {WEB_ADMIN_LINK}.</p><p>Thank you!</p><p>Regards,</p>'),
(21, 'ru_RU', '{WEB_TITLE} - Успешное создание учетной записи администратора!', '<p>Здравствуйте {ADMIN_NAME},</p><p>Администратор {WEB_LINK} создал для Вас личный кабинет,</p><ul><li>Имя пользователя: {USERNAME}</li><li>Пароль: {PASSWORD}</li></ul><p>Для управления вашим личным кабинетом перейдите по ссылке {WEB_ADMIN_LINK}.</p><p>Благодарим Вас!</p><p>С уважением,</p>'),
(22, 'en_US', '{WEB_TITLE} - Your ad is about to expire', '<p>Hi {USER_NAME},</p><p>Your listing <a href=\"{ITEM_URL}\">{ITEM_TITLE}</a> is about to expire at {WEB_LINK}.'),
(22, 'ru_RU', '{WEB_TITLE} - Ваше объявление скоро станет не актуальным', '<p>Привет {USER_NAME},</p><p> Ваше объявление <a href=\"{ITEM_URL}\">{ITEM_TITLE}</a> - уже не актуально {WEB_LINK}.'),
(24, 'ru_RU', 'О нас', '<p>О нас</p>'),
(25, 'ru_RU', 'Контакты', '<p>Контакты</p>'),
(26, 'ru_RU', ' Сотрудничество с нами', '<p> Сотрудничество с нами</p>'),
(27, 'ru_RU', 'Условия использования сайта', '<p>Условия использования сайта</p>'),
(28, 'ru_RU', 'Заказ и доставка', '<p>Заказ и доставка</p>'),
(29, 'ru_RU', 'Оплата и возврат', '<p>Оплата и возврат</p>'),
(30, 'ru_RU', 'Каталог объектов', '<p>catalog</p>');

-- --------------------------------------------------------

--
-- Структура таблицы `oc_t_plugin_category`
--

CREATE TABLE `oc_t_plugin_category` (
  `s_plugin_name` varchar(40) NOT NULL,
  `fk_i_category_id` int(10) UNSIGNED NOT NULL
) ENGINE=InnoDB DEFAULT CHARSET=utf8;

--
-- Дамп данных таблицы `oc_t_plugin_category`
--

INSERT INTO `oc_t_plugin_category` (`s_plugin_name`, `fk_i_category_id`) VALUES
('realestate_plugin', 100),
('realestate_plugin', 102),
('realestate_plugin', 104),
('realestate_plugin', 105),
('realestate_plugin', 106),
('realestate_plugin', 97),
('realestate_plugin', 108),
('realestate_plugin', 110),
('realestate_plugin', 96),
('realestate_plugin', 101),
('realestate_plugin', 107);

-- --------------------------------------------------------

--
-- Структура таблицы `oc_t_preference`
--

CREATE TABLE `oc_t_preference` (
  `s_section` varchar(128) NOT NULL,
  `s_name` varchar(128) NOT NULL,
  `s_value` longtext NOT NULL,
  `e_type` enum('STRING','INTEGER','BOOLEAN') NOT NULL
) ENGINE=InnoDB DEFAULT CHARSET=utf8;

--
-- Дамп данных таблицы `oc_t_preference`
--

INSERT INTO `oc_t_preference` (`s_section`, `s_name`, `s_value`, `e_type`) VALUES
('bender', 'defaultLocationShowAs', 'dropdown', 'STRING'),
('bender', 'defaultShowAs@all', 'list', 'STRING'),
('bender', 'donation', '0', 'STRING'),
('bender', 'footer_link', '1', 'STRING'),
('bender', 'keyword_placeholder', 'ie. PHP Programmer', 'STRING'),
('bender', 'version', '314', 'STRING'),
('frclassifieds', 'bg_header_scroll', 'fixed', 'STRING'),
('frclassifieds', 'bg_search_scroll', 'fixed', 'STRING'),
('frclassifieds', 'copyright-info', '2016 © All Rights Reserved', 'STRING'),
('frclassifieds', 'defaultLocationShowAs', 'dropdown', 'STRING'),
('frclassifieds', 'help-line', '+(22)2-2222-222', 'STRING'),
('frclassifieds', 'icon-1', 'px px-paper-bag', 'STRING'),
('frclassifieds', 'icon-2', 'px px-car', 'STRING'),
('frclassifieds', 'icon-3', 'px px-book', 'STRING'),
('frclassifieds', 'icon-4', 'px px-house', 'STRING'),
('frclassifieds', 'icon-5', 'px px-tools', 'STRING'),
('frclassifieds', 'icon-6', 'px px-mic', 'STRING'),
('frclassifieds', 'icon-7', 'px px-heart', 'STRING'),
('frclassifieds', 'icon-8', 'px px-briefcase', 'STRING'),
('frclassifieds', 'keyword_placeholder', 'ie. PHP Programmer', 'STRING'),
('frclassifieds', 'max_price', '1000', 'INTEGER'),
('frclassifieds', 'min_price', '0', 'INTEGER'),
('frclassifieds', 'num-popular-ads', '10', 'INTEGER'),
('frclassifieds', 'premium_number', '10', 'INTEGER'),
('frclassifieds', 'step_range', '500', 'INTEGER'),
('frclassifieds', 'theme_version', '107', 'INTEGER'),
('frclassifieds', 'version', '1.0.7', 'STRING'),
('google_maps', 'include_maps_js', '1', 'STRING'),
('google_maps', 'maps_key', 'AIzaSyBVNSNf7dZEZ40LPuSR0XDNwU1i8rm6cdE', 'STRING'),
('modern_admin_theme', 'compact_mode', '0', 'STRING'),
('modern_theme', 'default_logo', '1', 'STRING'),
('modern_theme', 'donation', '0', 'STRING'),
('modern_theme', 'footer_link', '1', 'STRING'),
('modern_theme', 'keyword_placeholder', 'ie. PHP Programmer', 'STRING'),
('modern_theme', 'version', '3.0.1', 'STRING'),
('osclass', 'active_plugins', 'a:7:{i:5;s:19:\"main_menu/index.php\";i:12;s:21:\"breadcrumbs/index.php\";i:14;s:31:\"realestate_attributes/index.php\";i:15;s:23:\"filter_search/index.php\";i:16;s:18:\"importer/index.php\";i:17;s:19:\"telephone/index.php\";i:18;s:20:\"user_photo/index.php\";}', 'STRING'),
('osclass', 'admin_language', 'en_US', 'STRING'),
('osclass', 'admin_theme', 'modern', 'STRING'),
('osclass', 'akismetKey', '', 'STRING'),
('osclass', 'allowedExt', 'png,gif,jpg,jpeg', 'STRING'),
('osclass', 'allow_report_osclass', '1', 'BOOLEAN'),
('osclass', 'auto_cron', '1', 'STRING'),
('osclass', 'auto_update', 'disabled', 'STRING'),
('osclass', 'comments_per_page', '10', 'STRING'),
('osclass', 'contactEmail', 'ivinn@mail.ru', 'STRING'),
('osclass', 'contact_attachment', '0', 'STRING'),
('osclass', 'csrf_name', 'CSRF692077846', 'STRING'),
('osclass', 'currency', 'RUB', 'STRING'),
('osclass', 'dateFormat', 'd/m/Y', 'STRING'),
('osclass', 'defaultOrderField@search', 'dt_pub_date', 'STRING'),
('osclass', 'defaultOrderType@search', '1', 'BOOLEAN'),
('osclass', 'defaultResultsPerPage@search', '9', 'STRING'),
('osclass', 'defaultShowAs@search', 'list', 'STRING'),
('osclass', 'description_character_length', '5000', 'INTEGER'),
('osclass', 'dimNormal', '640x480', 'STRING'),
('osclass', 'dimPreview', '480x340', 'STRING'),
('osclass', 'dimThumbnail', '240x200', 'STRING'),
('osclass', 'enabled_comments', '0', 'STRING'),
('osclass', 'enabled_recaptcha_items', '0', 'BOOLEAN'),
('osclass', 'enabled_users', '1', 'STRING'),
('osclass', 'enabled_user_registration', '0', 'STRING'),
('osclass', 'enabled_user_validation', '1', 'STRING'),
('osclass', 'enableField#f_price@items', '1', 'BOOLEAN'),
('osclass', 'enableField#images@items', '1', 'BOOLEAN'),
('osclass', 'force_aspect_image', '1', 'STRING'),
('osclass', 'force_jpeg', '0', 'STRING'),
('osclass', 'installed_plugins', 'a:11:{i:1;s:23:\"russian_i_map/index.php\";i:4;s:19:\"main_menu/index.php\";i:6;s:18:\"richedit/index.php\";i:7;s:31:\"realestate_attributes/index.php\";i:8;s:31:\"jquery_wysiwyg_editor/index.php\";i:9;s:25:\"yandex_maps_pro/index.php\";i:13;s:21:\"breadcrumbs/index.php\";i:14;s:23:\"filter_search/index.php\";i:15;s:18:\"importer/index.php\";i:16;s:19:\"telephone/index.php\";i:17;s:20:\"user_photo/index.php\";}', 'STRING'),
('osclass', 'items_wait_time', '0', 'INTEGER'),
('osclass', 'item_attachment', '0', 'BOOLEAN'),
('osclass', 'keep_original_image', '1', 'STRING'),
('osclass', 'language', 'ru_RU', 'STRING'),
('osclass', 'languages_downloaded', '[\"en_US\",\"ru_RU\"]', 'STRING'),
('osclass', 'languages_last_version_check', '1519730052', 'STRING'),
('osclass', 'languages_to_update', '[]', 'STRING'),
('osclass', 'languages_update_count', '0', 'STRING'),
('osclass', 'last_version_check', '1519728122', 'STRING'),
('osclass', 'location_todo', '1885', 'STRING'),
('osclass', 'logged_user_item_validation', '1', 'BOOLEAN'),
('osclass', 'mailserver_auth', '', 'BOOLEAN'),
('osclass', 'mailserver_host', 'localhost', 'STRING'),
('osclass', 'mailserver_mail_from', '', 'STRING'),
('osclass', 'mailserver_name_from', '', 'STRING'),
('osclass', 'mailserver_password', '', 'STRING'),
('osclass', 'mailserver_pop', '', 'BOOLEAN'),
('osclass', 'mailserver_port', '', 'INTEGER'),
('osclass', 'mailserver_ssl', '', 'STRING'),
('osclass', 'mailserver_type', 'custom', 'STRING'),
('osclass', 'mailserver_username', '', 'STRING'),
('osclass', 'marketAllowExternalSources', '0', 'STRING'),
('osclass', 'marketAPIConnect', '', 'STRING'),
('osclass', 'marketCategories', '{\"0\":{\"value\":\"135\",\"label\":\"Apps\",\"categories\":[]},\"languages\":{\"value\":\"98\",\"label\":\"Languages\",\"categories\":[]},\"themes\":{\"value\":\"96\",\"label\":\"Themes\",\"categories\":[{\"value\":\"102\",\"label\":\"General\",\"categories\":[]},{\"value\":\"100\",\"label\":\"Jobs\",\"categories\":[]},{\"value\":\"101\",\"label\":\"Real estate\",\"categories\":[]},{\"value\":\"99\",\"label\":\"Automotive\",\"categories\":[]}]},\"plugins\":{\"value\":\"97\",\"label\":\"Plugins\",\"categories\":[{\"value\":\"103\",\"label\":\"Ad management\",\"categories\":[]},{\"value\":\"132\",\"label\":\"Appearance\",\"categories\":[]},{\"value\":\"105\",\"label\":\"Analytics\",\"categories\":[]},{\"value\":\"130\",\"label\":\"Attributes\",\"categories\":[]},{\"value\":\"106\",\"label\":\"Counters\",\"categories\":[]},{\"value\":\"107\",\"label\":\"Cloud tools\",\"categories\":[]},{\"value\":\"108\",\"label\":\"Calendars\",\"categories\":[]},{\"value\":\"109\",\"label\":\"Customer support\",\"categories\":[]},{\"value\":\"110\",\"label\":\"DB tools\",\"categories\":[]},{\"value\":\"111\",\"label\":\"Date \\/ Time\",\"categories\":[]},{\"value\":\"112\",\"label\":\"E-mail\",\"categories\":[]},{\"value\":\"114\",\"label\":\"Image galleries \\/ sliders\",\"categories\":[]},{\"value\":\"115\",\"label\":\"Maps\",\"categories\":[]},{\"value\":\"116\",\"label\":\"Mobile\",\"categories\":[]},{\"value\":\"117\",\"label\":\"Messaging\",\"categories\":[]},{\"value\":\"131\",\"label\":\"Monetize\",\"categories\":[]},{\"value\":\"119\",\"label\":\"Reviews &amp; Ratings\",\"categories\":[]},{\"value\":\"134\",\"label\":\"Search tools\",\"categories\":[]},{\"value\":\"120\",\"label\":\"Site recommendation\",\"categories\":[]},{\"value\":\"121\",\"label\":\"User Management\",\"categories\":[]},{\"value\":\"122\",\"label\":\"Payments\",\"categories\":[]},{\"value\":\"124\",\"label\":\"Text processing \\/ WYSIWYG Editors\",\"categories\":[]},{\"value\":\"125\",\"label\":\"Video \\/ Audio\",\"categories\":[]},{\"value\":\"126\",\"label\":\"Social Networks\",\"categories\":[]},{\"value\":\"127\",\"label\":\"SEO\",\"categories\":[]},{\"value\":\"133\",\"label\":\"Security\",\"categories\":[]},{\"value\":\"128\",\"label\":\"Miscellaneous\",\"categories\":[]}]}}', 'STRING'),
('osclass', 'marketDataUpdate', '1518346506', 'STRING'),
('osclass', 'marketURL', 'https://market.osclass.org/api/v3/', 'STRING'),
('osclass', 'maxLatestItems@home', '12', 'STRING'),
('osclass', 'maxResultsPerPage@search', '50', 'INTEGER'),
('osclass', 'maxSizeKb', '2048', 'STRING'),
('osclass', 'moderate_comments', '-1', 'STRING'),
('osclass', 'moderate_items', '-1', 'INTEGER'),
('osclass', 'mod_rewrite_loaded', '0', 'STRING'),
('osclass', 'notify_contact_friends', '1', 'BOOLEAN'),
('osclass', 'notify_contact_item', '1', 'BOOLEAN'),
('osclass', 'notify_new_comment', '0', 'STRING'),
('osclass', 'notify_new_comment_user', '0', 'STRING'),
('osclass', 'notify_new_item', '1', 'BOOLEAN'),
('osclass', 'notify_new_user', '1', 'STRING'),
('osclass', 'numImages@items', '30', 'INTEGER'),
('osclass', 'num_rss_items', '50', 'STRING'),
('osclass', 'osclass_installed', '1', 'BOOLEAN'),
('osclass', 'pageDesc', 'Агентство недвижимости', 'STRING'),
('osclass', 'pageTitle', 'Nord house', 'STRING'),
('osclass', 'ping_search_engines', '1', 'BOOLEAN'),
('osclass', 'plugins_downloaded', '[\"ad-importer\",\"breadcrumbs\",\"realestate-attributes\",\"telephone-plugin\",\"\",\"storenet.altervista.org\\/\",\"storenet.altervista.org\\/\",\"yandex-maps-pro\"]', 'STRING'),
('osclass', 'plugins_last_version_check', '1519730063', 'STRING'),
('osclass', 'plugins_to_update', '[]', 'STRING'),
('osclass', 'plugins_update_count', '0', 'STRING'),
('osclass', 'purge_latest_searches', '1000', 'STRING'),
('osclass', 'recaptchaPrivKey', '', 'STRING'),
('osclass', 'recaptchaPubKey', '', 'STRING'),
('osclass', 'recaptcha_version', '2', 'STRING'),
('osclass', 'reg_user_can_contact', '0', 'BOOLEAN'),
('osclass', 'reg_user_post', '0', 'BOOLEAN'),
('osclass', 'reg_user_post_comments', '0', 'STRING'),
('osclass', 'rewriteEnabled', '1', 'STRING'),
('osclass', 'rewrite_cat_url', '{CATEGORIES}', 'STRING'),
('osclass', 'rewrite_contact', 'contact', 'STRING'),
('osclass', 'rewrite_feed', 'feed', 'STRING'),
('osclass', 'rewrite_item_activate', 'item/activate', 'STRING'),
('osclass', 'rewrite_item_contact', 'item/contact', 'STRING'),
('osclass', 'rewrite_item_delete', 'item/delete', 'STRING'),
('osclass', 'rewrite_item_edit', 'item/edit', 'STRING'),
('osclass', 'rewrite_item_mark', 'item/mark', 'STRING'),
('osclass', 'rewrite_item_new', 'item/new', 'STRING'),
('osclass', 'rewrite_item_resource_delete', 'resource/delete', 'STRING'),
('osclass', 'rewrite_item_send_friend', 'item/send-friend', 'STRING'),
('osclass', 'rewrite_item_url', '{CATEGORIES}/{ITEM_TITLE}_i{ITEM_ID}', 'STRING'),
('osclass', 'rewrite_language', 'language', 'STRING'),
('osclass', 'rewrite_page_url', '{PAGE_SLUG}-p{PAGE_ID}', 'STRING'),
('osclass', 'rewrite_rules', 'a:42:{s:11:\"^contact/?$\";s:22:\"index.php?page=contact\";s:8:\"^feed/?$\";s:31:\"index.php?page=search&sFeed=rss\";s:13:\"^feed/(.+)/?$\";s:30:\"index.php?page=search&sFeed=$1\";s:18:\"^language/(.*?)/?$\";s:33:\"index.php?page=language&locale=$1\";s:8:\"^search$\";s:21:\"index.php?page=search\";s:13:\"^search/(.*)$\";s:32:\"index.php?page=search&sParams=$1\";s:28:\"^item/mark/(.*?)/([0-9]+)/?$\";s:43:\"index.php?page=item&action=mark&as=$1&id=$2\";s:29:\"^item/send-friend/([0-9]+)/?$\";s:44:\"index.php?page=item&action=send_friend&id=$1\";s:25:\"^item/contact/([0-9]+)/?$\";s:40:\"index.php?page=item&action=contact&id=$1\";s:12:\"^item/new/?$\";s:35:\"index.php?page=item&action=item_add\";s:21:\"^item/new/([0-9]+)/?$\";s:44:\"index.php?page=item&action=item_add&catId=$1\";s:32:\"^item/activate/([0-9]+)/(.*?)/?$\";s:51:\"index.php?page=item&action=activate&id=$1&secret=$2\";s:28:\"^item/edit/([0-9]+)/(.*?)/?$\";s:52:\"index.php?page=item&action=item_edit&id=$1&secret=$2\";s:30:\"^item/delete/([0-9]+)/(.*?)/?$\";s:54:\"index.php?page=item&action=item_delete&id=$1&secret=$2\";s:59:\"^resource/delete/([0-9]+)/([0-9]+)/([0-9A-Za-z]+)/?(.*?)/?$\";s:73:\"index.php?page=item&action=deleteResource&id=$1&item=$2&code=$3&secret=$4\";s:65:\"^([a-z]{2})_([A-Z]{2})/.*/.*_i([0-9]+)\\?comments-page=([0-9al]*)$\";s:53:\"index.php?page=item&id=$3&lang=$1_$2&comments-page=$4\";s:43:\"^.*/.*_i([0-9]+)\\?comments-page=([0-9al]*)$\";s:42:\"index.php?page=item&id=$1&comments-page=$2\";s:39:\"^([a-z]{2})_([A-Z]{2})/.*/.*_i([0-9]+)$\";s:36:\"index.php?page=item&id=$3&lang=$1_$2\";s:17:\"^.*/.*_i([0-9]+)$\";s:25:\"index.php?page=item&id=$1\";s:14:\"^user/login/?$\";s:20:\"index.php?page=login\";s:18:\"^user/dashboard/?$\";s:36:\"index.php?page=user&action=dashboard\";s:15:\"^user/logout/?$\";s:33:\"index.php?page=main&action=logout\";s:17:\"^user/register/?$\";s:39:\"index.php?page=register&action=register\";s:32:\"^user/activate/([0-9]+)/(.*?)/?$\";s:53:\"index.php?page=register&action=validate&id=$1&code=$2\";s:44:\"^alert/confirm/([0-9]+)/([a-zA-Z0-9]+)/(.+)$\";s:66:\"index.php?page=user&action=activate_alert&id=$1&email=$3&secret=$2\";s:16:\"^user/profile/?$\";s:34:\"index.php?page=user&action=profile\";s:25:\"^user/profile/([0-9]+)/?$\";s:44:\"index.php?page=user&action=pub_profile&id=$1\";s:21:\"^user/profile/(.+)/?$\";s:50:\"index.php?page=user&action=pub_profile&username=$1\";s:14:\"^user/items/?$\";s:32:\"index.php?page=user&action=items\";s:15:\"^user/alerts/?$\";s:33:\"index.php?page=user&action=alerts\";s:16:\"^user/recover/?$\";s:35:\"index.php?page=login&action=recover\";s:29:\"^user/forgot/([0-9]+)/(.*)/?$\";s:52:\"index.php?page=login&action=forgot&userId=$1&code=$2\";s:19:\"^password/change/?$\";s:42:\"index.php?page=user&action=change_password\";s:16:\"^email/change/?$\";s:39:\"index.php?page=user&action=change_email\";s:19:\"^username/change/?$\";s:42:\"index.php?page=user&action=change_username\";s:32:\"^email/confirm/([0-9]+)/(.*?)/?$\";s:65:\"index.php?page=user&action=change_email_confirm&userId=$1&code=$2\";s:33:\"^([\\p{L}\\p{N}_\\-,]+)-p([0-9]+)/?$\";s:33:\"index.php?page=page&id=$2&slug=$1\";s:55:\"^([a-z]{2})_([A-Z]{2})/([\\p{L}\\p{N}_\\-,]+)-p([0-9]+)/?$\";s:44:\"index.php?page=page&lang=$1_$2&id=$4&slug=$3\";s:16:\"^(.+?)\\.php(.*)$\";s:8:\"$1.php$2\";s:15:\"^(.+)/([0-9]+)$\";s:30:\"index.php?page=search&iPage=$2\";s:8:\"^(.+)/?$\";s:34:\"index.php?page=search&sCategory=$1\";s:6:\"^(.+)$\";s:21:\"index.php?page=search\";}', 'STRING'),
('osclass', 'rewrite_search_category', 'category', 'STRING'),
('osclass', 'rewrite_search_city', 'city', 'STRING'),
('osclass', 'rewrite_search_city_area', 'cityarea', 'STRING'),
('osclass', 'rewrite_search_country', 'country', 'STRING'),
('osclass', 'rewrite_search_pattern', 'pattern', 'STRING'),
('osclass', 'rewrite_search_region', 'region', 'STRING'),
('osclass', 'rewrite_search_url', 'search', 'STRING'),
('osclass', 'rewrite_search_user', 'user', 'STRING'),
('osclass', 'rewrite_user_activate', 'user/activate', 'STRING'),
('osclass', 'rewrite_user_activate_alert', 'alert/confirm', 'STRING'),
('osclass', 'rewrite_user_alerts', 'user/alerts', 'STRING'),
('osclass', 'rewrite_user_change_email', 'email/change', 'STRING'),
('osclass', 'rewrite_user_change_email_confirm', 'email/confirm', 'STRING'),
('osclass', 'rewrite_user_change_password', 'password/change', 'STRING'),
('osclass', 'rewrite_user_change_username', 'username/change', 'STRING'),
('osclass', 'rewrite_user_dashboard', 'user/dashboard', 'STRING'),
('osclass', 'rewrite_user_forgot', 'user/forgot', 'STRING'),
('osclass', 'rewrite_user_items', 'user/items', 'STRING'),
('osclass', 'rewrite_user_login', 'user/login', 'STRING'),
('osclass', 'rewrite_user_logout', 'user/logout', 'STRING'),
('osclass', 'rewrite_user_profile', 'user/profile', 'STRING'),
('osclass', 'rewrite_user_recover', 'user/recover', 'STRING'),
('osclass', 'rewrite_user_register', 'user/register', 'STRING'),
('osclass', 'save_latest_searches', '0', 'BOOLEAN'),
('osclass', 'selectable_parent_categories', '1', 'STRING'),
('osclass', 'seo_url_search_prefix', '', 'STRING'),
('osclass', 'subdomain_host', '', 'STRING'),
('osclass', 'subdomain_type', '', 'STRING'),
('osclass', 'theme', 'realestate', 'STRING'),
('osclass', 'themes_downloaded', '[\"bender\",\"realestate\",\"modern\"]', 'STRING'),
('osclass', 'themes_last_version_check', '1519730044', 'STRING'),
('osclass', 'themes_to_update', '[\"bender\",\"modern\"]', 'STRING'),
('osclass', 'themes_update_count', '2', 'STRING'),
('osclass', 'timeFormat', 'H:i', 'STRING'),
('osclass', 'timezone', 'Europe/Moscow', 'STRING'),
('osclass', 'title_character_length', '100', 'INTEGER'),
('osclass', 'update_core_json', '', 'STRING'),
('osclass', 'username_blacklist', 'admin,user', 'STRING'),
('osclass', 'use_imagick', '1', 'STRING'),
('osclass', 'version', '374', 'INTEGER'),
('osclass', 'warn_expiration', '0', 'INTEGER'),
('osclass', 'watermark_image', '', 'STRING'),
('osclass', 'watermark_place', 'centre', 'STRING'),
('osclass', 'watermark_text', '', 'STRING'),
('osclass', 'watermark_text_color', '', 'STRING'),
('osclass', 'weekStart', '1', 'STRING'),
('plugin_jquery_wysiwyg_editor', 'jQWE_aligncenter', '1', 'BOOLEAN'),
('plugin_jquery_wysiwyg_editor', 'jQWE_alignjustified', '', 'BOOLEAN'),
('plugin_jquery_wysiwyg_editor', 'jQWE_alignleft', '1', 'BOOLEAN'),
('plugin_jquery_wysiwyg_editor', 'jQWE_alignright', '1', 'BOOLEAN'),
('plugin_jquery_wysiwyg_editor', 'jQWE_allowHTML', '1', 'BOOLEAN'),
('plugin_jquery_wysiwyg_editor', 'jQWE_bgcolor', '1', 'BOOLEAN'),
('plugin_jquery_wysiwyg_editor', 'jQWE_bold', '1', 'BOOLEAN'),
('plugin_jquery_wysiwyg_editor', 'jQWE_clear', '1', 'BOOLEAN'),
('plugin_jquery_wysiwyg_editor', 'jQWE_fonts', '1', 'BOOLEAN'),
('plugin_jquery_wysiwyg_editor', 'jQWE_fontsize', '1', 'BOOLEAN'),
('plugin_jquery_wysiwyg_editor', 'jQWE_header', '1', 'BOOLEAN'),
('plugin_jquery_wysiwyg_editor', 'jQWE_indent', '1', 'BOOLEAN'),
('plugin_jquery_wysiwyg_editor', 'jQWE_italic', '1', 'BOOLEAN'),
('plugin_jquery_wysiwyg_editor', 'jQWE_link', '1', 'BOOLEAN'),
('plugin_jquery_wysiwyg_editor', 'jQWE_ordered', '1', 'BOOLEAN'),
('plugin_jquery_wysiwyg_editor', 'jQWE_outdent', '1', 'BOOLEAN'),
('plugin_jquery_wysiwyg_editor', 'jQWE_placeholder', 'Enter your description here', 'STRING'),
('plugin_jquery_wysiwyg_editor', 'jQWE_placeholderURL', 'http://nord/', 'STRING'),
('plugin_jquery_wysiwyg_editor', 'jQWE_strikethrough', '1', 'BOOLEAN'),
('plugin_jquery_wysiwyg_editor', 'jQWE_subscript', '', 'BOOLEAN'),
('plugin_jquery_wysiwyg_editor', 'jQWE_superscript', '', 'BOOLEAN'),
('plugin_jquery_wysiwyg_editor', 'jQWE_textcolor', '1', 'BOOLEAN'),
('plugin_jquery_wysiwyg_editor', 'jQWE_underline', '1', 'BOOLEAN'),
('plugin_jquery_wysiwyg_editor', 'jQWE_unordered', '1', 'BOOLEAN'),
('realestate', 'defaultLocationShowAs', 'dropdown', 'STRING'),
('realestate', 'keyword_placeholder', 'Luxury Villas', 'STRING'),
('realestate', 'theme_version', '202', 'STRING'),
('richedit', 'buttons1', 'bold,italic,underline,forecolor,separator,undo,redo,separator,justifycenter,justifyright,justifyfull,separator,bullist,numlist,separator,link,unlink,separator,code', 'STRING'),
('richedit', 'buttons2', '', 'STRING'),
('richedit', 'buttons3', '', 'STRING'),
('richedit', 'height', '240px', 'STRING'),
('richedit', 'plugins', '', 'STRING'),
('richedit', 'skin', 'o2k7', 'STRING'),
('richedit', 'skin_variant', 'silver', 'STRING'),
('richedit', 'theme', 'advanced', 'STRING'),
('richedit', 'width', '600px', 'STRING'),
('telephone', 'hide_digits', '1', 'STRING'),
('yandex_maps_pro', 'api_key', '', 'STRING'),
('yandex_maps_pro', 'version', '100', 'INTEGER');

-- --------------------------------------------------------

--
-- Структура таблицы `oc_t_region`
--

CREATE TABLE `oc_t_region` (
  `pk_i_id` int(10) UNSIGNED NOT NULL,
  `fk_c_country_code` char(2) NOT NULL,
  `s_name` varchar(60) NOT NULL,
  `s_slug` varchar(60) NOT NULL DEFAULT '',
  `b_active` tinyint(1) NOT NULL DEFAULT '1'
) ENGINE=InnoDB DEFAULT CHARSET=utf8;

--
-- Дамп данных таблицы `oc_t_region`
--

INSERT INTO `oc_t_region` (`pk_i_id`, `fk_c_country_code`, `s_name`, `s_slug`, `b_active`) VALUES
(781839, 'ru', 'Агинский Бурятский автономный округ', '%d0%90%d0%b3%d0%b8%d0%bd%d1%81%d0%ba%d0%b8%d0%b9-%d0%91%d1%8', 1),
(781840, 'ru', 'Алтайский край', '%d0%90%d0%bb%d1%82%d0%b0%d0%b9%d1%81%d0%ba%d0%b8%d0%b9-%d0%b', 1),
(781841, 'ru', 'Амурская область', '%d0%90%d0%bc%d1%83%d1%80%d1%81%d0%ba%d0%b0%d1%8f-%d0%be%d0%b', 1),
(781842, 'ru', 'Архангельская область', '%d0%90%d1%80%d1%85%d0%b0%d0%bd%d0%b3%d0%b5%d0%bb%d1%8c%d1%81', 1),
(781843, 'ru', 'Астраханская область', '%d0%90%d1%81%d1%82%d1%80%d0%b0%d1%85%d0%b0%d0%bd%d1%81%d0%ba', 1),
(781844, 'ru', 'Белгородская область', '%d0%91%d0%b5%d0%bb%d0%b3%d0%be%d1%80%d0%be%d0%b4%d1%81%d0%ba', 1),
(781845, 'ru', 'Брянская область', '%d0%91%d1%80%d1%8f%d0%bd%d1%81%d0%ba%d0%b0%d1%8f-%d0%be%d0%b', 1),
(781846, 'ru', 'Владимирская область', '%d0%92%d0%bb%d0%b0%d0%b4%d0%b8%d0%bc%d0%b8%d1%80%d1%81%d0%ba', 1),
(781847, 'ru', 'Волгоградская область', '%d0%92%d0%be%d0%bb%d0%b3%d0%be%d0%b3%d1%80%d0%b0%d0%b4%d1%81', 1),
(781848, 'ru', 'Вологодская область', '%d0%92%d0%be%d0%bb%d0%be%d0%b3%d0%be%d0%b4%d1%81%d0%ba%d0%b0', 1),
(781849, 'ru', 'Воронежская область', '%d0%92%d0%be%d1%80%d0%be%d0%bd%d0%b5%d0%b6%d1%81%d0%ba%d0%b0', 1),
(781850, 'ru', 'Еврейская автономная область', '%d0%95%d0%b2%d1%80%d0%b5%d0%b9%d1%81%d0%ba%d0%b0%d1%8f-%d0%b', 1),
(781851, 'ru', 'Ивановская область', '%d0%98%d0%b2%d0%b0%d0%bd%d0%be%d0%b2%d1%81%d0%ba%d0%b0%d1%8f', 1),
(781852, 'ru', 'Иркутская область', '%d0%98%d1%80%d0%ba%d1%83%d1%82%d1%81%d0%ba%d0%b0%d1%8f-%d0%b', 1),
(781853, 'ru', 'Кабардино-Балкарская Республика', '%d0%9a%d0%b0%d0%b1%d0%b0%d1%80%d0%b4%d0%b8%d0%bd%d0%be-%d0%9', 1),
(781854, 'ru', 'Калининградская область', '%d0%9a%d0%b0%d0%bb%d0%b8%d0%bd%d0%b8%d0%bd%d0%b3%d1%80%d0%b0', 1),
(781855, 'ru', 'Калужская область', '%d0%9a%d0%b0%d0%bb%d1%83%d0%b6%d1%81%d0%ba%d0%b0%d1%8f-%d0%b', 1),
(781856, 'ru', 'Камчатская область', '%d0%9a%d0%b0%d0%bc%d1%87%d0%b0%d1%82%d1%81%d0%ba%d0%b0%d1%8f', 1),
(781857, 'ru', 'Карачаево-Черкесская Республика', '%d0%9a%d0%b0%d1%80%d0%b0%d1%87%d0%b0%d0%b5%d0%b2%d0%be-%d0%a', 1),
(781858, 'ru', 'Кемеровская область', '%d0%9a%d0%b5%d0%bc%d0%b5%d1%80%d0%be%d0%b2%d1%81%d0%ba%d0%b0', 1),
(781859, 'ru', 'Кировская область', '%d0%9a%d0%b8%d1%80%d0%be%d0%b2%d1%81%d0%ba%d0%b0%d1%8f-%d0%b', 1),
(781860, 'ru', 'Коми-Пермяцкий автономный округ', '%d0%9a%d0%be%d0%bc%d0%b8-%d0%9f%d0%b5%d1%80%d0%bc%d1%8f%d1%8', 1),
(781861, 'ru', 'Корякский автономный округ', '%d0%9a%d0%be%d1%80%d1%8f%d0%ba%d1%81%d0%ba%d0%b8%d0%b9-%d0%b', 1),
(781862, 'ru', 'Костромская область', '%d0%9a%d0%be%d1%81%d1%82%d1%80%d0%be%d0%bc%d1%81%d0%ba%d0%b0', 1),
(781863, 'ru', 'Краснодарский край', '%d0%9a%d1%80%d0%b0%d1%81%d0%bd%d0%be%d0%b4%d0%b0%d1%80%d1%81', 1),
(781864, 'ru', 'Красноярский край', '%d0%9a%d1%80%d0%b0%d1%81%d0%bd%d0%be%d1%8f%d1%80%d1%81%d0%ba', 1),
(781865, 'ru', 'Курганская область', '%d0%9a%d1%83%d1%80%d0%b3%d0%b0%d0%bd%d1%81%d0%ba%d0%b0%d1%8f', 1),
(781866, 'ru', 'Курская область', '%d0%9a%d1%83%d1%80%d1%81%d0%ba%d0%b0%d1%8f-%d0%be%d0%b1%d0%b', 1),
(781867, 'ru', 'Ленинградская область', '%d0%9b%d0%b5%d0%bd%d0%b8%d0%bd%d0%b3%d1%80%d0%b0%d0%b4%d1%81', 1),
(781868, 'ru', 'Липецкая область', '%d0%9b%d0%b8%d0%bf%d0%b5%d1%86%d0%ba%d0%b0%d1%8f-%d0%be%d0%b', 1),
(781869, 'ru', 'Магаданская область', '%d0%9c%d0%b0%d0%b3%d0%b0%d0%b4%d0%b0%d0%bd%d1%81%d0%ba%d0%b0', 1),
(781870, 'ru', 'Москва', '%d0%9c%d0%be%d1%81%d0%ba%d0%b2%d0%b0', 1),
(781871, 'ru', 'Московская область', '%d0%9c%d0%be%d1%81%d0%ba%d0%be%d0%b2%d1%81%d0%ba%d0%b0%d1%8f', 1),
(781872, 'ru', 'Мурманская область', '%d0%9c%d1%83%d1%80%d0%bc%d0%b0%d0%bd%d1%81%d0%ba%d0%b0%d1%8f', 1),
(781873, 'ru', 'Ненецкий автономный округ', '%d0%9d%d0%b5%d0%bd%d0%b5%d1%86%d0%ba%d0%b8%d0%b9-%d0%b0%d0%b', 1),
(781874, 'ru', 'Нижегородская область', '%d0%9d%d0%b8%d0%b6%d0%b5%d0%b3%d0%be%d1%80%d0%be%d0%b4%d1%81', 1),
(781875, 'ru', 'Новгородская область', '%d0%9d%d0%be%d0%b2%d0%b3%d0%be%d1%80%d0%be%d0%b4%d1%81%d0%ba', 1),
(781876, 'ru', 'Новосибирская область', '%d0%9d%d0%be%d0%b2%d0%be%d1%81%d0%b8%d0%b1%d0%b8%d1%80%d1%81', 1),
(781877, 'ru', 'Омская область', '%d0%9e%d0%bc%d1%81%d0%ba%d0%b0%d1%8f-%d0%be%d0%b1%d0%bb%d0%b', 1),
(781878, 'ru', 'Оренбургская область', '%d0%9e%d1%80%d0%b5%d0%bd%d0%b1%d1%83%d1%80%d0%b3%d1%81%d0%ba', 1),
(781879, 'ru', 'Орловская область', '%d0%9e%d1%80%d0%bb%d0%be%d0%b2%d1%81%d0%ba%d0%b0%d1%8f-%d0%b', 1),
(781880, 'ru', 'Пензенская область', '%d0%9f%d0%b5%d0%bd%d0%b7%d0%b5%d0%bd%d1%81%d0%ba%d0%b0%d1%8f', 1),
(781881, 'ru', 'Пермская область', '%d0%9f%d0%b5%d1%80%d0%bc%d1%81%d0%ba%d0%b0%d1%8f-%d0%be%d0%b', 1),
(781882, 'ru', 'Приморский край', '%d0%9f%d1%80%d0%b8%d0%bc%d0%be%d1%80%d1%81%d0%ba%d0%b8%d0%b9', 1),
(781883, 'ru', 'Псковская область', '%d0%9f%d1%81%d0%ba%d0%be%d0%b2%d1%81%d0%ba%d0%b0%d1%8f-%d0%b', 1),
(781884, 'ru', 'Республика Адыгея', '%d0%a0%d0%b5%d1%81%d0%bf%d1%83%d0%b1%d0%bb%d0%b8%d0%ba%d0%b0', 1),
(781885, 'ru', 'Республика Алтай', '%d0%a0%d0%b5%d1%81%d0%bf%d1%83%d0%b1%d0%bb%d0%b8%d0%ba%d0%b0', 1),
(781886, 'ru', 'Республика Башкортостан', '%d0%a0%d0%b5%d1%81%d0%bf%d1%83%d0%b1%d0%bb%d0%b8%d0%ba%d0%b0', 1),
(781887, 'ru', 'Республика Бурятия', '%d0%a0%d0%b5%d1%81%d0%bf%d1%83%d0%b1%d0%bb%d0%b8%d0%ba%d0%b0', 1),
(781888, 'ru', 'Республика Дагестан', '%d0%a0%d0%b5%d1%81%d0%bf%d1%83%d0%b1%d0%bb%d0%b8%d0%ba%d0%b0', 1),
(781889, 'ru', 'Республика Ингушетия', '%d0%a0%d0%b5%d1%81%d0%bf%d1%83%d0%b1%d0%bb%d0%b8%d0%ba%d0%b0', 1),
(781890, 'ru', 'Республика Калмыкия', '%d0%a0%d0%b5%d1%81%d0%bf%d1%83%d0%b1%d0%bb%d0%b8%d0%ba%d0%b0', 1),
(781891, 'ru', 'Республика Карелия', '%d0%a0%d0%b5%d1%81%d0%bf%d1%83%d0%b1%d0%bb%d0%b8%d0%ba%d0%b0', 1),
(781892, 'ru', 'Республика Коми', '%d0%a0%d0%b5%d1%81%d0%bf%d1%83%d0%b1%d0%bb%d0%b8%d0%ba%d0%b0', 1),
(781893, 'ru', 'Республика Марий Эл', '%d0%a0%d0%b5%d1%81%d0%bf%d1%83%d0%b1%d0%bb%d0%b8%d0%ba%d0%b0', 1),
(781894, 'ru', 'Республика Мордовия', '%d0%a0%d0%b5%d1%81%d0%bf%d1%83%d0%b1%d0%bb%d0%b8%d0%ba%d0%b0', 1),
(781895, 'ru', 'Республика Саха (Якутия)', '%d0%a0%d0%b5%d1%81%d0%bf%d1%83%d0%b1%d0%bb%d0%b8%d0%ba%d0%b0', 1),
(781896, 'ru', 'Республика Северная Осетия - Алания', '%d0%a0%d0%b5%d1%81%d0%bf%d1%83%d0%b1%d0%bb%d0%b8%d0%ba%d0%b0', 1),
(781897, 'ru', 'Республика Татарстан', '%d0%a0%d0%b5%d1%81%d0%bf%d1%83%d0%b1%d0%bb%d0%b8%d0%ba%d0%b0', 1),
(781898, 'ru', 'Республика Тыва', '%d0%a0%d0%b5%d1%81%d0%bf%d1%83%d0%b1%d0%bb%d0%b8%d0%ba%d0%b0', 1),
(781899, 'ru', 'Республика Хакасия', '%d0%a0%d0%b5%d1%81%d0%bf%d1%83%d0%b1%d0%bb%d0%b8%d0%ba%d0%b0', 1),
(781900, 'ru', 'Ростовская область', '%d0%a0%d0%be%d1%81%d1%82%d0%be%d0%b2%d1%81%d0%ba%d0%b0%d1%8f', 1),
(781901, 'ru', 'Рязанская область', '%d0%a0%d1%8f%d0%b7%d0%b0%d0%bd%d1%81%d0%ba%d0%b0%d1%8f-%d0%b', 1),
(781902, 'ru', 'Самарская область', '%d0%a1%d0%b0%d0%bc%d0%b0%d1%80%d1%81%d0%ba%d0%b0%d1%8f-%d0%b', 1),
(781903, 'ru', 'Санкт-Петербург', '%d0%a1%d0%b0%d0%bd%d0%ba%d1%82-%d0%9f%d0%b5%d1%82%d0%b5%d1%8', 1),
(781904, 'ru', 'Саратовская область', '%d0%a1%d0%b0%d1%80%d0%b0%d1%82%d0%be%d0%b2%d1%81%d0%ba%d0%b0', 1),
(781905, 'ru', 'Сахалинская область', '%d0%a1%d0%b0%d1%85%d0%b0%d0%bb%d0%b8%d0%bd%d1%81%d0%ba%d0%b0', 1),
(781906, 'ru', 'Свердловская область', '%d0%a1%d0%b2%d0%b5%d1%80%d0%b4%d0%bb%d0%be%d0%b2%d1%81%d0%ba', 1),
(781907, 'ru', 'Смоленская область', '%d0%a1%d0%bc%d0%be%d0%bb%d0%b5%d0%bd%d1%81%d0%ba%d0%b0%d1%8f', 1),
(781908, 'ru', 'Ставропольский край', '%d0%a1%d1%82%d0%b0%d0%b2%d1%80%d0%be%d0%bf%d0%be%d0%bb%d1%8c', 1),
(781909, 'ru', 'Тамбовская область', '%d0%a2%d0%b0%d0%bc%d0%b1%d0%be%d0%b2%d1%81%d0%ba%d0%b0%d1%8f', 1),
(781910, 'ru', 'Тверская область', '%d0%a2%d0%b2%d0%b5%d1%80%d1%81%d0%ba%d0%b0%d1%8f-%d0%be%d0%b', 1),
(781911, 'ru', 'Томская область', '%d0%a2%d0%be%d0%bc%d1%81%d0%ba%d0%b0%d1%8f-%d0%be%d0%b1%d0%b', 1),
(781912, 'ru', 'Тульская область', '%d0%a2%d1%83%d0%bb%d1%8c%d1%81%d0%ba%d0%b0%d1%8f-%d0%be%d0%b', 1),
(781913, 'ru', 'Тюменская область', '%d0%a2%d1%8e%d0%bc%d0%b5%d0%bd%d1%81%d0%ba%d0%b0%d1%8f-%d0%b', 1),
(781914, 'ru', 'Удмуртская Республика', '%d0%a3%d0%b4%d0%bc%d1%83%d1%80%d1%82%d1%81%d0%ba%d0%b0%d1%8f', 1),
(781915, 'ru', 'Ульяновская область', '%d0%a3%d0%bb%d1%8c%d1%8f%d0%bd%d0%be%d0%b2%d1%81%d0%ba%d0%b0', 1),
(781916, 'ru', 'Усть-Ордынский Бурятский а. о.', '%d0%a3%d1%81%d1%82%d1%8c-%d0%9e%d1%80%d0%b4%d1%8b%d0%bd%d1%8', 1),
(781917, 'ru', 'Хабаровский край', '%d0%a5%d0%b0%d0%b1%d0%b0%d1%80%d0%be%d0%b2%d1%81%d0%ba%d0%b8', 1),
(781918, 'ru', 'Ханты-Мансийский автономный округ', '%d0%a5%d0%b0%d0%bd%d1%82%d1%8b-%d0%9c%d0%b0%d0%bd%d1%81%d0%b', 1),
(781919, 'ru', 'Челябинская область', '%d0%a7%d0%b5%d0%bb%d1%8f%d0%b1%d0%b8%d0%bd%d1%81%d0%ba%d0%b0', 1),
(781920, 'ru', 'Чеченская Республика', '%d0%a7%d0%b5%d1%87%d0%b5%d0%bd%d1%81%d0%ba%d0%b0%d1%8f-%d0%a', 1),
(781921, 'ru', 'Читинская область', '%d0%a7%d0%b8%d1%82%d0%b8%d0%bd%d1%81%d0%ba%d0%b0%d1%8f-%d0%b', 1),
(781922, 'ru', 'Чувашская Республика', '%d0%a7%d1%83%d0%b2%d0%b0%d1%88%d1%81%d0%ba%d0%b0%d1%8f-%d0%a', 1),
(781923, 'ru', 'Чукотский автономный округ', '%d0%a7%d1%83%d0%ba%d0%be%d1%82%d1%81%d0%ba%d0%b8%d0%b9-%d0%b', 1),
(781924, 'ru', 'Ямало-Ненецкий автономный округ', '%d0%af%d0%bc%d0%b0%d0%bb%d0%be-%d0%9d%d0%b5%d0%bd%d0%b5%d1%8', 1),
(781925, 'ru', 'Ярославская область', '%d0%af%d1%80%d0%be%d1%81%d0%bb%d0%b0%d0%b2%d1%81%d0%ba%d0%b0', 1);

-- --------------------------------------------------------

--
-- Структура таблицы `oc_t_region_stats`
--

CREATE TABLE `oc_t_region_stats` (
  `fk_i_region_id` int(10) UNSIGNED NOT NULL,
  `i_num_items` int(10) UNSIGNED NOT NULL DEFAULT '0'
) ENGINE=InnoDB DEFAULT CHARSET=utf8;

--
-- Дамп данных таблицы `oc_t_region_stats`
--

INSERT INTO `oc_t_region_stats` (`fk_i_region_id`, `i_num_items`) VALUES
(781839, 0),
(781840, 0),
(781841, 0),
(781842, 0),
(781843, 0),
(781844, 0),
(781845, 0),
(781846, 0),
(781847, 0),
(781848, 0),
(781849, 0),
(781850, 0),
(781851, 0),
(781852, 0),
(781853, 0),
(781854, 0),
(781855, 0),
(781856, 0),
(781857, 0),
(781858, 0),
(781859, 0),
(781860, 0),
(781861, 0),
(781862, 0),
(781863, 0),
(781864, 0),
(781865, 0),
(781866, 0),
(781867, 0),
(781868, 0),
(781869, 0),
(781870, 0),
(781871, 0),
(781872, 0),
(781873, 0),
(781874, 0),
(781875, 0),
(781876, 0),
(781877, 0),
(781878, 0),
(781879, 0),
(781880, 0),
(781881, 0),
(781882, 0),
(781883, 0),
(781884, 0),
(781885, 0),
(781886, 0),
(781887, 0),
(781888, 0),
(781889, 0),
(781890, 0),
(781891, 0),
(781892, 0),
(781893, 0),
(781894, 0),
(781895, 0),
(781896, 0),
(781897, 0),
(781898, 0),
(781899, 0),
(781900, 0),
(781901, 0),
(781902, 0),
(781903, 0),
(781904, 0),
(781905, 0),
(781906, 0),
(781907, 0),
(781908, 0),
(781909, 0),
(781910, 0),
(781911, 0),
(781912, 0),
(781913, 0),
(781914, 0),
(781915, 0),
(781916, 0),
(781917, 0),
(781918, 0),
(781919, 0),
(781920, 0),
(781921, 0),
(781922, 0),
(781923, 0),
(781924, 0),
(781925, 0);

-- --------------------------------------------------------

--
-- Структура таблицы `oc_t_residential_complex`
--

CREATE TABLE `oc_t_residential_complex` (
  `pk_i_id` int(10) UNSIGNED NOT NULL,
  `fk_i_city_id` int(10) UNSIGNED NOT NULL,
  `s_name` varchar(100) NOT NULL
) ENGINE=InnoDB DEFAULT CHARSET=utf8;

--
-- Дамп данных таблицы `oc_t_residential_complex`
--

INSERT INTO `oc_t_residential_complex` (`pk_i_id`, `fk_i_city_id`, `s_name`) VALUES
(3, 409054, 'Молодежный'),
(4, 409053, 'Дивный'),
(5, 409054, 'Северный');

-- --------------------------------------------------------

--
-- Структура таблицы `oc_t_user`
--

CREATE TABLE `oc_t_user` (
  `pk_i_id` int(10) UNSIGNED NOT NULL,
  `dt_reg_date` datetime NOT NULL,
  `dt_mod_date` datetime DEFAULT NULL,
  `s_name` varchar(100) NOT NULL,
  `s_username` varchar(100) NOT NULL,
  `s_password` char(60) NOT NULL,
  `s_secret` varchar(40) DEFAULT NULL,
  `s_email` varchar(100) NOT NULL,
  `s_website` varchar(100) DEFAULT NULL,
  `s_phone_land` varchar(45) DEFAULT NULL,
  `s_phone_mobile` varchar(45) DEFAULT NULL,
  `b_enabled` tinyint(1) NOT NULL DEFAULT '1',
  `b_active` tinyint(1) NOT NULL DEFAULT '0',
  `s_pass_code` varchar(100) DEFAULT NULL,
  `s_pass_date` datetime DEFAULT NULL,
  `s_pass_ip` varchar(15) DEFAULT NULL,
  `fk_c_country_code` char(2) DEFAULT NULL,
  `s_country` varchar(40) DEFAULT NULL,
  `s_address` varchar(100) DEFAULT NULL,
  `s_zip` varchar(15) DEFAULT NULL,
  `fk_i_region_id` int(10) UNSIGNED DEFAULT NULL,
  `s_region` varchar(100) DEFAULT NULL,
  `fk_i_city_id` int(10) UNSIGNED DEFAULT NULL,
  `s_city` varchar(100) DEFAULT NULL,
  `fk_i_city_area_id` int(10) UNSIGNED DEFAULT NULL,
  `s_city_area` varchar(200) DEFAULT NULL,
  `d_coord_lat` decimal(10,6) DEFAULT NULL,
  `d_coord_long` decimal(10,6) DEFAULT NULL,
  `b_company` tinyint(1) NOT NULL DEFAULT '0',
  `i_items` int(10) UNSIGNED DEFAULT '0',
  `i_comments` int(10) UNSIGNED DEFAULT '0',
  `dt_access_date` datetime NOT NULL DEFAULT '0000-00-00 00:00:00',
  `s_access_ip` varchar(15) NOT NULL DEFAULT ''
) ENGINE=InnoDB DEFAULT CHARSET=utf8;

-- --------------------------------------------------------

--
-- Структура таблицы `oc_t_user_description`
--

CREATE TABLE `oc_t_user_description` (
  `fk_i_user_id` int(10) UNSIGNED NOT NULL,
  `fk_c_locale_code` char(5) NOT NULL,
  `s_info` text
) ENGINE=InnoDB DEFAULT CHARSET=utf8;

-- --------------------------------------------------------

--
-- Структура таблицы `oc_t_user_email_tmp`
--

CREATE TABLE `oc_t_user_email_tmp` (
  `fk_i_user_id` int(10) UNSIGNED NOT NULL,
  `s_new_email` varchar(100) NOT NULL,
  `dt_date` datetime NOT NULL
) ENGINE=InnoDB DEFAULT CHARSET=utf8;

-- --------------------------------------------------------

--
-- Структура таблицы `oc_t_user_photo`
--

CREATE TABLE `oc_t_user_photo` (
  `id` int(10) UNSIGNED NOT NULL,
  `user_name` varchar(255) DEFAULT NULL,
  `pic_ext` varchar(255) DEFAULT NULL
) ENGINE=InnoDB DEFAULT CHARSET=utf8;

--
-- Дамп данных таблицы `oc_t_user_photo`
--

INSERT INTO `oc_t_user_photo` (`id`, `user_name`, `pic_ext`) VALUES
(1, 'Хижняк Максим Сергеевич', 'logo.jpg'),
(2, 'Сираева Гульнара Исмагиловна', 'logo.jpg'),
(3, 'Грехов Олег Юрьевич', 'logo.jpg'),
(4, 'Мокренко Елена Сергеевна', 'logo.jpg'),
(5, 'Хижняк Максим Сергеевич11111111111', 'logo.jpg'),
(6, 'Хижняк Максим Сергеевич221', 'logo.jpg'),
(7, 'Хижняк Максим Сергеевич ttt', 'logo.jpg');

-- --------------------------------------------------------

--
-- Структура таблицы `oc_t_user_sm_links`
--

CREATE TABLE `oc_t_user_sm_links` (
  `pk_i_id` int(10) UNSIGNED NOT NULL,
  `s_fb_link` varchar(40) DEFAULT NULL,
  `s_tw_link` varchar(40) DEFAULT NULL,
  `s_lk_link` varchar(40) DEFAULT NULL,
  `s_gl_link` varchar(40) DEFAULT NULL
) ENGINE=InnoDB DEFAULT CHARSET=utf8;

-- --------------------------------------------------------

--
-- Структура таблицы `oc_t_widget`
--

CREATE TABLE `oc_t_widget` (
  `pk_i_id` int(10) UNSIGNED NOT NULL,
  `s_description` varchar(40) NOT NULL,
  `s_location` varchar(40) NOT NULL,
  `e_kind` enum('TEXT','HTML') NOT NULL,
  `s_content` mediumtext NOT NULL
) ENGINE=InnoDB DEFAULT CHARSET=utf8;

--
-- Дамп данных таблицы `oc_t_widget`
--

INSERT INTO `oc_t_widget` (`pk_i_id`, `s_description`, `s_location`, `e_kind`, `s_content`) VALUES
(1, 'рекламный блок на главной внизу', 'header', 'HTML', '<div class=\"main-rec-bottom__left\"><span class=\"caption main-rec-bottom__caption\">франшиза агентства недвижимости</span> всего за 200 000 руб.</div>\r\n<div class=\"main-rec-bottom__right\"><a class=\"button main-rec-bottom__link button_wborder\" href=\"#\" target=\"_blank\">подробнее</a></div>'),
(3, 'баннер справа', 'header', 'HTML', '<p>БАННЕР</p>');

--
-- Индексы сохранённых таблиц
--

--
-- Индексы таблицы `oc_t_admin`
--
ALTER TABLE `oc_t_admin`
  ADD PRIMARY KEY (`pk_i_id`),
  ADD UNIQUE KEY `s_username` (`s_username`),
  ADD UNIQUE KEY `s_email` (`s_email`);

--
-- Индексы таблицы `oc_t_alerts`
--
ALTER TABLE `oc_t_alerts`
  ADD PRIMARY KEY (`pk_i_id`);

--
-- Индексы таблицы `oc_t_alerts_sent`
--
ALTER TABLE `oc_t_alerts_sent`
  ADD PRIMARY KEY (`d_date`);

--
-- Индексы таблицы `oc_t_ban_rule`
--
ALTER TABLE `oc_t_ban_rule`
  ADD PRIMARY KEY (`pk_i_id`);

--
-- Индексы таблицы `oc_t_category`
--
ALTER TABLE `oc_t_category`
  ADD PRIMARY KEY (`pk_i_id`),
  ADD KEY `fk_i_parent_id` (`fk_i_parent_id`),
  ADD KEY `i_position` (`i_position`);

--
-- Индексы таблицы `oc_t_category_description`
--
ALTER TABLE `oc_t_category_description`
  ADD PRIMARY KEY (`fk_i_category_id`,`fk_c_locale_code`),
  ADD KEY `idx_s_slug` (`s_slug`),
  ADD KEY `fk_c_locale_code` (`fk_c_locale_code`);

--
-- Индексы таблицы `oc_t_category_stats`
--
ALTER TABLE `oc_t_category_stats`
  ADD PRIMARY KEY (`fk_i_category_id`);

--
-- Индексы таблицы `oc_t_city`
--
ALTER TABLE `oc_t_city`
  ADD PRIMARY KEY (`pk_i_id`),
  ADD KEY `fk_i_region_id` (`fk_i_region_id`),
  ADD KEY `idx_s_name` (`s_name`),
  ADD KEY `idx_s_slug` (`s_slug`),
  ADD KEY `fk_c_country_code` (`fk_c_country_code`);

--
-- Индексы таблицы `oc_t_city_area`
--
ALTER TABLE `oc_t_city_area`
  ADD PRIMARY KEY (`pk_i_id`),
  ADD KEY `fk_i_city_id` (`fk_i_city_id`),
  ADD KEY `idx_s_name` (`s_name`);

--
-- Индексы таблицы `oc_t_city_stats`
--
ALTER TABLE `oc_t_city_stats`
  ADD PRIMARY KEY (`fk_i_city_id`),
  ADD KEY `idx_num_items` (`i_num_items`);

--
-- Индексы таблицы `oc_t_country`
--
ALTER TABLE `oc_t_country`
  ADD PRIMARY KEY (`pk_c_code`),
  ADD KEY `idx_s_slug` (`s_slug`),
  ADD KEY `idx_s_name` (`s_name`);

--
-- Индексы таблицы `oc_t_country_stats`
--
ALTER TABLE `oc_t_country_stats`
  ADD PRIMARY KEY (`fk_c_country_code`),
  ADD KEY `idx_num_items` (`i_num_items`);

--
-- Индексы таблицы `oc_t_currency`
--
ALTER TABLE `oc_t_currency`
  ADD PRIMARY KEY (`pk_c_code`),
  ADD UNIQUE KEY `s_name` (`s_name`);

--
-- Индексы таблицы `oc_t_districts`
--
ALTER TABLE `oc_t_districts`
  ADD PRIMARY KEY (`pk_i_id`);

--
-- Индексы таблицы `oc_t_item`
--
ALTER TABLE `oc_t_item`
  ADD PRIMARY KEY (`pk_i_id`),
  ADD KEY `fk_i_user_id` (`fk_i_user_id`),
  ADD KEY `idx_b_premium` (`b_premium`),
  ADD KEY `idx_s_contact_email` (`s_contact_email`(10)),
  ADD KEY `fk_i_category_id` (`fk_i_category_id`),
  ADD KEY `fk_c_currency_code` (`fk_c_currency_code`),
  ADD KEY `idx_pub_date` (`dt_pub_date`),
  ADD KEY `idx_price` (`i_price`);

--
-- Индексы таблицы `oc_t_item_comment`
--
ALTER TABLE `oc_t_item_comment`
  ADD PRIMARY KEY (`pk_i_id`),
  ADD KEY `fk_i_item_id` (`fk_i_item_id`),
  ADD KEY `fk_i_user_id` (`fk_i_user_id`);

--
-- Индексы таблицы `oc_t_item_description`
--
ALTER TABLE `oc_t_item_description`
  ADD PRIMARY KEY (`fk_i_item_id`,`fk_c_locale_code`);
ALTER TABLE `oc_t_item_description` ADD FULLTEXT KEY `s_description` (`s_description`,`s_title`);

--
-- Индексы таблицы `oc_t_item_location`
--
ALTER TABLE `oc_t_item_location`
  ADD PRIMARY KEY (`fk_i_item_id`),
  ADD KEY `fk_c_country_code` (`fk_c_country_code`),
  ADD KEY `fk_i_region_id` (`fk_i_region_id`),
  ADD KEY `fk_i_city_id` (`fk_i_city_id`),
  ADD KEY `fk_i_city_area_id` (`fk_i_city_area_id`);

--
-- Индексы таблицы `oc_t_item_meta`
--
ALTER TABLE `oc_t_item_meta`
  ADD PRIMARY KEY (`fk_i_item_id`,`fk_i_field_id`,`s_multi`),
  ADD KEY `s_value` (`s_value`(255)),
  ADD KEY `fk_i_field_id` (`fk_i_field_id`);

--
-- Индексы таблицы `oc_t_item_resource`
--
ALTER TABLE `oc_t_item_resource`
  ADD PRIMARY KEY (`pk_i_id`),
  ADD KEY `fk_i_item_id` (`fk_i_item_id`),
  ADD KEY `idx_s_content_type` (`pk_i_id`,`s_content_type`(10));

--
-- Индексы таблицы `oc_t_item_stats`
--
ALTER TABLE `oc_t_item_stats`
  ADD PRIMARY KEY (`fk_i_item_id`,`dt_date`),
  ADD KEY `dt_date_fk_i_item_id` (`dt_date`,`fk_i_item_id`);

--
-- Индексы таблицы `oc_t_item_telephone`
--
ALTER TABLE `oc_t_item_telephone`
  ADD PRIMARY KEY (`fk_i_item_id`);

--
-- Индексы таблицы `oc_t_keywords`
--
ALTER TABLE `oc_t_keywords`
  ADD PRIMARY KEY (`s_md5`,`fk_c_locale_code`),
  ADD KEY `fk_i_category_id` (`fk_i_category_id`),
  ADD KEY `fk_i_city_id` (`fk_i_city_id`),
  ADD KEY `fk_c_locale_code` (`fk_c_locale_code`);

--
-- Индексы таблицы `oc_t_locale`
--
ALTER TABLE `oc_t_locale`
  ADD PRIMARY KEY (`pk_c_code`),
  ADD UNIQUE KEY `s_short_name` (`s_short_name`);

--
-- Индексы таблицы `oc_t_locations_tmp`
--
ALTER TABLE `oc_t_locations_tmp`
  ADD PRIMARY KEY (`id_location`,`e_type`);

--
-- Индексы таблицы `oc_t_meta_categories`
--
ALTER TABLE `oc_t_meta_categories`
  ADD PRIMARY KEY (`fk_i_category_id`,`fk_i_field_id`),
  ADD KEY `fk_i_field_id` (`fk_i_field_id`);

--
-- Индексы таблицы `oc_t_meta_fields`
--
ALTER TABLE `oc_t_meta_fields`
  ADD PRIMARY KEY (`pk_i_id`);

--
-- Индексы таблицы `oc_t_pages`
--
ALTER TABLE `oc_t_pages`
  ADD PRIMARY KEY (`pk_i_id`);

--
-- Индексы таблицы `oc_t_pages_description`
--
ALTER TABLE `oc_t_pages_description`
  ADD PRIMARY KEY (`fk_i_pages_id`,`fk_c_locale_code`),
  ADD KEY `fk_c_locale_code` (`fk_c_locale_code`);

--
-- Индексы таблицы `oc_t_plugin_category`
--
ALTER TABLE `oc_t_plugin_category`
  ADD KEY `fk_i_category_id` (`fk_i_category_id`);

--
-- Индексы таблицы `oc_t_preference`
--
ALTER TABLE `oc_t_preference`
  ADD UNIQUE KEY `s_section` (`s_section`,`s_name`);

--
-- Индексы таблицы `oc_t_region`
--
ALTER TABLE `oc_t_region`
  ADD PRIMARY KEY (`pk_i_id`),
  ADD KEY `fk_c_country_code` (`fk_c_country_code`),
  ADD KEY `idx_s_name` (`s_name`),
  ADD KEY `idx_s_slug` (`s_slug`);

--
-- Индексы таблицы `oc_t_region_stats`
--
ALTER TABLE `oc_t_region_stats`
  ADD PRIMARY KEY (`fk_i_region_id`),
  ADD KEY `idx_num_items` (`i_num_items`);

--
-- Индексы таблицы `oc_t_residential_complex`
--
ALTER TABLE `oc_t_residential_complex`
  ADD PRIMARY KEY (`pk_i_id`);

--
-- Индексы таблицы `oc_t_user`
--
ALTER TABLE `oc_t_user`
  ADD PRIMARY KEY (`pk_i_id`),
  ADD UNIQUE KEY `s_email` (`s_email`),
  ADD KEY `idx_s_name` (`s_name`(6)),
  ADD KEY `idx_s_username` (`s_username`),
  ADD KEY `fk_c_country_code` (`fk_c_country_code`),
  ADD KEY `fk_i_region_id` (`fk_i_region_id`),
  ADD KEY `fk_i_city_id` (`fk_i_city_id`),
  ADD KEY `fk_i_city_area_id` (`fk_i_city_area_id`);

--
-- Индексы таблицы `oc_t_user_description`
--
ALTER TABLE `oc_t_user_description`
  ADD PRIMARY KEY (`fk_i_user_id`,`fk_c_locale_code`),
  ADD KEY `fk_c_locale_code` (`fk_c_locale_code`);

--
-- Индексы таблицы `oc_t_user_email_tmp`
--
ALTER TABLE `oc_t_user_email_tmp`
  ADD PRIMARY KEY (`fk_i_user_id`);

--
-- Индексы таблицы `oc_t_user_photo`
--
ALTER TABLE `oc_t_user_photo`
  ADD PRIMARY KEY (`id`);

--
-- Индексы таблицы `oc_t_user_sm_links`
--
ALTER TABLE `oc_t_user_sm_links`
  ADD PRIMARY KEY (`pk_i_id`);

--
-- Индексы таблицы `oc_t_widget`
--
ALTER TABLE `oc_t_widget`
  ADD PRIMARY KEY (`pk_i_id`);

--
-- AUTO_INCREMENT для сохранённых таблиц
--

--
-- AUTO_INCREMENT для таблицы `oc_t_admin`
--
ALTER TABLE `oc_t_admin`
  MODIFY `pk_i_id` int(10) UNSIGNED NOT NULL AUTO_INCREMENT, AUTO_INCREMENT=2;

--
-- AUTO_INCREMENT для таблицы `oc_t_alerts`
--
ALTER TABLE `oc_t_alerts`
  MODIFY `pk_i_id` int(10) UNSIGNED NOT NULL AUTO_INCREMENT;

--
-- AUTO_INCREMENT для таблицы `oc_t_ban_rule`
--
ALTER TABLE `oc_t_ban_rule`
  MODIFY `pk_i_id` int(10) UNSIGNED NOT NULL AUTO_INCREMENT;

--
-- AUTO_INCREMENT для таблицы `oc_t_category`
--
ALTER TABLE `oc_t_category`
  MODIFY `pk_i_id` int(10) UNSIGNED NOT NULL AUTO_INCREMENT, AUTO_INCREMENT=121;

--
-- AUTO_INCREMENT для таблицы `oc_t_city`
--
ALTER TABLE `oc_t_city`
  MODIFY `pk_i_id` int(10) UNSIGNED NOT NULL AUTO_INCREMENT, AUTO_INCREMENT=409198;

--
-- AUTO_INCREMENT для таблицы `oc_t_districts`
--
ALTER TABLE `oc_t_districts`
  MODIFY `pk_i_id` int(10) UNSIGNED NOT NULL AUTO_INCREMENT, AUTO_INCREMENT=10;

--
-- AUTO_INCREMENT для таблицы `oc_t_item`
--
ALTER TABLE `oc_t_item`
  MODIFY `pk_i_id` int(10) UNSIGNED NOT NULL AUTO_INCREMENT, AUTO_INCREMENT=162;

--
-- AUTO_INCREMENT для таблицы `oc_t_item_comment`
--
ALTER TABLE `oc_t_item_comment`
  MODIFY `pk_i_id` int(10) UNSIGNED NOT NULL AUTO_INCREMENT;

--
-- AUTO_INCREMENT для таблицы `oc_t_item_resource`
--
ALTER TABLE `oc_t_item_resource`
  MODIFY `pk_i_id` int(10) UNSIGNED NOT NULL AUTO_INCREMENT, AUTO_INCREMENT=45;

--
-- AUTO_INCREMENT для таблицы `oc_t_meta_fields`
--
ALTER TABLE `oc_t_meta_fields`
  MODIFY `pk_i_id` int(10) UNSIGNED NOT NULL AUTO_INCREMENT;

--
-- AUTO_INCREMENT для таблицы `oc_t_pages`
--
ALTER TABLE `oc_t_pages`
  MODIFY `pk_i_id` int(10) UNSIGNED NOT NULL AUTO_INCREMENT, AUTO_INCREMENT=31;

--
-- AUTO_INCREMENT для таблицы `oc_t_region`
--
ALTER TABLE `oc_t_region`
  MODIFY `pk_i_id` int(10) UNSIGNED NOT NULL AUTO_INCREMENT, AUTO_INCREMENT=781926;

--
-- AUTO_INCREMENT для таблицы `oc_t_residential_complex`
--
ALTER TABLE `oc_t_residential_complex`
  MODIFY `pk_i_id` int(10) UNSIGNED NOT NULL AUTO_INCREMENT, AUTO_INCREMENT=6;

--
-- AUTO_INCREMENT для таблицы `oc_t_user`
--
ALTER TABLE `oc_t_user`
  MODIFY `pk_i_id` int(10) UNSIGNED NOT NULL AUTO_INCREMENT;

--
-- AUTO_INCREMENT для таблицы `oc_t_user_photo`
--
ALTER TABLE `oc_t_user_photo`
  MODIFY `id` int(10) UNSIGNED NOT NULL AUTO_INCREMENT, AUTO_INCREMENT=8;

--
-- AUTO_INCREMENT для таблицы `oc_t_widget`
--
ALTER TABLE `oc_t_widget`
  MODIFY `pk_i_id` int(10) UNSIGNED NOT NULL AUTO_INCREMENT, AUTO_INCREMENT=4;

--
-- Ограничения внешнего ключа сохраненных таблиц
--

--
-- Ограничения внешнего ключа таблицы `oc_t_category`
--
ALTER TABLE `oc_t_category`
  ADD CONSTRAINT `oc_t_category_ibfk_1` FOREIGN KEY (`fk_i_parent_id`) REFERENCES `oc_t_category` (`pk_i_id`);

--
-- Ограничения внешнего ключа таблицы `oc_t_category_description`
--
ALTER TABLE `oc_t_category_description`
  ADD CONSTRAINT `oc_t_category_description_ibfk_1` FOREIGN KEY (`fk_i_category_id`) REFERENCES `oc_t_category` (`pk_i_id`),
  ADD CONSTRAINT `oc_t_category_description_ibfk_2` FOREIGN KEY (`fk_c_locale_code`) REFERENCES `oc_t_locale` (`pk_c_code`);

--
-- Ограничения внешнего ключа таблицы `oc_t_category_stats`
--
ALTER TABLE `oc_t_category_stats`
  ADD CONSTRAINT `oc_t_category_stats_ibfk_1` FOREIGN KEY (`fk_i_category_id`) REFERENCES `oc_t_category` (`pk_i_id`);

--
-- Ограничения внешнего ключа таблицы `oc_t_city`
--
ALTER TABLE `oc_t_city`
  ADD CONSTRAINT `oc_t_city_ibfk_1` FOREIGN KEY (`fk_i_region_id`) REFERENCES `oc_t_region` (`pk_i_id`),
  ADD CONSTRAINT `oc_t_city_ibfk_2` FOREIGN KEY (`fk_c_country_code`) REFERENCES `oc_t_country` (`pk_c_code`);

--
-- Ограничения внешнего ключа таблицы `oc_t_city_area`
--
ALTER TABLE `oc_t_city_area`
  ADD CONSTRAINT `oc_t_city_area_ibfk_1` FOREIGN KEY (`fk_i_city_id`) REFERENCES `oc_t_city` (`pk_i_id`);

--
-- Ограничения внешнего ключа таблицы `oc_t_city_stats`
--
ALTER TABLE `oc_t_city_stats`
  ADD CONSTRAINT `oc_t_city_stats_ibfk_1` FOREIGN KEY (`fk_i_city_id`) REFERENCES `oc_t_city` (`pk_i_id`);

--
-- Ограничения внешнего ключа таблицы `oc_t_country_stats`
--
ALTER TABLE `oc_t_country_stats`
  ADD CONSTRAINT `oc_t_country_stats_ibfk_1` FOREIGN KEY (`fk_c_country_code`) REFERENCES `oc_t_country` (`pk_c_code`);

--
-- Ограничения внешнего ключа таблицы `oc_t_item`
--
ALTER TABLE `oc_t_item`
  ADD CONSTRAINT `oc_t_item_ibfk_1` FOREIGN KEY (`fk_i_user_id`) REFERENCES `oc_t_user` (`pk_i_id`),
  ADD CONSTRAINT `oc_t_item_ibfk_2` FOREIGN KEY (`fk_i_category_id`) REFERENCES `oc_t_category` (`pk_i_id`),
  ADD CONSTRAINT `oc_t_item_ibfk_3` FOREIGN KEY (`fk_c_currency_code`) REFERENCES `oc_t_currency` (`pk_c_code`);

--
-- Ограничения внешнего ключа таблицы `oc_t_item_comment`
--
ALTER TABLE `oc_t_item_comment`
  ADD CONSTRAINT `oc_t_item_comment_ibfk_1` FOREIGN KEY (`fk_i_item_id`) REFERENCES `oc_t_item` (`pk_i_id`),
  ADD CONSTRAINT `oc_t_item_comment_ibfk_2` FOREIGN KEY (`fk_i_user_id`) REFERENCES `oc_t_user` (`pk_i_id`);

--
-- Ограничения внешнего ключа таблицы `oc_t_item_location`
--
ALTER TABLE `oc_t_item_location`
  ADD CONSTRAINT `oc_t_item_location_ibfk_1` FOREIGN KEY (`fk_i_item_id`) REFERENCES `oc_t_item` (`pk_i_id`),
  ADD CONSTRAINT `oc_t_item_location_ibfk_2` FOREIGN KEY (`fk_c_country_code`) REFERENCES `oc_t_country` (`pk_c_code`),
  ADD CONSTRAINT `oc_t_item_location_ibfk_3` FOREIGN KEY (`fk_i_region_id`) REFERENCES `oc_t_region` (`pk_i_id`),
  ADD CONSTRAINT `oc_t_item_location_ibfk_4` FOREIGN KEY (`fk_i_city_id`) REFERENCES `oc_t_city` (`pk_i_id`),
  ADD CONSTRAINT `oc_t_item_location_ibfk_5` FOREIGN KEY (`fk_i_city_area_id`) REFERENCES `oc_t_city_area` (`pk_i_id`);

--
-- Ограничения внешнего ключа таблицы `oc_t_item_meta`
--
ALTER TABLE `oc_t_item_meta`
  ADD CONSTRAINT `oc_t_item_meta_ibfk_1` FOREIGN KEY (`fk_i_item_id`) REFERENCES `oc_t_item` (`pk_i_id`),
  ADD CONSTRAINT `oc_t_item_meta_ibfk_2` FOREIGN KEY (`fk_i_field_id`) REFERENCES `oc_t_meta_fields` (`pk_i_id`);

--
-- Ограничения внешнего ключа таблицы `oc_t_item_resource`
--
ALTER TABLE `oc_t_item_resource`
  ADD CONSTRAINT `oc_t_item_resource_ibfk_1` FOREIGN KEY (`fk_i_item_id`) REFERENCES `oc_t_item` (`pk_i_id`);

--
-- Ограничения внешнего ключа таблицы `oc_t_item_stats`
--
ALTER TABLE `oc_t_item_stats`
  ADD CONSTRAINT `oc_t_item_stats_ibfk_1` FOREIGN KEY (`fk_i_item_id`) REFERENCES `oc_t_item` (`pk_i_id`);

--
-- Ограничения внешнего ключа таблицы `oc_t_item_telephone`
--
ALTER TABLE `oc_t_item_telephone`
  ADD CONSTRAINT `oc_t_item_telephone_ibfk_1` FOREIGN KEY (`fk_i_item_id`) REFERENCES `oc_t_item` (`pk_i_id`);

--
-- Ограничения внешнего ключа таблицы `oc_t_keywords`
--
ALTER TABLE `oc_t_keywords`
  ADD CONSTRAINT `oc_t_keywords_ibfk_1` FOREIGN KEY (`fk_i_category_id`) REFERENCES `oc_t_category` (`pk_i_id`),
  ADD CONSTRAINT `oc_t_keywords_ibfk_2` FOREIGN KEY (`fk_i_city_id`) REFERENCES `oc_t_city` (`pk_i_id`),
  ADD CONSTRAINT `oc_t_keywords_ibfk_3` FOREIGN KEY (`fk_c_locale_code`) REFERENCES `oc_t_locale` (`pk_c_code`);

--
-- Ограничения внешнего ключа таблицы `oc_t_meta_categories`
--
ALTER TABLE `oc_t_meta_categories`
  ADD CONSTRAINT `oc_t_meta_categories_ibfk_1` FOREIGN KEY (`fk_i_category_id`) REFERENCES `oc_t_category` (`pk_i_id`),
  ADD CONSTRAINT `oc_t_meta_categories_ibfk_2` FOREIGN KEY (`fk_i_field_id`) REFERENCES `oc_t_meta_fields` (`pk_i_id`);

--
-- Ограничения внешнего ключа таблицы `oc_t_pages_description`
--
ALTER TABLE `oc_t_pages_description`
  ADD CONSTRAINT `oc_t_pages_description_ibfk_1` FOREIGN KEY (`fk_i_pages_id`) REFERENCES `oc_t_pages` (`pk_i_id`),
  ADD CONSTRAINT `oc_t_pages_description_ibfk_2` FOREIGN KEY (`fk_c_locale_code`) REFERENCES `oc_t_locale` (`pk_c_code`);

--
-- Ограничения внешнего ключа таблицы `oc_t_plugin_category`
--
ALTER TABLE `oc_t_plugin_category`
  ADD CONSTRAINT `oc_t_plugin_category_ibfk_1` FOREIGN KEY (`fk_i_category_id`) REFERENCES `oc_t_category` (`pk_i_id`);

--
-- Ограничения внешнего ключа таблицы `oc_t_region`
--
ALTER TABLE `oc_t_region`
  ADD CONSTRAINT `oc_t_region_ibfk_1` FOREIGN KEY (`fk_c_country_code`) REFERENCES `oc_t_country` (`pk_c_code`);

--
-- Ограничения внешнего ключа таблицы `oc_t_region_stats`
--
ALTER TABLE `oc_t_region_stats`
  ADD CONSTRAINT `oc_t_region_stats_ibfk_1` FOREIGN KEY (`fk_i_region_id`) REFERENCES `oc_t_region` (`pk_i_id`);

--
-- Ограничения внешнего ключа таблицы `oc_t_user`
--
ALTER TABLE `oc_t_user`
  ADD CONSTRAINT `oc_t_user_ibfk_1` FOREIGN KEY (`fk_c_country_code`) REFERENCES `oc_t_country` (`pk_c_code`),
  ADD CONSTRAINT `oc_t_user_ibfk_2` FOREIGN KEY (`fk_i_region_id`) REFERENCES `oc_t_region` (`pk_i_id`),
  ADD CONSTRAINT `oc_t_user_ibfk_3` FOREIGN KEY (`fk_i_city_id`) REFERENCES `oc_t_city` (`pk_i_id`),
  ADD CONSTRAINT `oc_t_user_ibfk_4` FOREIGN KEY (`fk_i_city_area_id`) REFERENCES `oc_t_city_area` (`pk_i_id`);

--
-- Ограничения внешнего ключа таблицы `oc_t_user_description`
--
ALTER TABLE `oc_t_user_description`
  ADD CONSTRAINT `oc_t_user_description_ibfk_1` FOREIGN KEY (`fk_i_user_id`) REFERENCES `oc_t_user` (`pk_i_id`),
  ADD CONSTRAINT `oc_t_user_description_ibfk_2` FOREIGN KEY (`fk_c_locale_code`) REFERENCES `oc_t_locale` (`pk_c_code`);

--
-- Ограничения внешнего ключа таблицы `oc_t_user_email_tmp`
--
ALTER TABLE `oc_t_user_email_tmp`
  ADD CONSTRAINT `oc_t_user_email_tmp_ibfk_1` FOREIGN KEY (`fk_i_user_id`) REFERENCES `oc_t_user` (`pk_i_id`);

--
-- Ограничения внешнего ключа таблицы `oc_t_user_sm_links`
--
ALTER TABLE `oc_t_user_sm_links`
  ADD CONSTRAINT `oc_t_user_sm_links_ibfk_1` FOREIGN KEY (`pk_i_id`) REFERENCES `oc_t_user` (`pk_i_id`);
COMMIT;

/*!40101 SET CHARACTER_SET_CLIENT=@OLD_CHARACTER_SET_CLIENT */;
/*!40101 SET CHARACTER_SET_RESULTS=@OLD_CHARACTER_SET_RESULTS */;
/*!40101 SET COLLATION_CONNECTION=@OLD_COLLATION_CONNECTION */;
